Move,Use_Percentage,Pokemon,Unique
Behemoth Blade,100.00%,Zacian Crowned Sword,1
Protect,98.67%,Zacian Crowned Sword,0
Protect,67.61%,Kyogre,0
Protect,72.10%,Regieleki,0
Protect,47.38%,Rillaboom,0
Protect,42.59%,Groudon,0
Protect,71.43%,Calyrex Shadow Rider,0
Protect,18.17%,Thundurus Incarnate Forme,0
Protect,38.40%,Landorus Therian Forme,0
Protect,96.36%,Gastrodon,0
Protect,83.02%,Charizard,0
Protect,87.55%,Amoonguss,0
Protect,86.72%,Indeedee Female,0
Protect,22.51%,Whimsicott,0
Protect,51.47%,Yveltal,0
Protect,50.25%,Calyrex Ice Rider,0
Protect,41.04%,Palkia,0
Protect,72.22%,Tornadus Incarnate Forme,0
Protect,50.90%,Zapdos,0
Protect,6.68%,Blastoise,0
Protect,21.67%,Venusaur,0
Protect,81.65%,Ferrothorn,0
Protect,34.12%,Urshifu Single Strike Style,0
Protect,98.79%,Xerneas,0
Protect,12.82%,Dialga,0
Protect,16.05%,Shedinja,0
Protect,63.22%,Solgaleo,0
Protect,80.65%,Torkoal,0
Protect,63.42%,Kingdra,0
Protect,99.91%,Weezing,0
Protect,13.98%,Entei,0
Protect,58.96%,Lunala,0
Protect,67.54%,White Kyurem,0
Protect,66.13%,Tapu Fini,0
Protect,41.90%,Urshifu Rapid Strike Style,0
Protect,8.37%,Mimikyu,0
Protect,10.11%,Gothitelle,0
Protect,19.66%,Seismitoad,0
Protect,80.61%,Ho-oh,0
Protect,38.36%,Heat Rotom,0
Protect,52.18%,Eternatus,0
Protect,33.16%,Regigigas,0
Protect,7.23%,Cinderace,0
Protect,28.78%,Togekiss,0
Protect,95.08%,Coalossal,0
Protect,15.46%,Dragapult,0
Protect,40.43%,Comfey,0
Protect,75.60%,Lapras,0
Protect,51.97%,Rayquaza,0
Protect,11.11%,Spectrier,0
Protect,50.58%,Reshiram,0
Protect,92.21%,Zygarde Complete Forme,0
Protect,98.71%,Mamoswine,0
Protect,16.71%,Barraskewda,0
Protect,56.26%,Celesteela,0
Protect,31.41%,Metagross,0
Protect,63.69%,Araquanid,0
Protect,34.15%,Pheromosa,0
Protect,29.62%,Arcanine,0
Protect,24.52%,Zamazenta Crowned Shield,0
Protect,87.37%,Clefairy,0
Protect,28.43%,Lugia,0
Protect,12.80%,Suicune,0
Protect,39.26%,Landorus Incarnate Forme,0
Protect,17.62%,Dusk Mane Necrozma,0
Protect,28.23%,Alcremie,0
Protect,54.95%,Tapu Koko,0
Protect,10.08%,Hydreigon,0
Protect,5.45%,Weavile,0
Protect,15.99%,Tsareena,0
Protect,72.37%,Glastrier,0
Protect,45.75%,Dracovish,0
Protect,26.55%,Regidrago,0
Protect,89.11%,Zekrom,0
Protect,55.98%,Shuckle,0
Protect,13.49%,Galarian Zapdos,0
Protect,53.14%,Volcarona,0
Protect,16.24%,Snorlax,0
Protect,20.10%,Stakataka,0
Protect,61.68%,Thundurus Therian Forme,0
Protect,64.15%,Galarian Moltres,0
Protect,10.56%,Talonflame,0
Protect,28.81%,Milotic,0
Protect,14.22%,Mewtwo,0
Protect,23.57%,Klinklang,0
Protect,49.93%,Inteleon,0
Protect,85.44%,Salamence,0
Protect,16.23%,Hatterene,0
Protect,61.31%,Escavalier,0
Protect,25.39%,Wash Rotom,0
Protect,91.50%,Politoed,0
Protect,54.37%,Ludicolo,0
Protect,13.69%,Slowking,0
Protect,86.11%,Azumarill,0
Protect,21.06%,Galarian Articuno,0
Protect,70.13%,Tyranitar,0
Protect,39.69%,Pikachu,0
Protect,34.66%,Alolan Ninetales,0
Protect,61.60%,Alolan Marowak,0
Protect,23.58%,Slowbro,0
Protect,89.46%,Giratina Origin Forme,0
Protect,92.10%,Pelipper,0
Protect,98.18%,Galarian Weezing,0
Protect,34.47%,Kingler,0
Protect,5.92%,Oranguru,0
Protect,79.90%,Nihilego,0
Protect,36.34%,Gyarados,0
Protect,78.37%,Garchomp,0
Protect,3.30%,Heliolisk,0
Protect,95.51%,Tapu Bulu,0
Protect,70.51%,Moltres,0
Protect,55.76%,Krookodile,0
Protect,52.24%,Excadrill,0
Protect,25.83%,Primarina,0
Protect,31.68%,Chandelure,0
Protect,7.98%,Toxicroak,0
Protect,77.20%,Dracozolt,0
Protect,12.19%,Sceptile,0
Protect,59.94%,Pincurchin,0
Protect,53.47%,Centiskorch,0
Protect,12.89%,Greedent,0
Protect,45.25%,Porygon-Z,0
Protect,16.72%,Butterfree,0
Protect,16.67%,Lucario,0
Protect,39.93%,Mudsdale,0
Protect,74.91%,Cherrim,0
Protect,94.92%,Exeggutor,0
Protect,36.21%,Altaria,0
Protect,7.06%,Klefki,0
Protect,38.75%,Gigalith,0
Protect,16.70%,Riolu,0
Protect,37.80%,Mandibuzz,0
Protect,88.58%,Lurantis,0
Protect,13.81%,Dragonite,0
Protect,9.63%,Darmanitan Standard Mode,0
Protect,76.16%,Cradily,0
Protect,11.16%,Scrafty,0
Protect,14.60%,Aerodactyl,0
Protect,82.28%,Kabutops,0
Protect,11.53%,Articuno,0
Protect,34.54%,Blacephalon,0
Protect,27.22%,Duraludon,0
Protect,5.38%,Drednaw,0
Protect,63.33%,Heatran,0
Protect,89.81%,Clefable,0
Protect,77.29%,Appletun,0
Protect,28.99%,Bisharp,0
Protect,98.27%,Registeel,0
Protect,58.95%,Rhyperior,0
Protect,99.28%,Stonjourner,0
Protect,7.59%,Leafeon,0
Protect,20.23%,Abomasnow,0
Protect,50.22%,Diggersby,0
Protect,71.99%,Giratina Altered Forme,0
Protect,85.27%,Swoobat,0
Protect,38.00%,Vikavolt,0
Protect,52.90%,Durant,0
Protect,17.12%,Cresselia,0
Protect,93.21%,Wishiwashi Solo Form,0
Protect,45.11%,Conkeldurr,0
Protect,49.04%,Boltund,0
Protect,94.21%,Terrakion,0
Protect,15.72%,Cobalion,0
Protect,87.03%,Black Kyurem,0
Protect,10.29%,Mantine,0
Protect,73.42%,Machamp,0
Protect,16.92%,Goodra,0
Protect,64.08%,Accelgor,0
Protect,40.28%,Xurkitree,0
Protect,92.52%,Tauros,0
Protect,99.30%,Garbodor,0
Protect,85.22%,Luxray,0
Protect,12.02%,Dugtrio,0
Protect,54.65%,Mow Rotom,0
Protect,24.12%,Gengar,0
Protect,98.81%,Glaceon,0
Protect,39.46%,Palossand,0
Protect,4.88%,Espeon,0
Protect,87.58%,Tyrantrum,0
Protect,10.94%,Cinccino,0
Protect,87.44%,Kommo-o,0
Protect,60.62%,Cloyster,0
Protect,78.28%,Blaziken,0
Protect,13.99%,Drampa,0
Protect,12.67%,Grapploct,0
Protect,47.42%,Zoroark,0
Protect,36.67%,Lilligant,0
Protect,25.16%,Clawitzer,0
Protect,6.57%,Haxorus,0
Protect,38.42%,Dhelmise,0
Protect,11.22%,Runerigus,0
Protect,70.32%,Braviary,0
Protect,67.30%,Virizion,0
Protect,73.46%,Togetic,0
Protect,40.70%,Alolan Raichu,0
Protect,25.44%,Beartic,0
Protect,28.40%,Copperajah,0
Protect,75.79%,Flapple,0
Protect,59.85%,Sylveon,0
Protect,5.74%,Slurpuff,0
Protect,81.74%,Eiscue Ice Face,0
Protect,47.42%,Hippowdon,0
Protect,53.21%,Alakazam,0
Protect,54.67%,Arctozolt,0
Protect,19.05%,Starmie,0
Protect,10.42%,Turtonator,0
Protect,95.31%,Sharpedo,0
Protect,7.27%,Salazzle,0
Protect,53.75%,Ninetales,0
Protect,16.43%,Sirfetch'd,0
Protect,12.22%,Ribombee,0
Protect,12.98%,Charjabug,0
Protect,49.38%,Toxtricity Low Key Form,0
Protect,90.26%,Vaporeon,0
Protect,59.98%,Mr. Mime,0
Protect,83.96%,Magnezone,0
Protect,8.36%,Gallade,0
Protect,4.95%,Lopunny,0
Protect,58.10%,Malamar,0
Protect,17.72%,Golisopod,0
Protect,17.61%,Golduck,0
Protect,83.58%,Shiinotic,0
Protect,72.38%,Lycanroc Dusk Form,0
Protect,8.38%,Unfezant,0
Protect,17.09%,Perrserker,0
Protect,16.76%,Galarian Slowbro,0
Protect,75.25%,Frost Rotom,0
Protect,90.39%,Roserade,0
Protect,12.75%,Tangrowth,0
Protect,79.33%,Sandaconda,0
Protect,13.08%,Polteageist,0
Protect,79.87%,Tangela,0
Protect,30.14%,Morpeko Full Belly Mode,0
Protect,6.52%,Miltank,0
Protect,35.30%,Crawdaunt,0
Protect,53.78%,Heracross,0
Protect,78.95%,Magneton,0
Protect,24.59%,Stoutland,0
Protect,9.05%,Noivern,0
Protect,32.16%,Jolteon,0
Protect,21.11%,Cursola,0
Protect,42.91%,Falinks,0
Protect,19.59%,Dedenne,0
Protect,77.89%,Flygon,0
Protect,25.09%,Reuniclus,0
Protect,46.48%,Drapion,0
Protect,33.52%,Exploud,0
Protect,64.89%,Wigglytuff,0
Protect,8.49%,Galarian Corsola,0
Protect,55.52%,Vanilluxe,0
Protect,89.14%,Seaking,0
Protect,3.75%,Sigilyph,0
Protect,25.01%,Decidueye,0
Protect,66.57%,Galvantula,0
Protect,98.32%,Arctovish,0
Protect,25.92%,Maractus,0
Protect,5.49%,Orbeetle,0
Protect,28.77%,Passimian,0
Protect,35.81%,Lycanroc Midday Form,0
Protect,9.79%,Beheeyem,0
Protect,33.58%,Marowak,0
Protect,85.92%,Tentacruel,0
Protect,92.45%,Dragalge,0
Protect,65.35%,Flareon,0
Protect,86.03%,Bewear,0
Protect,52.90%,Scyther,0
Protect,56.92%,Alolan Sandslash,0
Protect,52.15%,Poliwrath,0
Protect,54.43%,Lycanroc Midnight Form,0
Protect,82.86%,Golurk,0
Protect,11.82%,Lickilicky,0
Protect,95.16%,Fan Rotom,0
Protect,15.89%,Hitmonlee,0
Protect,70.41%,Scolipede,0
Protect,12.44%,Dunsparce,0
Protect,33.53%,Sandslash,0
Protect,93.52%,Steelix,0
Protect,87.57%,Noctowl,0
Protect,99.99%,Corsola,0
Protect,99.48%,Mime Jr.,0
Sacred Sword,84.15%,Zacian Crowned Sword,0
Sacred Sword,79.66%,Kartana,0
Sacred Sword,6.29%,Aegislash Shield Forme,0
Sacred Sword,34.59%,Terrakion,0
Sacred Sword,11.15%,Cobalion,0
Sacred Sword,23.07%,Virizion,0
Play Rough,64.49%,Zacian Crowned Sword,0
Play Rough,41.47%,Mimikyu,0
Play Rough,20.90%,Azumarill,0
Play Rough,7.76%,Klefki,0
Play Rough,51.43%,Beartic,0
Play Rough,30.97%,Copperajah,0
Play Rough,2.98%,Slurpuff,0
Play Rough,7.00%,Lopunny,0
Play Rough,8.37%,Lycanroc Dusk Form,0
Play Rough,35.30%,Perrserker,0
Play Rough,67.26%,Miltank,0
Play Rough,26.22%,Stoutland,0
Play Rough,39.75%,Lycanroc Midday Form,0
Play Rough,56.62%,Lycanroc Midnight Form,0
Substitute,30.27%,Zacian Crowned Sword,0
Substitute,41.09%,Zygarde Complete Forme,0
Substitute,50.25%,Landorus Incarnate Forme,0
Substitute,28.36%,Dracovish,0
Substitute,69.01%,Galarian Weezing,0
Substitute,28.80%,Moltres,0
Substitute,12.91%,Pincurchin,0
Substitute,10.04%,Aegislash Shield Forme,0
Substitute,9.63%,Darmanitan Standard Mode,0
Substitute,6.99%,Heatran,0
Substitute,84.63%,Swoobat,0
Substitute,6.06%,Accelgor,0
Substitute,78.52%,Manectric,0
Substitute,35.65%,Magneton,0
Substitute,9.57%,Dedenne,0
Substitute,14.45%,Galarian Corsola,0
Substitute,9.02%,Hitmonlee,0
Quick Attack,8.49%,Zacian Crowned Sword,0
Quick Attack,19.39%,Leafeon,0
Quick Attack,66.09%,Sylveon,0
Quick Attack,4.63%,Flareon,0
Quick Attack,9.84%,Scyther,0
Fake Out,99.80%,Incineroar,0
Fake Out,15.00%,Grimmsnarl,0
Fake Out,97.62%,Rillaboom,0
Fake Out,60.24%,Blastoise,0
Fake Out,98.54%,Raichu,0
Fake Out,60.81%,Sableye,0
Fake Out,93.33%,Gothitelle,0
Fake Out,98.84%,Mienshao,0
Fake Out,93.21%,Liepard,0
Fake Out,97.09%,Weavile,0
Fake Out,97.02%,Hitmontop,0
Fake Out,32.01%,Meowstic Male,0
Fake Out,94.10%,Alolan Persian,0
Fake Out,82.69%,Sneasel,0
Fake Out,61.96%,Ludicolo,0
Fake Out,97.76%,Pikachu,0
Fake Out,17.46%,Togedemaru,0
Fake Out,99.89%,Kangaskhan,0
Fake Out,73.33%,Shiftry,0
Fake Out,90.09%,Toxicroak,0
Fake Out,96.80%,Scrafty,0
Fake Out,98.97%,Mr. Rime,0
Fake Out,94.73%,Mime Galarian Mr. Mime,0
Fake Out,43.20%,Alolan Raichu,0
Fake Out,98.40%,Torracat,0
Fake Out,76.82%,Salazzle,0
Fake Out,92.12%,Mr. Mime,0
Fake Out,68.36%,Lopunny,0
Fake Out,79.87%,Perrserker,0
Fake Out,90.55%,Morpeko Full Belly Mode,0
Fake Out,46.21%,Hitmonlee,0
Flare Blitz,98.84%,Incineroar,0
Flare Blitz,57.00%,Entei,0
Flare Blitz,10.67%,Cinderace,0
Flare Blitz,4.52%,Coalossal,0
Flare Blitz,18.76%,Arcanine,0
Flare Blitz,99.51%,Darmanitan Galarian Standard Mode,0
Flare Blitz,27.48%,Talonflame,0
Flare Blitz,99.75%,Alolan Marowak,0
Flare Blitz,94.15%,Centiskorch,0
Flare Blitz,97.89%,Darmanitan Standard Mode,0
Flare Blitz,25.73%,Blaziken,0
Flare Blitz,98.29%,Flareon,0
Parting Shot,96.07%,Incineroar,0
Parting Shot,9.87%,Alolan Persian,0
Parting Shot,20.61%,Obstagoon,0
Parting Shot,43.15%,Silvally,0
Parting Shot,100.00%,Torracat,0
Parting Shot,54.02%,Thievul,0
Parting Shot,94.83%,Morpeko Full Belly Mode,0
Darkest Lariat,40.01%,Incineroar,0
Darkest Lariat,15.46%,Regigigas,0
Darkest Lariat,41.90%,Snorlax,0
Darkest Lariat,25.32%,Krookodile,0
Darkest Lariat,95.84%,Electivire,0
Darkest Lariat,23.04%,Dusknoir,0
Darkest Lariat,91.57%,Bewear,0
Darkest Lariat,16.89%,Poliwrath,0
Throat Chop,21.10%,Incineroar,0
Throat Chop,55.04%,Barraskewda,0
Throat Chop,9.20%,Pheromosa,0
Throat Chop,13.15%,Weavile,0
Throat Chop,17.00%,Galarian Zapdos,0
Throat Chop,68.18%,Shiftry,0
Throat Chop,6.46%,Obstagoon,0
Throat Chop,26.95%,Scrafty,0
Throat Chop,8.38%,Tauros,0
Throat Chop,84.02%,Luxray,0
Throat Chop,8.37%,Beartic,0
Throat Chop,4.19%,Gallade,0
Throat Chop,75.33%,Malamar,0
Throat Chop,7.19%,Perrserker,0
Throat Chop,13.11%,Heracross,0
Throat Chop,29.03%,Falinks,0
Throat Chop,34.11%,Hitmonlee,0
Throat Chop,94.34%,Corsola,0
Taunt,20.39%,Incineroar,0
Taunt,17.89%,Thundurus Incarnate Forme,0
Taunt,27.55%,Whimsicott,0
Taunt,24.37%,Tornadus Incarnate Forme,0
Taunt,66.25%,Dusclops,0
Taunt,97.79%,Weezing,0
Taunt,30.70%,Tapu Lele,0
Taunt,43.92%,Mimikyu,0
Taunt,9.66%,Gothitelle,0
Taunt,17.90%,Umbreon,0
Taunt,47.28%,Spectrier,0
Taunt,41.36%,Tsareena,0
Taunt,9.72%,Galarian Zapdos,0
Taunt,6.35%,Alolan Persian,0
Taunt,10.04%,Galarian Moltres,0
Taunt,17.31%,Talonflame,0
Taunt,13.29%,Sneasel,0
Taunt,28.55%,Galarian Weezing,0
Taunt,21.79%,Gyarados,0
Taunt,51.84%,Tapu Bulu,0
Taunt,30.02%,Froslass,0
Taunt,3.90%,Jellicent,0
Taunt,62.00%,Mandibuzz,0
Taunt,44.26%,Obstagoon,0
Taunt,8.24%,Scrafty,0
Taunt,6.80%,Aerodactyl,0
Taunt,12.86%,Heatran,0
Taunt,23.93%,Bisharp,0
Taunt,10.71%,Corviknight,0
Taunt,3.66%,Gengar,0
Taunt,25.83%,Crobat,0
Taunt,20.84%,Zoroark,0
Taunt,4.29%,Virizion,0
Taunt,7.57%,Alakazam,0
Taunt,91.69%,Torracat,0
Taunt,15.53%,Thievul,0
Taunt,36.17%,Salazzle,0
Taunt,48.96%,Emolga,0
Taunt,26.60%,Toxtricity Low Key Form,0
Taunt,27.72%,Mr. Mime,0
Taunt,17.46%,Unfezant,0
Taunt,11.07%,Perrserker,0
Taunt,18.15%,Morpeko Full Belly Mode,0
Taunt,22.84%,Noivern,0
Taunt,60.28%,Drapion,0
Taunt,75.36%,Vanilluxe,0
Taunt,96.89%,Mime Jr.,0
Snarl,9.50%,Incineroar,0
Snarl,22.24%,Calyrex Shadow Rider,0
Snarl,45.45%,Yveltal,0
Snarl,28.70%,Entei,0
Snarl,90.78%,Umbreon,0
Snarl,85.82%,Spectrier,0
Snarl,66.14%,Arcanine,0
Snarl,62.25%,Zamazenta Crowned Shield,0
Snarl,85.88%,Suicune,0
Snarl,21.06%,Liepard,0
Snarl,16.88%,Hydreigon,0
Snarl,9.43%,Glastrier,0
Snarl,37.83%,Galarian Moltres,0
Snarl,7.90%,Tyranitar,0
Snarl,22.82%,Raikou,0
Snarl,29.80%,Krookodile,0
Snarl,36.58%,Mandibuzz,0
Snarl,56.41%,Scrafty,0
Snarl,50.59%,Boltund,0
Snarl,81.69%,Manectric,0
Snarl,47.34%,Drampa,0
Snarl,55.11%,Zoroark,0
Snarl,81.40%,Haxorus,0
Snarl,81.58%,Thievul,0
Snarl,45.06%,Toxtricity Low Key Form,0
Snarl,13.48%,Stoutland,0
Snarl,11.20%,Drapion,0
Water Spout,93.60%,Kyogre,0
Water Spout,8.23%,Blastoise,0
Water Spout,57.23%,Jellicent,0
Origin Pulse,77.79%,Kyogre,1
Ice Beam,77.36%,Kyogre,0
Ice Beam,79.87%,Gastrodon,0
Ice Beam,28.40%,Porygon2,0
Ice Beam,15.37%,Blastoise,0
Ice Beam,9.32%,White Kyurem,0
Ice Beam,17.66%,Milotic,0
Ice Beam,9.05%,Mewtwo,0
Ice Beam,10.22%,Inteleon,0
Ice Beam,6.01%,Politoed,0
Ice Beam,34.87%,Ludicolo,0
Ice Beam,10.84%,Primarina,0
Ice Beam,7.91%,Latias,0
Ice Beam,6.45%,Cresselia,0
Ice Beam,93.19%,Wishiwashi Solo Form,0
Ice Beam,82.95%,Mantine,0
Ice Beam,5.95%,Goodra,0
Ice Beam,38.34%,Silvally,0
Ice Beam,13.25%,Starmie,0
Ice Beam,10.99%,Vaporeon,0
Ice Beam,2.91%,Lopunny,0
Ice Beam,25.41%,Golduck,0
Ice Beam,16.55%,Cursola,0
Ice Beam,50.26%,Exploud,0
Ice Beam,81.73%,Seaking,0
Ice Beam,3.50%,Tentacruel,0
Thunder,54.06%,Kyogre,0
Thunder,25.84%,Zapdos,0
Thunder,19.91%,Lapras,0
Thunder,11.26%,Tapu Koko,0
Thunder,40.02%,Thundurus Therian Forme,0
Thunder,10.65%,Wash Rotom,0
Thunder,14.29%,Pikachu,0
Thunder,30.29%,Raikou,0
Thunder,77.35%,Heliolisk,0
Thunder,36.41%,Porygon-Z,0
Thunder,28.63%,Duraludon,0
Thunder,17.20%,Vikavolt,0
Thunder,16.45%,Xurkitree,0
Thunder,12.93%,Mow Rotom,0
Thunder,86.41%,Manectric,0
Thunder,8.39%,Magnezone,0
Thunder,39.98%,Frost Rotom,0
Thunder,37.51%,Jolteon,0
Thunder,21.36%,Reuniclus,0
Thunder,39.96%,Galvantula,0
Thunder,12.56%,Dragalge,0
Blizzard,12.52%,Kyogre,0
Blizzard,52.96%,Blastoise,0
Blizzard,24.82%,Dialga,0
Blizzard,57.73%,White Kyurem,0
Blizzard,19.52%,Tapu Fini,0
Blizzard,19.92%,Lapras,0
Blizzard,44.31%,Milotic,0
Blizzard,14.88%,Mewtwo,0
Blizzard,4.90%,Ludicolo,0
Blizzard,75.58%,Alolan Ninetales,0
Blizzard,13.38%,Porygon-Z,0
Blizzard,74.71%,Abomasnow,0
Blizzard,11.58%,Glaceon,0
Blizzard,3.58%,Vaporeon,0
Blizzard,100.00%,Frost Rotom,0
Blizzard,8.44%,Cursola,0
Blizzard,15.21%,Exploud,0
Blizzard,99.83%,Vanilluxe,0
Blizzard,30.08%,Tentacruel,0
Blizzard,12.53%,Dunsparce,0
Reflect,75.87%,Grimmsnarl,0
Reflect,7.18%,Tapu Lele,0
Reflect,4.69%,Dragapult,0
Reflect,74.02%,Meowstic Male,0
Reflect,47.94%,Raikou,0
Reflect,55.96%,Togedemaru,0
Reflect,78.80%,Klefki,0
Reflect,29.12%,Articuno,0
Reflect,4.84%,Togetic,0
Reflect,8.77%,Ribombee,0
Reflect,13.17%,Aromatisse,0
Reflect,12.45%,Magneton,0
Reflect,9.68%,Claydol,0
Light Screen,63.99%,Grimmsnarl,0
Light Screen,4.52%,Raichu,0
Light Screen,5.23%,Tapu Fini,0
Light Screen,9.00%,Dragapult,0
Light Screen,7.67%,Tapu Koko,0
Light Screen,80.13%,Meowstic Male,0
Light Screen,44.37%,Raikou,0
Light Screen,78.69%,Klefki,0
Light Screen,94.87%,Charjabug,0
Light Screen,13.21%,Aromatisse,0
Light Screen,9.70%,Claydol,0
Light Screen,9.36%,Reuniclus,0
Light Screen,11.41%,Galarian Corsola,0
Light Screen,3.51%,Orbeetle,0
Thunder Wave,55.35%,Grimmsnarl,0
Thunder Wave,11.83%,Thundurus Incarnate Forme,0
Thunder Wave,7.19%,Liepard,0
Thunder Wave,18.48%,Meowstic Male,0
Thunder Wave,5.38%,Tyranitar,0
Thunder Wave,43.63%,Raikou,0
Thunder Wave,92.24%,Klefki,0
Thunder Wave,13.82%,Cresselia,0
Thunder Wave,46.66%,Boltund,0
Thunder Wave,8.95%,Manectric,0
Thunder Wave,14.47%,Cinccino,0
Thunder Wave,12.31%,Togetic,0
Thunder Wave,5.44%,Salazzle,0
Thunder Wave,25.25%,Mr. Mime,0
Thunder Wave,49.45%,Lopunny,0
Thunder Wave,8.81%,Miltank,0
Thunder Wave,5.82%,Stoutland,0
Thunder Wave,28.58%,Jolteon,0
Spirit Break,52.75%,Grimmsnarl,1
Foul Play,38.45%,Grimmsnarl,0
Foul Play,19.23%,Thundurus Incarnate Forme,0
Foul Play,10.87%,Amoonguss,0
Foul Play,60.61%,Yveltal,0
Foul Play,44.72%,Porygon2,0
Foul Play,13.93%,Sableye,0
Foul Play,98.97%,Umbreon,0
Foul Play,53.76%,Liepard,0
Foul Play,33.37%,Weavile,0
Foul Play,98.56%,Alolan Persian,0
Foul Play,16.40%,Galarian Moltres,0
Foul Play,4.42%,Sneasel,0
Foul Play,15.68%,Wash Rotom,0
Foul Play,14.82%,Tyranitar,0
Foul Play,20.00%,Oranguru,0
Foul Play,29.34%,Krookodile,0
Foul Play,17.15%,Shiftry,0
Foul Play,95.49%,Toxicroak,0
Foul Play,13.30%,Porygon-Z,0
Foul Play,24.45%,Klefki,0
Foul Play,62.59%,Mandibuzz,0
Foul Play,42.23%,Scrafty,0
Foul Play,99.64%,Diggersby,0
Foul Play,23.16%,Thievul,0
Scary Face,34.62%,Grimmsnarl,0
Scary Face,14.58%,Thundurus Incarnate Forme,0
Scary Face,26.49%,Drapion,0
Trick,32.65%,Grimmsnarl,0
Trick,4.84%,Calyrex Shadow Rider,0
Trick,20.68%,Sableye,0
Trick,16.37%,Indeedee Male,0
Trick,16.27%,Meowstic Male,0
Trick,64.78%,Blacephalon,0
Trick,22.27%,Espeon,0
Trick,16.65%,Starmie,0
Trick,4.56%,Gallade,0
Trick,11.08%,Frost Rotom,0
Fake Tears,17.56%,Grimmsnarl,0
Fake Tears,7.08%,Whimsicott,0
Fake Tears,55.94%,Liepard,0
Fake Tears,68.22%,Weavile,0
Fake Tears,82.18%,Alolan Persian,0
Fake Tears,15.75%,Alolan Ninetales,0
Fake Tears,40.28%,Froslass,0
Fake Tears,14.47%,Cinccino,0
Fake Tears,16.54%,Zoroark,0
Fake Tears,51.23%,Slurpuff,0
Fake Tears,70.03%,Thievul,0
Fake Tears,4.24%,Cofagrigus,0
Fake Tears,9.98%,Salazzle,0
Fake Tears,18.62%,Ninetales,0
Fake Tears,15.25%,Ribombee,0
Fake Tears,10.81%,Aromatisse,0
Fake Tears,23.31%,Jolteon,0
Electroweb,84.90%,Regieleki,0
Electroweb,16.44%,Thundurus Incarnate Forme,0
Electroweb,67.33%,Raichu,0
Electroweb,18.51%,Tapu Koko,0
Electroweb,10.28%,Thundurus Therian Forme,0
Electroweb,29.73%,Pikachu,0
Electroweb,79.31%,Heliolisk,0
Electroweb,22.41%,Xurkitree,0
Electroweb,32.74%,Mow Rotom,0
Electroweb,4.07%,Emolga,0
Electroweb,58.47%,Dedenne,0
Electroweb,88.15%,Galvantula,0
Thunderbolt,38.15%,Regieleki,0
Thunderbolt,22.15%,Thundurus Incarnate Forme,0
Thunderbolt,69.66%,Zapdos,0
Thunderbolt,98.39%,Heat Rotom,0
Thunderbolt,5.62%,Lugia,0
Thunderbolt,18.51%,Tapu Koko,0
Thunderbolt,49.53%,Thundurus Therian Forme,0
Thunderbolt,77.06%,Wash Rotom,0
Thunderbolt,40.15%,Pikachu,0
Thunderbolt,55.70%,Raikou,0
Thunderbolt,11.74%,Heliolisk,0
Thunderbolt,10.48%,Porygon-Z,0
Thunderbolt,7.87%,Latias,0
Thunderbolt,55.30%,Duraludon,0
Thunderbolt,81.46%,Vikavolt,0
Thunderbolt,50.19%,Boltund,0
Thunderbolt,24.75%,Goodra,0
Thunderbolt,50.41%,Xurkitree,0
Thunderbolt,82.70%,Mow Rotom,0
Thunderbolt,3.68%,Gengar,0
Thunderbolt,11.70%,Manectric,0
Thunderbolt,10.48%,Starmie,0
Thunderbolt,83.42%,Magnezone,0
Thunderbolt,99.01%,Frost Rotom,0
Thunderbolt,54.47%,Magneton,0
Thunderbolt,10.97%,Jolteon,0
Thunderbolt,24.69%,Wigglytuff,0
Thunderbolt,6.30%,Gardevoir,0
Thunderbolt,45.94%,Beheeyem,0
Thunderbolt,45.67%,Dragalge,0
Thunderbolt,93.11%,Fan Rotom,0
Bounce,36.59%,Regieleki,0
Bounce,26.74%,Kingdra,0
Bounce,75.29%,Seismitoad,0
Bounce,80.27%,Cinderace,0
Bounce,83.74%,Barraskewda,0
Bounce,6.16%,Tsareena,0
Bounce,72.57%,Gyarados,0
Bounce,17.27%,Shiftry,0
Bounce,76.31%,Cobalion,0
Bounce,63.06%,Virizion,0
Bounce,8.45%,Sharpedo,0
Bounce,61.06%,Hitmonlee,0
Wild Charge,34.98%,Regieleki,0
Wild Charge,74.03%,Thundurus Incarnate Forme,0
Wild Charge,34.58%,Solgaleo,0
Wild Charge,6.37%,Arcanine,0
Wild Charge,66.80%,Tapu Koko,0
Wild Charge,99.84%,Klinklang,0
Wild Charge,93.74%,Electivire,0
Wild Charge,98.43%,Luxray,0
Wild Charge,4.22%,Bouffalant,0
Wild Charge,24.15%,Stoutland,0
Wild Charge,6.63%,Dunsparce,0
Volt Switch,29.41%,Regieleki,0
Volt Switch,32.80%,Raichu,0
Volt Switch,25.57%,Tapu Koko,0
Volt Switch,19.35%,Thundurus Therian Forme,0
Volt Switch,20.13%,Wash Rotom,0
Volt Switch,6.91%,Pikachu,0
Volt Switch,16.78%,Raikou,0
Volt Switch,28.30%,Togedemaru,0
Volt Switch,8.06%,Heliolisk,0
Volt Switch,50.46%,Vikavolt,0
Volt Switch,13.41%,Mow Rotom,0
Volt Switch,29.04%,Alolan Raichu,0
Volt Switch,33.83%,Emolga,0
Volt Switch,5.29%,Charjabug,0
Volt Switch,30.91%,Toxtricity Low Key Form,0
Volt Switch,15.51%,Magnezone,0
Volt Switch,17.27%,Magneton,0
Volt Switch,32.36%,Jolteon,0
Volt Switch,46.86%,Dedenne,0
Assurance,24.91%,Regieleki,0
Assurance,4.05%,Scyther,0
Rising Voltage,21.21%,Regieleki,0
Rising Voltage,59.46%,Zekrom,0
Rising Voltage,8.93%,Thundurus Therian Forme,0
Rising Voltage,13.81%,Raikou,0
Rising Voltage,5.45%,Heliolisk,0
Rising Voltage,84.39%,Pincurchin,0
Rising Voltage,39.12%,Xurkitree,0
Rising Voltage,90.90%,Alolan Raichu,0
Rising Voltage,11.69%,Magnezone,0
Rising Voltage,36.90%,Magneton,0
Rising Voltage,38.97%,Jolteon,0
Rising Voltage,4.80%,Fan Rotom,0
Hyper Beam,20.25%,Regieleki,0
Hyper Beam,6.41%,Calyrex Shadow Rider,0
Hyper Beam,25.94%,Porygon2,0
Hyper Beam,16.83%,Xerneas,0
Hyper Beam,8.27%,White Kyurem,0
Hyper Beam,6.68%,Spectrier,0
Hyper Beam,60.19%,Regidrago,0
Hyper Beam,28.83%,Thundurus Therian Forme,0
Hyper Beam,12.11%,Inteleon,0
Hyper Beam,4.89%,Heliolisk,0
Hyper Beam,9.83%,Primarina,0
Hyper Beam,90.71%,Porygon-Z,0
Hyper Beam,19.63%,Appletun,0
Hyper Beam,35.92%,Xurkitree,0
Hyper Beam,43.52%,Drampa,0
Hyper Beam,27.53%,Sylveon,0
Hyper Beam,6.28%,Wigglytuff,0
Hyper Beam,13.17%,Tentacruel,0
Screech,12.16%,Regieleki,0
Screech,4.80%,Liepard,0
Screech,4.87%,Sceptile,0
Screech,41.49%,Thievul,0
Screech,9.29%,Perrserker,0
Screech,59.27%,Galvantula,0
Extreme Speed,5.35%,Regieleki,0
Extreme Speed,40.91%,Entei,0
Extreme Speed,13.04%,Rayquaza,0
Extreme Speed,4.21%,Arcanine,0
Extreme Speed,8.01%,Lucario,0
Extreme Speed,51.55%,Dragonite,0
Grassy Glide,99.88%,Rillaboom,0
Grassy Glide,28.87%,Tsareena,0
Grassy Glide,16.61%,Lurantis,0
Grassy Glide,41.39%,Dhelmise,0
Grassy Glide,13.25%,Virizion,0
Grassy Glide,14.01%,Flapple,0
Grassy Glide,29.65%,Sirfetch'd,0
Grassy Glide,50.63%,Gourgeist Small Size,0
Grassy Glide,12.49%,Tangrowth,0
Grassy Glide,21.41%,Decidueye,0
High Horsepower,62.28%,Rillaboom,0
High Horsepower,81.64%,Calyrex Ice Rider,0
High Horsepower,97.57%,Regigigas,0
High Horsepower,92.39%,Mamoswine,0
High Horsepower,99.99%,Glastrier,0
High Horsepower,62.78%,Snorlax,0
High Horsepower,11.56%,Stakataka,0
High Horsepower,97.39%,Swampert,0
High Horsepower,37.32%,Tyranitar,0
High Horsepower,42.27%,Kingler,0
High Horsepower,89.95%,Tapu Bulu,0
High Horsepower,30.97%,Krookodile,0
High Horsepower,50.37%,Excadrill,0
High Horsepower,23.59%,Dracozolt,0
High Horsepower,98.62%,Mudsdale,0
High Horsepower,38.66%,Rhyperior,0
High Horsepower,90.17%,Diggersby,0
High Horsepower,5.65%,Conkeldurr,0
High Horsepower,86.16%,Tauros,0
High Horsepower,8.46%,Dugtrio,0
High Horsepower,49.20%,Copperajah,0
High Horsepower,61.77%,Hippowdon,0
High Horsepower,85.37%,Bouffalant,0
High Horsepower,80.17%,Sandaconda,0
High Horsepower,14.04%,Miltank,0
High Horsepower,9.41%,Heracross,0
High Horsepower,8.54%,Bewear,0
High Horsepower,15.55%,Poliwrath,0
High Horsepower,80.02%,Golurk,0
High Horsepower,67.40%,Steelix,0
U Turn,48.90%,Rillaboom,0
U Turn,18.24%,Landorus Therian Forme,0
U Turn,12.54%,Urshifu Single Strike Style,0
U Turn,15.80%,Urshifu Rapid Strike Style,0
U Turn,22.43%,Pheromosa,0
U Turn,63.76%,Tapu Koko,0
U Turn,45.77%,Tsareena,0
U Turn,58.34%,Darmanitan Galarian Standard Mode,0
U Turn,9.28%,Galarian Moltres,0
U Turn,93.13%,Scizor,0
U Turn,88.11%,Darmanitan Standard Mode,0
U Turn,11.10%,Corviknight,0
U Turn,8.03%,Accelgor,0
U Turn,21.80%,Crobat,0
U Turn,5.38%,Hawlucha,0
U Turn,2.71%,Lopunny,0
U Turn,5.74%,Unfezant,0
U Turn,21.99%,Perrserker,0
U Turn,19.56%,Noivern,0
U Turn,33.20%,Decidueye,0
U Turn,51.63%,Scyther,0
Wood Hammer,21.82%,Rillaboom,0
Wood Hammer,6.50%,Mimikyu,0
Wood Hammer,98.70%,Tapu Bulu,0
Wood Hammer,7.88%,Alolan Exeggutor,0
Wood Hammer,92.72%,Trevenant,0
Wood Hammer,30.95%,Abomasnow,0
Knock Off,9.28%,Rillaboom,0
Knock Off,25.38%,Escavalier,0
Knock Off,41.41%,Kingler,0
Knock Off,97.55%,Obstagoon,0
Knock Off,15.84%,Machamp,0
Knock Off,12.94%,Zoroark,0
Knock Off,54.86%,Sirfetch'd,0
Knock Off,49.49%,Gallade,0
Knock Off,78.57%,Tangrowth,0
Knock Off,66.30%,Crawdaunt,0
Knock Off,82.58%,Drapion,0
Knock Off,9.90%,Decidueye,0
Knock Off,40.54%,Passimian,0
Knock Off,74.21%,Lickilicky,0
Precipice Blades,99.79%,Groudon,1
Rock Slide,54.96%,Groudon,0
Rock Slide,85.30%,Landorus Therian Forme,0
Rock Slide,43.07%,Solgaleo,0
Rock Slide,4.83%,Coalossal,0
Rock Slide,7.47%,Zygarde Complete Forme,0
Rock Slide,23.36%,Metagross,0
Rock Slide,20.61%,Landorus Incarnate Forme,0
Rock Slide,15.83%,Dusk Mane Necrozma,0
Rock Slide,8.07%,Dracovish,0
Rock Slide,47.45%,Darmanitan Galarian Standard Mode,0
Rock Slide,65.49%,Stakataka,0
Rock Slide,66.50%,Salamence,0
Rock Slide,94.30%,Tyranitar,0
Rock Slide,10.63%,Alolan Marowak,0
Rock Slide,35.94%,Kingler,0
Rock Slide,82.67%,Garchomp,0
Rock Slide,54.86%,Krookodile,0
Rock Slide,87.74%,Excadrill,0
Rock Slide,26.58%,Shiftry,0
Rock Slide,59.22%,Mudsdale,0
Rock Slide,98.42%,Gigalith,0
Rock Slide,6.86%,Dragonite,0
Rock Slide,82.09%,Darmanitan Standard Mode,0
Rock Slide,6.77%,Cradily,0
Rock Slide,90.16%,Aerodactyl,0
Rock Slide,27.17%,Kabutops,0
Rock Slide,92.73%,Drednaw,0
Rock Slide,52.66%,Rhyperior,0
Rock Slide,72.12%,Stonjourner,0
Rock Slide,49.67%,Diggersby,0
Rock Slide,95.86%,Durant,0
Rock Slide,16.53%,Conkeldurr,0
Rock Slide,94.02%,Terrakion,0
Rock Slide,25.31%,Black Kyurem,0
Rock Slide,3.59%,Goodra,0
Rock Slide,2.98%,Tauros,0
Rock Slide,58.46%,Blissey,0
Rock Slide,4.82%,Haxorus,0
Rock Slide,13.99%,Runerigus,0
Rock Slide,46.24%,Braviary,0
Rock Slide,38.61%,Beartic,0
Rock Slide,44.16%,Copperajah,0
Rock Slide,27.76%,Hippowdon,0
Rock Slide,32.53%,Arctozolt,0
Rock Slide,14.78%,Gallade,0
Rock Slide,13.14%,Malamar,0
Rock Slide,55.00%,Lycanroc Dusk Form,0
Rock Slide,9.62%,Bouffalant,0
Rock Slide,64.10%,Sandaconda,0
Rock Slide,66.68%,Miltank,0
Rock Slide,65.25%,Heracross,0
Rock Slide,43.33%,Falinks,0
Rock Slide,14.74%,Flygon,0
Rock Slide,82.69%,Crustle,0
Rock Slide,4.00%,Dusknoir,0
Rock Slide,5.01%,Drapion,0
Rock Slide,25.32%,Passimian,0
Rock Slide,98.21%,Lycanroc Midday Form,0
Rock Slide,84.34%,Marowak,0
Rock Slide,14.62%,Alolan Sandslash,0
Rock Slide,28.00%,Poliwrath,0
Rock Slide,27.30%,Lycanroc Midnight Form,0
Rock Slide,31.40%,Hitmonlee,0
Rock Slide,9.29%,Scolipede,0
Rock Slide,53.60%,Dunsparce,0
Rock Slide,70.68%,Sandslash,0
Rock Slide,4.94%,Steelix,0
Stone Edge,38.32%,Groudon,0
Stone Edge,77.95%,Entei,0
Stone Edge,64.12%,Landorus Incarnate Forme,0
Stone Edge,8.98%,Dusk Mane Necrozma,0
Stone Edge,8.28%,Dracovish,0
Stone Edge,15.44%,Stakataka,0
Stone Edge,4.13%,Tyranitar,0
Stone Edge,9.07%,Tapu Bulu,0
Stone Edge,69.79%,Kabutops,0
Stone Edge,34.53%,Bisharp,0
Stone Edge,20.30%,Rhyperior,0
Stone Edge,11.13%,Giratina Altered Forme,0
Stone Edge,5.87%,Terrakion,0
Stone Edge,81.12%,Cobalion,0
Stone Edge,85.96%,Machamp,0
Stone Edge,25.70%,Virizion,0
Stone Edge,10.93%,Beartic,0
Stone Edge,9.04%,Copperajah,0
Stone Edge,10.80%,Arctozolt,0
Stone Edge,30.93%,Sandaconda,0
Stone Edge,12.37%,Heracross,0
Stone Edge,16.93%,Crustle,0
Stone Edge,82.05%,Lycanroc Midnight Form,0
Stone Edge,20.39%,Hitmonlee,0
Heavy Slam,36.45%,Groudon,0
Heavy Slam,7.26%,Calyrex Ice Rider,0
Heavy Slam,26.86%,Celesteela,0
Heavy Slam,77.68%,Glastrier,0
Heavy Slam,43.85%,Mudsdale,0
Heavy Slam,56.71%,Stonjourner,0
Heavy Slam,5.33%,Beartic,0
Heavy Slam,17.71%,Copperajah,0
Heavy Slam,10.09%,Flapple,0
Fire Punch,32.27%,Groudon,0
Fire Punch,3.95%,Tyranitar,0
Fire Punch,17.82%,Dragonite,0
Fire Punch,9.13%,Obstagoon,0
Fire Punch,6.31%,Rhyperior,0
Fire Punch,8.86%,Conkeldurr,0
Fire Punch,11.96%,Goodra,0
Fire Punch,8.05%,Hawlucha,0
Fire Punch,3.94%,Lopunny,0
Fire Punch,6.33%,Miltank,0
Fire Punch,25.18%,Dusknoir,0
Fire Punch,97.47%,Druddigon,0
Fire Punch,43.00%,Marowak,0
Fire Punch,8.26%,Lycanroc Midnight Form,0
Fire Punch,13.14%,Lickilicky,0
Heat Crash,29.67%,Groudon,0
Heat Crash,28.14%,Copperajah,0
Swords Dance,29.07%,Groudon,0
Swords Dance,37.34%,Landorus Therian Forme,0
Swords Dance,10.33%,Calyrex Ice Rider,0
Swords Dance,32.48%,Rayquaza,0
Swords Dance,19.91%,Dusk Mane Necrozma,0
Swords Dance,18.22%,Garchomp,0
Swords Dance,21.00%,Aegislash Shield Forme,0
Swords Dance,24.62%,Bisharp,0
Swords Dance,28.33%,Rhyperior,0
Swords Dance,13.27%,Hawlucha,0
Swords Dance,16.36%,Virizion,0
Swords Dance,15.49%,Golisopod,0
Swords Dance,23.18%,Lycanroc Dusk Form,0
Swords Dance,11.44%,Decidueye,0
Swords Dance,18.97%,Lycanroc Midday Form,0
Swords Dance,50.12%,Scyther,0
Swords Dance,28.47%,Alolan Sandslash,0
Swords Dance,9.44%,Lycanroc Midnight Form,0
Swords Dance,9.26%,Lickilicky,0
Swords Dance,13.86%,Scolipede,0
Giga Impact,6.49%,Groudon,0
Giga Impact,15.59%,Kartana,0
Giga Impact,99.43%,Regigigas,0
Giga Impact,5.45%,Snorlax,0
Giga Impact,9.84%,Kangaskhan,0
Giga Impact,48.10%,Diggersby,0
Giga Impact,5.55%,Tauros,0
Giga Impact,21.27%,Braviary,0
Giga Impact,5.25%,Bouffalant,0
Giga Impact,52.86%,Stoutland,0
Rock Tomb,6.13%,Groudon,0
Rock Tomb,9.18%,Landorus Therian Forme,0
Rock Tomb,8.27%,Mienshao,0
Rock Tomb,73.23%,Lucario,0
Rock Tomb,24.58%,Stonjourner,0
Rock Tomb,21.94%,Hawlucha,0
Rock Tomb,81.40%,Haxorus,0
Bulldoze,4.95%,Groudon,0
Bulldoze,6.47%,Landorus Therian Forme,0
Bulldoze,20.97%,Entei,0
Bulldoze,38.72%,Spectrier,0
Bulldoze,4.83%,Hydreigon,0
Bulldoze,7.12%,Salamence,0
Bulldoze,53.10%,Raikou,0
Bulldoze,38.00%,Dracozolt,0
Bulldoze,6.85%,Sceptile,0
Bulldoze,73.23%,Lucario,0
Bulldoze,26.15%,Altaria,0
Bulldoze,8.70%,Latias,0
Bulldoze,9.99%,Alolan Exeggutor,0
Bulldoze,9.95%,Aerodactyl,0
Bulldoze,31.61%,Conkeldurr,0
Bulldoze,8.12%,Terrakion,0
Bulldoze,5.40%,Runerigus,0
Bulldoze,3.66%,Sharpedo,0
Bulldoze,47.89%,Galarian Slowbro,0
Bulldoze,11.00%,Claydol,0
Bulldoze,4.73%,Flygon,0
Bulldoze,11.79%,Dusknoir,0
Bulldoze,19.08%,Lickilicky,0
Bulldoze,9.74%,Scolipede,0
Bulldoze,61.90%,Sandslash,0
Astral Barrage,100.00%,Calyrex Shadow Rider,1
Expanding Force,44.35%,Calyrex Shadow Rider,0
Expanding Force,86.47%,Indeedee Female,0
Expanding Force,99.25%,Indeedee Male,0
Expanding Force,4.80%,Dusk Mane Necrozma,0
Expanding Force,36.20%,Mewtwo,0
Expanding Force,84.50%,Hatterene,0
Expanding Force,72.61%,Slowking,0
Expanding Force,29.00%,Galarian Articuno,0
Expanding Force,70.23%,Slowbro,0
Expanding Force,54.49%,Oranguru,0
Expanding Force,5.19%,Exeggutor,0
Expanding Force,54.43%,Espeon,0
Expanding Force,93.06%,Alolan Raichu,0
Expanding Force,99.28%,Alakazam,0
Expanding Force,79.79%,Starmie,0
Expanding Force,93.65%,Galarian Slowbro,0
Expanding Force,20.24%,Claydol,0
Expanding Force,81.61%,Reuniclus,0
Expanding Force,12.08%,Wigglytuff,0
Expanding Force,95.95%,Gardevoir,0
Expanding Force,83.21%,Sigilyph,0
Expanding Force,73.76%,Orbeetle,0
Expanding Force,93.32%,Beheeyem,0
Will O Wisp,42.42%,Calyrex Shadow Rider,0
Will O Wisp,19.23%,Dusclops,0
Will O Wisp,98.91%,Weezing,0
Will O Wisp,11.72%,Lunala,0
Will O Wisp,86.78%,Sableye,0
Will O Wisp,79.99%,Mimikyu,0
Will O Wisp,56.66%,Heat Rotom,0
Will O Wisp,48.47%,Dragapult,0
Will O Wisp,89.43%,Spectrier,0
Will O Wisp,89.47%,Arcanine,0
Will O Wisp,22.67%,Volcarona,0
Will O Wisp,51.28%,Talonflame,0
Will O Wisp,45.42%,Wash Rotom,0
Will O Wisp,93.35%,Galarian Weezing,0
Will O Wisp,9.80%,Moltres,0
Will O Wisp,95.56%,Drifblim,0
Will O Wisp,51.43%,Froslass,0
Will O Wisp,20.55%,Jellicent,0
Will O Wisp,19.27%,Giratina Altered Forme,0
Will O Wisp,43.49%,Mow Rotom,0
Will O Wisp,6.35%,Gengar,0
Will O Wisp,8.31%,Runerigus,0
Will O Wisp,35.70%,Cofagrigus,0
Will O Wisp,25.72%,Ninetales,0
Will O Wisp,24.60%,Gourgeist Small Size,0
Will O Wisp,13.49%,Frost Rotom,0
Will O Wisp,25.93%,Polteageist,0
Will O Wisp,78.35%,Gourgeist Super Size,0
Will O Wisp,78.59%,Galarian Corsola,0
Mud Shot,26.91%,Calyrex Shadow Rider,0
Mud Shot,6.84%,Spectrier,0
Mud Shot,6.82%,Milotic,0
Mud Shot,70.09%,Slowbro,0
Mud Shot,36.58%,Vikavolt,0
Mud Shot,16.40%,Thievul,0
Mud Shot,2.64%,Galarian Slowbro,0
Psyshock,18.40%,Calyrex Shadow Rider,0
Psyshock,10.63%,Tapu Lele,0
Psyshock,47.13%,Meowstic Male,0
Psyshock,8.73%,Latias,0
Psyshock,23.74%,Cresselia,0
Psyshock,40.79%,Mime Galarian Mr. Mime,0
Psyshock,14.01%,Reuniclus,0
Leaf Storm,17.11%,Calyrex Shadow Rider,0
Leaf Storm,61.62%,Venusaur,0
Leaf Storm,41.77%,Ludicolo,0
Leaf Storm,78.91%,Sceptile,0
Leaf Storm,6.40%,Lurantis,0
Leaf Storm,17.41%,Alolan Exeggutor,0
Leaf Storm,20.56%,Abomasnow,0
Leaf Storm,99.95%,Mow Rotom,0
Leaf Storm,46.24%,Lilligant,0
Leaf Storm,91.30%,Roserade,0
Leaf Storm,51.93%,Tangrowth,0
Leaf Storm,19.66%,Decidueye,0
Leaf Storm,39.81%,Maractus,0
Trick Room,10.28%,Calyrex Shadow Rider,0
Trick Room,10.42%,Whimsicott,0
Trick Room,80.27%,Calyrex Ice Rider,0
Trick Room,66.27%,Palkia,0
Trick Room,89.72%,Porygon2,0
Trick Room,34.79%,Dialga,0
Trick Room,99.72%,Dusclops,0
Trick Room,81.71%,Lunala,0
Trick Room,90.23%,Mimikyu,0
Trick Room,26.85%,Gothitelle,0
Trick Room,89.10%,Bronzong,0
Trick Room,81.25%,Indeedee Male,0
Trick Room,61.19%,Comfey,0
Trick Room,98.31%,Dawn Wings Necrozma,0
Trick Room,67.44%,Dusk Mane Necrozma,0
Trick Room,6.54%,Meowstic Male,0
Trick Room,93.11%,Stakataka,0
Trick Room,13.58%,Mewtwo,0
Trick Room,76.27%,Klinklang,0
Trick Room,84.07%,Hatterene,0
Trick Room,86.10%,Slowking,0
Trick Room,70.21%,Galarian Articuno,0
Trick Room,74.33%,Slowbro,0
Trick Room,94.09%,Oranguru,0
Trick Room,17.68%,Nihilego,0
Trick Room,73.54%,Chandelure,0
Trick Room,41.09%,Porygon-Z,0
Trick Room,97.28%,Jellicent,0
Trick Room,99.56%,Alolan Exeggutor,0
Trick Room,5.12%,Trevenant,0
Trick Room,71.71%,Cresselia,0
Trick Room,98.94%,Mr. Rime,0
Trick Room,31.65%,Gengar,0
Trick Room,46.12%,Espeon,0
Trick Room,87.22%,Runerigus,0
Trick Room,31.88%,Alakazam,0
Trick Room,97.28%,Cofagrigus,0
Trick Room,13.29%,Starmie,0
Trick Room,34.99%,Mr. Mime,0
Trick Room,27.51%,Gallade,0
Trick Room,74.03%,Gourgeist Small Size,0
Trick Room,68.45%,Malamar,0
Trick Room,82.87%,Galarian Slowbro,0
Trick Room,99.68%,Aromatisse,0
Trick Room,97.99%,Gourgeist Super Size,0
Trick Room,86.00%,Claydol,0
Trick Room,94.05%,Reuniclus,0
Trick Room,91.53%,Dusknoir,0
Trick Room,84.95%,Gardevoir,0
Trick Room,87.54%,Sigilyph,0
Trick Room,75.25%,Orbeetle,0
Trick Room,14.67%,Beheeyem,0
Trick Room,91.20%,Mime Jr.,0
Trick Room,99.99%,Gourgeist Large Size,0
Energy Ball,7.05%,Calyrex Shadow Rider,0
Energy Ball,38.25%,Whimsicott,0
Energy Ball,13.32%,Tapu Lele,0
Energy Ball,11.24%,Celesteela,0
Energy Ball,34.30%,Ludicolo,0
Energy Ball,14.18%,Primarina,0
Energy Ball,10.81%,Chandelure,0
Energy Ball,9.57%,Sceptile,0
Energy Ball,24.57%,Cherrim,0
Energy Ball,82.45%,Exeggutor,0
Energy Ball,8.13%,Latias,0
Energy Ball,40.74%,Cradily,0
Energy Ball,31.88%,Abomasnow,0
Energy Ball,51.57%,Vikavolt,0
Energy Ball,8.59%,Cresselia,0
Energy Ball,49.35%,Xurkitree,0
Energy Ball,27.19%,Gengar,0
Energy Ball,48.86%,Palossand,0
Energy Ball,39.05%,Drampa,0
Energy Ball,12.87%,Lilligant,0
Energy Ball,6.40%,Virizion,0
Energy Ball,10.69%,Alakazam,0
Energy Ball,3.16%,Ninetales,0
Energy Ball,39.79%,Shiinotic,0
Energy Ball,42.14%,Vileplume,0
Energy Ball,11.91%,Reuniclus,0
Energy Ball,3.87%,Sigilyph,0
Energy Ball,16.41%,Galvantula,0
Energy Ball,9.45%,Maractus,0
Energy Ball,15.81%,Orbeetle,0
Energy Ball,90.04%,Beheeyem,0
Speed Swap,5.03%,Calyrex Shadow Rider,0
Speed Swap,17.60%,Bronzong,0
Speed Swap,44.94%,Pheromosa,0
Speed Swap,11.35%,Alolan Raichu,0
Speed Swap,14.68%,Alakazam,0
Speed Swap,82.03%,Ribombee,0
Imprison,4.29%,Calyrex Shadow Rider,0
Imprison,78.78%,Indeedee Male,0
Imprison,61.23%,Chandelure,0
Imprison,5.10%,Runerigus,0
Imprison,26.18%,Alakazam,0
Imprison,10.98%,Gallade,0
Imprison,56.08%,Gourgeist Small Size,0
Imprison,2.38%,Galarian Slowbro,0
Imprison,17.17%,Gourgeist Super Size,0
Imprison,72.71%,Claydol,0
Imprison,83.49%,Gardevoir,0
Imprison,82.15%,Sigilyph,0
Imprison,6.39%,Decidueye,0
Imprison,70.95%,Orbeetle,0
Imprison,99.99%,Gourgeist Large Size,0
Fly,71.80%,Thundurus Incarnate Forme,0
Fly,90.76%,Landorus Therian Forme,0
Fly,69.19%,Dragapult,0
Fly,79.58%,Landorus Incarnate Forme,0
Fly,53.50%,Thundurus Therian Forme,0
Fly,73.57%,Flapple,0
Brick Break,43.33%,Thundurus Incarnate Forme,0
Brick Break,11.33%,Barraskewda,0
Brick Break,18.98%,Metagross,0
Brick Break,19.78%,Hitmontop,0
Brick Break,12.44%,Galarian Zapdos,0
Brick Break,9.18%,Alolan Marowak,0
Brick Break,23.40%,Kingler,0
Brick Break,9.38%,Garchomp,0
Brick Break,33.48%,Excadrill,0
Brick Break,85.02%,Toxicroak,0
Brick Break,11.86%,Riolu,0
Brick Break,40.76%,Darmanitan Standard Mode,0
Brick Break,12.06%,Obstagoon,0
Brick Break,22.40%,Scrafty,0
Brick Break,29.95%,Hawlucha,0
Brick Break,5.08%,Miltank,0
Brick Break,11.86%,Crawdaunt,0
Brick Break,22.15%,Dusknoir,0
Brick Break,30.09%,Drapion,0
Brick Break,6.83%,Marowak,0
Brick Break,5.94%,Bewear,0
Brick Break,35.24%,Scyther,0
Brick Break,31.39%,Sandslash,0
Eerie Impulse,24.90%,Thundurus Incarnate Forme,0
Eerie Impulse,34.17%,Porygon2,0
Eerie Impulse,19.15%,Zapdos,0
Eerie Impulse,12.49%,Raichu,0
Eerie Impulse,17.36%,Wash Rotom,0
Eerie Impulse,29.59%,Raikou,0
Eerie Impulse,11.18%,Emolga,0
Eerie Impulse,84.46%,Charjabug,0
Eerie Impulse,13.65%,Dedenne,0
Superpower,18.70%,Thundurus Incarnate Forme,0
Superpower,49.02%,Darmanitan Galarian Standard Mode,0
Superpower,5.11%,Snorlax,0
Superpower,86.11%,Scizor,0
Superpower,17.60%,Tyranitar,0
Superpower,46.66%,Gigalith,0
Superpower,100.00%,Lurantis,0
Superpower,15.49%,Dragonite,0
Superpower,10.72%,Kabutops,0
Superpower,4.83%,Rhyperior,0
Superpower,31.62%,Durant,0
Superpower,27.44%,Goodra,0
Superpower,52.89%,Beartic,0
Superpower,10.19%,Copperajah,0
Superpower,99.83%,Malamar,0
Superpower,19.79%,Stoutland,0
Superpower,9.10%,Flygon,0
Superpower,92.25%,Druddigon,0
Superpower,95.83%,Flareon,0
Superpower,18.66%,Scolipede,0
Crunch,12.79%,Thundurus Incarnate Forme,0
Crunch,51.43%,Entei,0
Crunch,34.67%,Barraskewda,0
Crunch,50.06%,Dracovish,0
Crunch,4.79%,Zekrom,0
Crunch,4.81%,Salamence,0
Crunch,41.82%,Tyranitar,0
Crunch,16.51%,Gyarados,0
Crunch,9.38%,Centiskorch,0
Crunch,25.27%,Scrafty,0
Crunch,56.66%,Silvally,0
Crunch,9.04%,Hippowdon,0
Crunch,92.53%,Sharpedo,0
Crunch,40.59%,Crawdaunt,0
Crunch,4.62%,Stoutland,0
Crunch,8.46%,Lycanroc Midday Form,0
Crunch,9.39%,Lycanroc Midnight Form,0
Rain Dance,6.78%,Thundurus Incarnate Forme,0
Rain Dance,12.39%,Tornadus Incarnate Forme,0
Rain Dance,29.45%,Raikou,0
Rain Dance,18.75%,Klefki,0
Rain Dance,76.32%,Luxray,0
Rain Dance,12.44%,Magneton,0
Iron Tail,6.07%,Thundurus Incarnate Forme,0
Iron Tail,31.53%,Zygarde Complete Forme,0
Iron Tail,14.64%,Rhyperior,0
Iron Tail,32.07%,Leafeon,0
Iron Tail,19.47%,Goodra,0
Iron Tail,6.81%,Haxorus,0
Iron Tail,67.69%,Flareon,0
Iron Tail,72.92%,Lycanroc Midnight Form,0
Grass Knot,3.81%,Thundurus Incarnate Forme,0
Grass Knot,5.61%,Tapu Fini,0
Grass Knot,8.98%,Landorus Incarnate Forme,0
Grass Knot,12.26%,Tapu Koko,0
Grass Knot,67.78%,Thundurus Therian Forme,0
Grass Knot,9.45%,Mewtwo,0
Grass Knot,10.55%,Pikachu,0
Grass Knot,74.49%,Nihilego,0
Grass Knot,9.42%,Cherrim,0
Grass Knot,43.08%,Alolan Exeggutor,0
Grass Knot,31.72%,Xurkitree,0
Grass Knot,4.07%,Zoroark,0
Grass Knot,8.07%,Alolan Raichu,0
Grass Knot,14.65%,Wigglytuff,0
Earthquake,93.10%,Landorus Therian Forme,0
Earthquake,94.25%,Solgaleo,0
Earthquake,11.27%,Seismitoad,0
Earthquake,56.71%,Ho-oh,0
Earthquake,10.44%,Rayquaza,0
Earthquake,7.92%,Celesteela,0
Earthquake,15.20%,Metagross,0
Earthquake,68.90%,Dusk Mane Necrozma,0
Earthquake,13.78%,Dracovish,0
Earthquake,28.74%,Darmanitan Galarian Standard Mode,0
Earthquake,22.51%,Snorlax,0
Earthquake,14.97%,Mewtwo,0
Earthquake,8.31%,Salamence,0
Earthquake,8.79%,Tyranitar,0
Earthquake,9.24%,Gyarados,0
Earthquake,85.84%,Garchomp,0
Earthquake,6.09%,Kangaskhan,0
Earthquake,64.96%,Krookodile,0
Earthquake,51.83%,Excadrill,0
Earthquake,3.35%,Sceptile,0
Earthquake,87.03%,Greedent,0
Earthquake,6.96%,Lucario,0
Earthquake,38.58%,Dragonite,0
Earthquake,46.32%,Darmanitan Standard Mode,0
Earthquake,7.81%,Aerodactyl,0
Earthquake,8.01%,Drednaw,0
Earthquake,60.13%,Rhyperior,0
Earthquake,91.90%,Electivire,0
Earthquake,24.52%,Abomasnow,0
Earthquake,11.24%,Diggersby,0
Earthquake,27.48%,Giratina Altered Forme,0
Earthquake,6.81%,Wishiwashi Solo Form,0
Earthquake,39.57%,Terrakion,0
Earthquake,9.51%,Tauros,0
Earthquake,90.91%,Dugtrio,0
Earthquake,88.25%,Tyrantrum,0
Earthquake,19.39%,Blaziken,0
Earthquake,90.03%,Haxorus,0
Earthquake,18.83%,Dhelmise,0
Earthquake,30.16%,Runerigus,0
Earthquake,7.64%,Copperajah,0
Earthquake,16.18%,Hippowdon,0
Earthquake,13.20%,Sandaconda,0
Earthquake,6.95%,Heracross,0
Earthquake,10.44%,Claydol,0
Earthquake,17.88%,Flygon,0
Earthquake,94.41%,Crustle,0
Earthquake,22.50%,Dusknoir,0
Earthquake,11.41%,Drapion,0
Earthquake,57.46%,Passimian,0
Earthquake,38.83%,Marowak,0
Earthquake,22.62%,Alolan Sandslash,0
Earthquake,15.22%,Golurk,0
Earthquake,10.37%,Hitmonlee,0
Earthquake,21.90%,Scolipede,0
Earthquake,21.78%,Sandslash,0
Earthquake,30.19%,Steelix,0
Earth Power,7.28%,Landorus Therian Forme,0
Earth Power,98.80%,Gastrodon,0
Earth Power,72.41%,Palkia,0
Earth Power,63.73%,Venusaur,0
Earth Power,87.84%,Dialga,0
Earth Power,23.09%,Torkoal,0
Earth Power,97.71%,White Kyurem,0
Earth Power,7.54%,Seismitoad,0
Earth Power,7.21%,Ho-oh,0
Earth Power,55.01%,Rayquaza,0
Earth Power,86.06%,Reshiram,0
Earth Power,95.19%,Lugia,0
Earth Power,99.47%,Landorus Incarnate Forme,0
Earth Power,16.31%,Dusk Mane Necrozma,0
Earth Power,93.96%,Hydreigon,0
Earth Power,64.63%,Zekrom,0
Earth Power,17.64%,Cradily,0
Earth Power,90.59%,Heatran,0
Earth Power,39.41%,Abomasnow,0
Earth Power,34.20%,Giratina Altered Forme,0
Earth Power,4.83%,Black Kyurem,0
Earth Power,98.13%,Palossand,0
Earth Power,63.53%,Cursola,0
Earth Power,73.56%,Flygon,0
Yawn,96.99%,Gastrodon,0
Yawn,59.18%,Blastoise,0
Yawn,64.41%,Torkoal,0
Yawn,41.33%,Togekiss,0
Yawn,97.72%,Umbreon,0
Yawn,38.75%,Liepard,0
Yawn,25.29%,Meowstic Male,0
Yawn,35.13%,Snorlax,0
Yawn,95.45%,Swampert,0
Yawn,27.78%,Slowbro,0
Yawn,13.56%,Oranguru,0
Yawn,67.57%,Accelgor,0
Yawn,50.97%,Glaceon,0
Yawn,36.71%,Togetic,0
Yawn,23.97%,Sylveon,0
Yawn,79.92%,Slurpuff,0
Yawn,72.35%,Hippowdon,0
Yawn,3.10%,Vaporeon,0
Yawn,43.57%,Golduck,0
Yawn,9.18%,Galarian Slowbro,0
Yawn,27.73%,Stoutland,0
Yawn,11.08%,Jolteon,0
Icy Wind,14.35%,Gastrodon,0
Icy Wind,24.59%,Porygon2,0
Icy Wind,66.04%,Tornadus Incarnate Forme,0
Icy Wind,19.77%,Blastoise,0
Icy Wind,28.33%,Kingdra,0
Icy Wind,15.55%,Tapu Fini,0
Icy Wind,7.15%,Lapras,0
Icy Wind,50.31%,Pheromosa,0
Icy Wind,24.12%,Clefairy,0
Icy Wind,6.22%,Lugia,0
Icy Wind,23.79%,Suicune,0
Icy Wind,68.31%,Weavile,0
Icy Wind,94.65%,Alolan Persian,0
Icy Wind,22.10%,Milotic,0
Icy Wind,54.36%,Inteleon,0
Icy Wind,96.54%,Sneasel,0
Icy Wind,83.06%,Politoed,0
Icy Wind,31.84%,Ludicolo,0
Icy Wind,46.02%,Alolan Ninetales,0
Icy Wind,21.91%,Gyarados,0
Icy Wind,47.10%,Froslass,0
Icy Wind,32.44%,Latias,0
Icy Wind,44.26%,Obstagoon,0
Icy Wind,6.90%,Kabutops,0
Icy Wind,11.07%,Articuno,0
Icy Wind,29.96%,Cresselia,0
Icy Wind,3.26%,Black Kyurem,0
Icy Wind,20.97%,Gengar,0
Icy Wind,36.28%,Glaceon,0
Icy Wind,95.43%,Mime Galarian Mr. Mime,0
Icy Wind,94.66%,Qwilfish,0
Icy Wind,10.36%,Starmie,0
Icy Wind,15.35%,Vaporeon,0
Icy Wind,33.61%,Golduck,0
Icy Wind,14.19%,Vanilluxe,0
Icy Wind,7.75%,Seaking,0
Icy Wind,12.63%,Tentacruel,0
Icy Wind,34.51%,Lickilicky,0
Blast Burn,88.24%,Charizard,0
Hurricane,80.42%,Charizard,0
Hurricane,94.99%,Tornadus Incarnate Forme,0
Hurricane,96.63%,Zapdos,0
Hurricane,70.55%,Kingdra,0
Hurricane,46.56%,Rayquaza,0
Hurricane,40.22%,Galarian Moltres,0
Hurricane,53.42%,Mewtwo,0
Hurricane,68.78%,Salamence,0
Hurricane,87.91%,Galarian Articuno,0
Hurricane,95.72%,Pelipper,0
Hurricane,99.63%,Moltres,0
Hurricane,24.63%,Butterfree,0
Hurricane,4.83%,Dragonite,0
Hurricane,67.07%,Articuno,0
Hurricane,99.15%,Mantine,0
Hurricane,42.07%,Noivern,0
Hurricane,19.82%,Decidueye,0
Hurricane,90.91%,Noctowl,0
Ancient Power,49.00%,Charizard,0
Ancient Power,18.70%,Regidrago,0
Ancient Power,9.45%,Galarian Moltres,0
Ancient Power,11.21%,Mewtwo,0
Ancient Power,17.99%,Galarian Articuno,0
Ancient Power,41.54%,Cradily,0
Ancient Power,7.80%,Stonjourner,0
Ancient Power,7.29%,Giratina Altered Forme,0
Ancient Power,7.55%,Tangrowth,0
Heat Wave,38.93%,Charizard,0
Heat Wave,32.10%,Yveltal,0
Heat Wave,73.26%,Zapdos,0
Heat Wave,47.30%,Torkoal,0
Heat Wave,5.62%,Ho-oh,0
Heat Wave,92.38%,Coalossal,0
Heat Wave,14.96%,Reshiram,0
Heat Wave,48.54%,Arcanine,0
Heat Wave,80.86%,Volcarona,0
Heat Wave,11.51%,Salamence,0
Heat Wave,51.68%,Moltres,0
Heat Wave,85.72%,Chandelure,0
Heat Wave,9.77%,Blacephalon,0
Heat Wave,55.98%,Heatran,0
Heat Wave,65.53%,Blaziken,0
Heat Wave,6.12%,Togetic,0
Heat Wave,68.34%,Turtonator,0
Heat Wave,60.43%,Salazzle,0
Heat Wave,79.38%,Ninetales,0
Heat Wave,7.06%,Noivern,0
Heat Wave,5.76%,Noctowl,0
Solar Beam,16.25%,Charizard,0
Solar Beam,11.09%,Torkoal,0
Solar Beam,91.81%,Coalossal,0
Solar Beam,45.99%,Reshiram,0
Solar Beam,21.13%,Talonflame,0
Solar Beam,9.89%,Heliolisk,0
Solar Beam,29.07%,Moltres,0
Solar Beam,42.02%,Blacephalon,0
Solar Beam,26.83%,Heatran,0
Solar Beam,9.17%,Lilligant,0
Solar Beam,67.83%,Ninetales,0
Solar Beam,26.85%,Vileplume,0
Air Slash,15.09%,Charizard,0
Air Slash,9.32%,Ho-oh,0
Air Slash,37.44%,Togekiss,0
Air Slash,7.55%,Rayquaza,0
Air Slash,61.18%,Celesteela,0
Air Slash,49.83%,Galarian Moltres,0
Air Slash,77.37%,Inteleon,0
Air Slash,10.66%,Galarian Articuno,0
Air Slash,9.36%,Shiftry,0
Air Slash,29.79%,Articuno,0
Air Slash,10.33%,Virizion,0
Air Slash,43.87%,Emolga,0
Air Slash,41.92%,Noivern,0
Air Slash,4.60%,Flygon,0
Air Slash,19.74%,Sigilyph,0
Air Slash,7.72%,Decidueye,0
Air Slash,100.00%,Fan Rotom,0
Air Slash,6.99%,Dunsparce,0
Helping Hand,11.83%,Charizard,0
Helping Hand,92.20%,Indeedee Female,0
Helping Hand,65.19%,Whimsicott,0
Helping Hand,37.54%,Blastoise,0
Helping Hand,12.10%,Urshifu Single Strike Style,0
Helping Hand,38.38%,Dusclops,0
Helping Hand,70.02%,Raichu,0
Helping Hand,11.31%,White Kyurem,0
Helping Hand,14.10%,Sableye,0
Helping Hand,5.87%,Urshifu Rapid Strike Style,0
Helping Hand,96.72%,Gothitelle,0
Helping Hand,27.47%,Heat Rotom,0
Helping Hand,82.77%,Togekiss,0
Helping Hand,61.22%,Indeedee Male,0
Helping Hand,16.85%,Comfey,0
Helping Hand,50.98%,Lapras,0
Helping Hand,15.33%,Arcanine,0
Helping Hand,13.61%,Zamazenta Crowned Shield,0
Helping Hand,94.23%,Clefairy,0
Helping Hand,31.10%,Mienshao,0
Helping Hand,19.98%,Suicune,0
Helping Hand,63.51%,Tsareena,0
Helping Hand,26.02%,Hitmontop,0
Helping Hand,21.21%,Shuckle,0
Helping Hand,15.92%,Milotic,0
Helping Hand,18.59%,Wash Rotom,0
Helping Hand,83.95%,Politoed,0
Helping Hand,37.30%,Pikachu,0
Helping Hand,7.87%,Togedemaru,0
Helping Hand,91.49%,Cherrim,0
Helping Hand,22.87%,Riolu,0
Helping Hand,47.12%,Latias,0
Helping Hand,84.70%,Clefable,0
Helping Hand,11.15%,Rhyperior,0
Helping Hand,52.56%,Cresselia,0
Helping Hand,98.72%,Mr. Rime,0
Helping Hand,93.04%,Wishiwashi Solo Form,0
Helping Hand,46.68%,Boltund,0
Helping Hand,12.27%,Luxray,0
Helping Hand,8.79%,Mow Rotom,0
Helping Hand,14.69%,Cinccino,0
Helping Hand,83.87%,Blissey,0
Helping Hand,41.36%,Mime Galarian Mr. Mime,0
Helping Hand,32.77%,Lilligant,0
Helping Hand,25.79%,Togetic,0
Helping Hand,11.10%,Sylveon,0
Helping Hand,15.47%,Slurpuff,0
Helping Hand,54.20%,Emolga,0
Helping Hand,46.64%,Ribombee,0
Helping Hand,76.09%,Vaporeon,0
Helping Hand,35.36%,Mr. Mime,0
Helping Hand,51.44%,Lopunny,0
Helping Hand,46.58%,Aromatisse,0
Helping Hand,7.96%,Stoutland,0
Helping Hand,18.88%,Dedenne,0
Helping Hand,9.93%,Reuniclus,0
Helping Hand,16.91%,Maractus,0
Helping Hand,12.68%,Lickilicky,0
Spore,99.94%,Amoonguss,0
Spore,90.82%,Shiinotic,0
Rage Powder,99.64%,Amoonguss,0
Rage Powder,95.95%,Volcarona,0
Rage Powder,81.33%,Butterfree,0
Rage Powder,81.00%,Tangrowth,0
Rage Powder,99.84%,Tangela,0
Pollen Puff,46.93%,Amoonguss,0
Pollen Puff,79.36%,Butterfree,0
Pollen Puff,82.62%,Cherrim,0
Pollen Puff,28.56%,Lilligant,0
Pollen Puff,74.44%,Ribombee,0
Pollen Puff,15.56%,Shiinotic,0
Pollen Puff,94.13%,Eldegoss,0
Giga Drain,19.30%,Amoonguss,0
Giga Drain,37.77%,Comfey,0
Giga Drain,21.75%,Celesteela,0
Giga Drain,9.26%,Araquanid,0
Giga Drain,7.31%,Hatterene,0
Giga Drain,20.10%,Ludicolo,0
Giga Drain,5.02%,Sceptile,0
Giga Drain,9.12%,Exeggutor,0
Giga Drain,51.13%,Cradily,0
Giga Drain,39.79%,Appletun,0
Giga Drain,16.09%,Abomasnow,0
Giga Drain,7.04%,Palossand,0
Giga Drain,13.25%,Lilligant,0
Giga Drain,14.51%,Shiinotic,0
Giga Drain,6.23%,Roserade,0
Giga Drain,38.13%,Tangrowth,0
Giga Drain,78.72%,Polteageist,0
Giga Drain,84.39%,Eldegoss,0
Giga Drain,12.84%,Vileplume,0
Giga Drain,29.15%,Cursola,0
Giga Drain,47.49%,Maractus,0
Giga Drain,36.66%,Tentacruel,0
Seed Bomb,8.79%,Amoonguss,0
Seed Bomb,23.83%,Calyrex Ice Rider,0
Seed Bomb,8.03%,Celesteela,0
Seed Bomb,15.05%,Perrserker,0
Seed Bomb,8.63%,Morpeko Full Belly Mode,0
Seed Bomb,77.47%,Gourgeist Super Size,0
Seed Bomb,9.69%,Passimian,0
Hex,7.76%,Amoonguss,0
Hex,36.40%,Pincurchin,0
Hex,13.92%,Galarian Corsola,0
Follow Me,99.82%,Indeedee Female,0
Follow Me,96.58%,Togekiss,0
Follow Me,98.90%,Clefairy,0
Follow Me,93.00%,Clefable,0
Follow Me,97.20%,Togetic,0
Mystical Fire,6.71%,Indeedee Female,0
Mystical Fire,24.64%,Eternatus,0
Mystical Fire,8.85%,Alcremie,0
Mystical Fire,82.51%,Hatterene,0
Mystical Fire,13.23%,Blacephalon,0
Mystical Fire,82.89%,Clefable,0
Mystical Fire,78.22%,Sylveon,0
Mystical Fire,10.51%,Gardevoir,0
Safeguard,6.62%,Indeedee Female,0
Safeguard,17.91%,Mimikyu,0
Safeguard,20.68%,Araquanid,0
Safeguard,50.63%,Arcanine,0
Safeguard,12.19%,Slowking,0
Safeguard,9.60%,Cherrim,0
Safeguard,28.66%,Altaria,0
Safeguard,15.12%,Klefki,0
Shadow Ball,5.05%,Indeedee Female,0
Shadow Ball,37.30%,Porygon2,0
Shadow Ball,58.80%,Tapu Lele,0
Shadow Ball,3.44%,Dragapult,0
Shadow Ball,21.54%,Indeedee Male,0
Shadow Ball,96.69%,Spectrier,0
Shadow Ball,33.41%,Chansey,0
Shadow Ball,37.89%,Mewtwo,0
Shadow Ball,7.62%,Wash Rotom,0
Shadow Ball,25.86%,Galarian Articuno,0
Shadow Ball,6.40%,Drifblim,0
Shadow Ball,83.89%,Chandelure,0
Shadow Ball,61.22%,Aegislash Shield Forme,0
Shadow Ball,59.49%,Jellicent,0
Shadow Ball,83.47%,Blacephalon,0
Shadow Ball,21.76%,Abomasnow,0
Shadow Ball,25.45%,Giratina Altered Forme,0
Shadow Ball,85.18%,Gengar,0
Shadow Ball,79.46%,Palossand,0
Shadow Ball,6.66%,Sylveon,0
Shadow Ball,22.83%,Alakazam,0
Shadow Ball,63.94%,Cofagrigus,0
Shadow Ball,6.28%,Vaporeon,0
Shadow Ball,97.52%,Polteageist,0
Shadow Ball,5.63%,Noivern,0
Shadow Ball,44.10%,Jolteon,0
Shadow Ball,99.08%,Cursola,0
Shadow Ball,8.17%,Reuniclus,0
Shadow Ball,29.56%,Exploud,0
Shadow Ball,26.02%,Galarian Corsola,0
Shadow Ball,27.83%,Decidueye,0
Tailwind,99.57%,Whimsicott,0
Tailwind,99.85%,Tornadus Incarnate Forme,0
Tailwind,98.84%,Suicune,0
Tailwind,99.90%,Talonflame,0
Tailwind,16.81%,Galarian Articuno,0
Tailwind,78.91%,Pelipper,0
Tailwind,99.75%,Drifblim,0
Tailwind,66.78%,Butterfree,0
Tailwind,99.84%,Altaria,0
Tailwind,62.37%,Mandibuzz,0
Tailwind,77.58%,Latias,0
Tailwind,87.62%,Aerodactyl,0
Tailwind,85.31%,Articuno,0
Tailwind,77.59%,Corviknight,0
Tailwind,17.02%,Mantine,0
Tailwind,99.06%,Crobat,0
Tailwind,29.34%,Braviary,0
Tailwind,94.41%,Unfezant,0
Tailwind,70.61%,Noivern,0
Tailwind,89.62%,Sigilyph,0
Moonblast,55.76%,Whimsicott,0
Moonblast,86.40%,Xerneas,0
Moonblast,6.57%,Lunala,0
Moonblast,80.35%,Tapu Fini,0
Moonblast,91.88%,Tapu Lele,0
Moonblast,31.05%,Clefairy,0
Moonblast,20.63%,Alolan Ninetales,0
Moonblast,85.87%,Primarina,0
Moonblast,5.14%,Clefable,0
Moonblast,15.40%,Cresselia,0
Moonblast,7.98%,Sylveon,0
Moonblast,53.77%,Ribombee,0
Moonblast,83.59%,Shiinotic,0
Moonblast,7.13%,Aromatisse,0
Moonblast,26.09%,Gardevoir,0
Switcheroo,19.61%,Whimsicott,0
Switcheroo,6.16%,Klefki,0
Switcheroo,51.28%,Lopunny,0
Cotton Spore,18.73%,Whimsicott,0
Cotton Spore,4.32%,Eldegoss,0
Dazzling Gleam,10.30%,Whimsicott,0
Dazzling Gleam,88.56%,Xerneas,0
Dazzling Gleam,12.95%,Tapu Fini,0
Dazzling Gleam,74.92%,Tapu Lele,0
Dazzling Gleam,88.14%,Togekiss,0
Dazzling Gleam,19.88%,Indeedee Male,0
Dazzling Gleam,31.83%,Alcremie,0
Dazzling Gleam,21.80%,Tapu Koko,0
Dazzling Gleam,98.52%,Hatterene,0
Dazzling Gleam,44.60%,Alolan Ninetales,0
Dazzling Gleam,16.84%,Klefki,0
Dazzling Gleam,6.20%,Clefable,0
Dazzling Gleam,72.01%,Xurkitree,0
Dazzling Gleam,37.99%,Gengar,0
Dazzling Gleam,6.11%,Espeon,0
Dazzling Gleam,53.21%,Togetic,0
Dazzling Gleam,81.68%,Slurpuff,0
Dazzling Gleam,75.54%,Alakazam,0
Dazzling Gleam,23.36%,Starmie,0
Dazzling Gleam,13.23%,Ribombee,0
Dazzling Gleam,34.59%,Mr. Mime,0
Dazzling Gleam,7.84%,Shiinotic,0
Dazzling Gleam,82.28%,Aromatisse,0
Dazzling Gleam,97.58%,Wigglytuff,0
Dazzling Gleam,73.77%,Gardevoir,0
Dazzling Gleam,7.20%,Tentacruel,0
Encore,6.48%,Whimsicott,0
Encore,51.54%,Accelgor,0
Encore,7.81%,Togetic,0
Encore,5.50%,Alolan Raichu,0
Encore,9.38%,Ninetales,0
Encore,4.93%,Emolga,0
Encore,7.98%,Lopunny,0
Oblivion Wing,94.88%,Yveltal,1
Dark Pulse,55.43%,Yveltal,0
Dark Pulse,5.63%,Tornadus Incarnate Forme,0
Dark Pulse,31.22%,Blastoise,0
Dark Pulse,83.48%,Hydreigon,0
Dark Pulse,13.35%,Thundurus Therian Forme,0
Dark Pulse,10.09%,Inteleon,0
Dark Pulse,11.83%,Hatterene,0
Dark Pulse,45.55%,Porygon-Z,0
Dark Pulse,44.91%,Duraludon,0
Dark Pulse,22.44%,Mow Rotom,0
Dark Pulse,48.63%,Zoroark,0
Dark Pulse,51.13%,Clawitzer,0
Dark Pulse,16.80%,Thievul,0
Dark Pulse,20.05%,Ninetales,0
Dark Pulse,18.34%,Frost Rotom,0
Dark Pulse,13.21%,Polteageist,0
Dark Pulse,19.87%,Noivern,0
Dark Pulse,8.06%,Beheeyem,0
Sucker Punch,46.60%,Yveltal,0
Sucker Punch,98.10%,Urshifu Single Strike Style,0
Sucker Punch,22.29%,Sableye,0
Sucker Punch,92.16%,Cinderace,0
Sucker Punch,7.12%,Dragapult,0
Sucker Punch,13.31%,Liepard,0
Sucker Punch,6.39%,Hitmontop,0
Sucker Punch,6.97%,Meowstic Male,0
Sucker Punch,16.92%,Galarian Moltres,0
Sucker Punch,98.24%,Kangaskhan,0
Sucker Punch,78.22%,Shiftry,0
Sucker Punch,61.56%,Pincurchin,0
Sucker Punch,96.16%,Bisharp,0
Sucker Punch,95.40%,Dugtrio,0
Sucker Punch,27.51%,Grapploct,0
Sucker Punch,6.89%,Zoroark,0
Sucker Punch,27.79%,Golisopod,0
Sucker Punch,4.62%,Lycanroc Dusk Form,0
Sucker Punch,4.66%,Decidueye,0
Sucker Punch,29.13%,Maractus,0
Sucker Punch,26.14%,Lycanroc Midday Form,0
Glacial Lance,99.99%,Calyrex Ice Rider,0
Body Press,16.53%,Calyrex Ice Rider,0
Body Press,74.99%,Ferrothorn,0
Body Press,44.19%,Torkoal,0
Body Press,91.00%,Bronzong,0
Body Press,13.14%,Glastrier,0
Body Press,53.53%,Stakataka,0
Body Press,25.69%,Slowbro,0
Body Press,52.71%,Mudsdale,0
Body Press,44.86%,Gigalith,0
Body Press,26.62%,Appletun,0
Body Press,97.88%,Registeel,0
Body Press,64.22%,Stonjourner,0
Body Press,30.90%,Corviknight,0
Body Press,45.47%,Kommo-o,0
Body Press,71.58%,Runerigus,0
Body Press,12.10%,Copperajah,0
Body Press,30.48%,Hippowdon,0
Body Press,52.36%,Cofagrigus,0
Body Press,7.15%,Turtonator,0
Body Press,62.44%,Magnezone,0
Body Press,12.08%,Sandaconda,0
Body Press,70.58%,Miltank,0
Body Press,49.78%,Claydol,0
Body Press,8.18%,Lickilicky,0
Body Press,92.58%,Steelix,0
Iron Defense,15.77%,Calyrex Ice Rider,0
Iron Defense,64.48%,Ferrothorn,0
Iron Defense,82.21%,Bronzong,0
Iron Defense,13.67%,Slowking,0
Iron Defense,25.56%,Slowbro,0
Iron Defense,12.55%,Gigalith,0
Iron Defense,27.02%,Appletun,0
Iron Defense,96.19%,Registeel,0
Iron Defense,10.61%,Corviknight,0
Iron Defense,45.47%,Kommo-o,0
Iron Defense,6.99%,Turtonator,0
Spacial Rend,95.30%,Palkia,0
Hydro Pump,87.34%,Palkia,0
Hydro Pump,57.37%,Kingdra,0
Hydro Pump,5.34%,Tapu Fini,0
Hydro Pump,6.11%,Seismitoad,0
Hydro Pump,93.47%,Lapras,0
Hydro Pump,9.45%,Milotic,0
Hydro Pump,84.00%,Wash Rotom,0
Hydro Pump,28.99%,Ludicolo,0
Hydro Pump,70.10%,Slowbro,0
Hydro Pump,24.02%,Pincurchin,0
Hydro Pump,4.72%,Jellicent,0
Hydro Pump,93.18%,Wishiwashi Solo Form,0
Hydro Pump,82.96%,Mantine,0
Hydro Pump,39.35%,Starmie,0
Hydro Pump,4.91%,Golduck,0
Hydro Pump,8.82%,Galarian Slowbro,0
Hydro Pump,17.14%,Crawdaunt,0
Hydro Pump,15.89%,Cursola,0
Hydro Pump,12.16%,Exploud,0
Hydro Pump,50.96%,Tentacruel,0
Hydro Pump,26.03%,Dragalge,0
Flamethrower,21.26%,Palkia,0
Flamethrower,7.40%,Dialga,0
Flamethrower,15.51%,Torkoal,0
Flamethrower,72.59%,Eternatus,0
Flamethrower,8.87%,Dragapult,0
Flamethrower,13.64%,Celesteela,0
Flamethrower,29.26%,Arcanine,0
Flamethrower,44.14%,Mewtwo,0
Flamethrower,68.51%,Salamence,0
Flamethrower,12.19%,Slowking,0
Flamethrower,32.40%,Alolan Exeggutor,0
Flamethrower,22.75%,Blacephalon,0
Flamethrower,27.35%,Heatran,0
Flamethrower,32.07%,Goodra,0
Flamethrower,38.34%,Silvally,0
Flamethrower,95.42%,Manectric,0
Flamethrower,37.55%,Kommo-o,0
Flamethrower,9.90%,Blissey,0
Flamethrower,87.07%,Drampa,0
Flamethrower,16.79%,Zoroark,0
Flamethrower,13.07%,Slurpuff,0
Flamethrower,14.87%,Turtonator,0
Flamethrower,14.11%,Salazzle,0
Flamethrower,7.06%,Galarian Slowbro,0
Flamethrower,15.16%,Noivern,0
Flamethrower,73.15%,Flygon,0
Flamethrower,64.58%,Exploud,0
Flamethrower,58.70%,Wigglytuff,0
Flamethrower,4.82%,Lickilicky,0
Recover,67.51%,Porygon2,0
Recover,37.96%,Ho-oh,0
Recover,34.98%,Eternatus,0
Recover,81.56%,Lugia,0
Recover,74.77%,Alcremie,0
Recover,32.26%,Milotic,0
Recover,99.92%,Toxapex,0
Recover,6.34%,Jellicent,0
Recover,13.82%,Latias,0
Recover,20.24%,Cradily,0
Recover,27.73%,Reuniclus,0
Recover,4.32%,Orbeetle,0
Tri Attack,22.80%,Porygon2,0
Tri Attack,53.85%,Porygon-Z,0
Tri Attack,10.72%,Blissey,0
Ally Switch,16.62%,Porygon2,0
Ally Switch,96.98%,Shedinja,0
Ally Switch,26.31%,Sableye,0
Ally Switch,74.34%,Gothitelle,0
Ally Switch,82.71%,Bronzong,0
Ally Switch,11.75%,Togekiss,0
Ally Switch,6.32%,Dragapult,0
Ally Switch,53.81%,Comfey,0
Ally Switch,15.68%,Metagross,0
Ally Switch,5.65%,Clefairy,0
Ally Switch,68.45%,Mienshao,0
Ally Switch,34.47%,Chansey,0
Ally Switch,5.42%,Dusk Mane Necrozma,0
Ally Switch,4.95%,Meowstic Male,0
Ally Switch,37.05%,Wash Rotom,0
Ally Switch,16.24%,Alolan Marowak,0
Ally Switch,59.19%,Kingler,0
Ally Switch,77.42%,Oranguru,0
Ally Switch,6.42%,Nihilego,0
Ally Switch,9.19%,Heliolisk,0
Ally Switch,31.46%,Chandelure,0
Ally Switch,89.32%,Froslass,0
Ally Switch,23.80%,Latias,0
Ally Switch,96.01%,Trevenant,0
Ally Switch,94.64%,Swoobat,0
Ally Switch,34.49%,Cresselia,0
Ally Switch,86.07%,Dugtrio,0
Ally Switch,16.55%,Gengar,0
Ally Switch,80.59%,Espeon,0
Ally Switch,51.22%,Hawlucha,0
Ally Switch,6.02%,Mime Galarian Mr. Mime,0
Ally Switch,12.48%,Dhelmise,0
Ally Switch,9.59%,Runerigus,0
Ally Switch,71.91%,Cofagrigus,0
Ally Switch,45.57%,Ribombee,0
Ally Switch,13.04%,Mr. Mime,0
Ally Switch,9.99%,Magnezone,0
Ally Switch,3.87%,Gallade,0
Ally Switch,33.34%,Gourgeist Small Size,0
Ally Switch,11.03%,Malamar,0
Ally Switch,13.43%,Frost Rotom,0
Ally Switch,4.86%,Polteageist,0
Ally Switch,14.57%,Aromatisse,0
Ally Switch,67.22%,Claydol,0
Ally Switch,43.42%,Dedenne,0
Ally Switch,10.64%,Dusknoir,0
Ally Switch,12.64%,Wigglytuff,0
Brutal Swing,9.28%,Tornadus Incarnate Forme,0
Brutal Swing,3.67%,Raichu,0
Brutal Swing,19.04%,Oranguru,0
Brutal Swing,41.96%,Krookodile,0
Brutal Swing,19.26%,Dracozolt,0
Brutal Swing,38.67%,Alolan Exeggutor,0
Brutal Swing,10.42%,Goodra,0
Brutal Swing,9.29%,Scyther,0
Detect,28.53%,Zapdos,0
Detect,22.81%,Urshifu Single Strike Style,0
Detect,21.08%,Urshifu Rapid Strike Style,0
Detect,8.12%,Galarian Zapdos,0
Detect,26.11%,Alolan Marowak,0
Detect,38.05%,Riolu,0
Detect,9.86%,Conkeldurr,0
Detect,17.95%,Blaziken,0
Detect,54.96%,Grapploct,0
Detect,3.88%,Zoroark,0
Detect,29.66%,Sirfetch'd,0
Detect,10.53%,Unfezant,0
Detect,27.26%,Jolteon,0
Detect,43.44%,Marowak,0
Detect,23.34%,Flareon,0
Roost,15.03%,Zapdos,0
Roost,25.81%,Mandibuzz,0
Roost,10.69%,Dragonite,0
Roost,81.88%,Corviknight,0
Roost,46.22%,Dunsparce,0
Roost,91.58%,Noctowl,0
Weather Ball,13.41%,Zapdos,0
Weather Ball,74.34%,Venusaur,0
Weather Ball,20.38%,Thundurus Therian Forme,0
Weather Ball,8.60%,Ludicolo,0
Weather Ball,83.58%,Heliolisk,0
Weather Ball,51.64%,Moltres,0
Weather Ball,92.09%,Drifblim,0
Weather Ball,47.69%,Articuno,0
Weather Ball,19.46%,Leafeon,0
Weather Ball,37.49%,Glaceon,0
Weather Ball,48.14%,Espeon,0
Weather Ball,24.21%,Jolteon,0
Weather Ball,84.61%,Maractus,0
Leaf Blade,99.83%,Kartana,0
Leaf Blade,26.86%,Shiftry,0
Leaf Blade,7.62%,Sceptile,0
Leaf Blade,76.99%,Lurantis,0
Leaf Blade,51.14%,Leafeon,0
Leaf Blade,73.10%,Virizion,0
Leaf Blade,51.72%,Sirfetch'd,0
Leaf Blade,22.64%,Gallade,0
Leaf Blade,50.74%,Decidueye,0
Smart Strike,98.39%,Kartana,0
Smart Strike,9.79%,Cobalion,0
Smart Strike,6.01%,Seaking,0
Aerial Ace,90.58%,Kartana,0
Aerial Ace,29.69%,Dracozolt,0
Aerial Ace,10.72%,Gallade,0
Aerial Ace,23.49%,Heracross,0
Hydro Cannon,85.94%,Blastoise,0
Terrain Pulse,7.78%,Blastoise,0
Terrain Pulse,79.63%,Clawitzer,0
Sleep Powder,87.98%,Venusaur,0
Sleep Powder,96.23%,Butterfree,0
Sleep Powder,83.25%,Alolan Exeggutor,0
Sleep Powder,93.86%,Lilligant,0
Sleep Powder,92.89%,Roserade,0
Sleep Powder,72.67%,Tangrowth,0
Sleep Powder,99.80%,Tangela,0
Sleep Powder,88.36%,Eldegoss,0
Sleep Powder,94.01%,Vileplume,0
Sludge Bomb,41.10%,Venusaur,0
Sludge Bomb,83.79%,Weezing,0
Sludge Bomb,55.99%,Eternatus,0
Sludge Bomb,18.41%,Landorus Incarnate Forme,0
Sludge Bomb,10.88%,Thundurus Therian Forme,0
Sludge Bomb,27.76%,Galarian Weezing,0
Sludge Bomb,87.91%,Nihilego,0
Sludge Bomb,20.44%,Jellicent,0
Sludge Bomb,29.75%,Cradily,0
Sludge Bomb,32.55%,Goodra,0
Sludge Bomb,64.91%,Gengar,0
Sludge Bomb,30.64%,Zoroark,0
Sludge Bomb,27.50%,Salazzle,0
Sludge Bomb,93.61%,Toxtricity Low Key Form,0
Sludge Bomb,16.92%,Galarian Slowbro,0
Sludge Bomb,99.82%,Roserade,0
Sludge Bomb,16.59%,Tangrowth,0
Sludge Bomb,19.63%,Tangela,0
Sludge Bomb,80.15%,Vileplume,0
Sludge Bomb,92.38%,Tentacruel,0
Sludge Bomb,86.90%,Dragalge,0
Frenzy Plant,29.60%,Venusaur,0
Leech Seed,71.18%,Ferrothorn,0
Leech Seed,37.95%,Celesteela,0
Leech Seed,8.53%,Tapu Bulu,0
Leech Seed,4.86%,Cherrim,0
Leech Seed,82.45%,Exeggutor,0
Leech Seed,26.52%,Alolan Exeggutor,0
Leech Seed,50.41%,Cradily,0
Leech Seed,74.63%,Appletun,0
Leech Seed,5.31%,Tangrowth,0
Leech Seed,90.81%,Tangela,0
Leech Seed,33.64%,Maractus,0
Power Whip,54.30%,Ferrothorn,0
Power Whip,90.58%,Seismitoad,0
Power Whip,80.68%,Tsareena,0
Power Whip,72.52%,Gyarados,0
Power Whip,93.60%,Centiskorch,0
Power Whip,19.18%,Goodra,0
Power Whip,72.61%,Dhelmise,0
Power Whip,41.50%,Copperajah,0
Power Whip,40.91%,Gourgeist Small Size,0
Power Whip,17.60%,Gourgeist Super Size,0
Power Whip,15.79%,Lickilicky,0
Power Whip,100.00%,Gourgeist Large Size,0
Gyro Ball,33.77%,Ferrothorn,0
Gyro Ball,76.33%,Stakataka,0
Gyro Ball,86.83%,Greedent,0
Gyro Ball,9.43%,Perrserker,0
Gyro Ball,3.13%,Lickilicky,0
Transform,100.00%,Ditto,1
Wicked Blow,99.41%,Urshifu Single Strike Style,1
Close Combat,98.95%,Urshifu Single Strike Style,0
Close Combat,98.44%,Urshifu Rapid Strike Style,0
Close Combat,13.41%,Barraskewda,0
Close Combat,93.05%,Pheromosa,0
Close Combat,52.68%,Zamazenta Crowned Shield,0
Close Combat,99.30%,Mienshao,0
Close Combat,19.60%,Glastrier,0
Close Combat,77.87%,Hitmontop,0
Close Combat,34.01%,Galarian Zapdos,0
Close Combat,47.33%,Escavalier,0
Close Combat,14.79%,Lucario,0
Close Combat,42.49%,Mudsdale,0
Close Combat,30.29%,Obstagoon,0
Close Combat,61.93%,Scrafty,0
Close Combat,48.93%,Conkeldurr,0
Close Combat,64.67%,Terrakion,0
Close Combat,88.94%,Cobalion,0
Close Combat,5.21%,Machamp,0
Close Combat,11.67%,Tyrantrum,0
Close Combat,30.94%,Blaziken,0
Close Combat,45.63%,Hawlucha,0
Close Combat,10.08%,Haxorus,0
Close Combat,97.33%,Braviary,0
Close Combat,65.52%,Virizion,0
Close Combat,23.18%,Sharpedo,0
Close Combat,79.03%,Sirfetch'd,0
Close Combat,74.37%,Gallade,0
Close Combat,2.55%,Lopunny,0
Close Combat,34.83%,Golisopod,0
Close Combat,89.49%,Lycanroc Dusk Form,0
Close Combat,71.45%,Perrserker,0
Close Combat,81.38%,Bouffalant,0
Close Combat,9.53%,Crawdaunt,0
Close Combat,97.66%,Heracross,0
Close Combat,94.00%,Falinks,0
Close Combat,94.73%,Passimian,0
Close Combat,46.49%,Lycanroc Midday Form,0
Close Combat,28.47%,Poliwrath,0
Close Combat,28.06%,Lycanroc Midnight Form,0
Close Combat,63.55%,Hitmonlee,0
Poison Jab,7.80%,Urshifu Single Strike Style,0
Poison Jab,5.30%,Urshifu Rapid Strike Style,0
Poison Jab,4.80%,Pheromosa,0
Poison Jab,11.25%,Toxicroak,0
Poison Jab,24.12%,Bisharp,0
Poison Jab,19.97%,Conkeldurr,0
Poison Jab,8.24%,Hawlucha,0
Poison Jab,3.35%,Haxorus,0
Poison Jab,19.31%,Sirfetch'd,0
Poison Jab,20.83%,Gallade,0
Poison Jab,8.53%,Golisopod,0
Poison Jab,23.91%,Drapion,0
Poison Jab,7.90%,Poliwrath,0
Poison Jab,9.60%,Hitmonlee,0
Poison Jab,90.14%,Scolipede,0
Poison Jab,6.76%,Dunsparce,0
Geomancy,99.83%,Xerneas,1
Roar Of Time,83.58%,Dialga,1
Flash Cannon,81.21%,Dialga,0
Flash Cannon,11.62%,White Kyurem,0
Flash Cannon,58.06%,Celesteela,0
Flash Cannon,12.51%,Dusk Mane Necrozma,0
Flash Cannon,46.60%,Hydreigon,0
Flash Cannon,57.48%,Aegislash Shield Forme,0
Flash Cannon,92.26%,Duraludon,0
Flash Cannon,70.74%,Heatran,0
Flash Cannon,13.84%,Vikavolt,0
Flash Cannon,13.82%,Kommo-o,0
Flash Cannon,83.46%,Turtonator,0
Flash Cannon,96.76%,Magnezone,0
Flash Cannon,91.96%,Magneton,0
Flash Cannon,11.08%,Reuniclus,0
Flash Cannon,7.32%,Sigilyph,0
Flash Cannon,73.53%,Beheeyem,0
Overheat,16.22%,Dialga,0
Overheat,99.98%,Heat Rotom,0
Overheat,4.59%,Rayquaza,0
Overheat,8.21%,Volcarona,0
Overheat,20.40%,Talonflame,0
Overheat,9.95%,Chandelure,0
Overheat,6.11%,Manectric,0
Overheat,10.98%,Blaziken,0
Overheat,93.98%,Torracat,0
Overheat,21.69%,Salazzle,0
Overheat,48.74%,Ninetales,0
Overheat,11.47%,Exploud,0
Steel Beam,14.88%,Dialga,0
Steel Beam,75.21%,Lucario,0
Steel Beam,8.74%,Duraludon,0
Steel Beam,6.84%,Heatran,0
Steel Beam,8.13%,Magnezone,0
Steel Beam,8.10%,Magneton,0
Power Gem,9.05%,Dialga,0
Power Gem,5.13%,Dusk Mane Necrozma,0
Power Gem,87.35%,Nihilego,0
Power Gem,8.94%,Cursola,0
Dragon Pulse,7.90%,Dialga,0
Dragon Pulse,93.75%,Regidrago,0
Dragon Pulse,4.69%,Heliolisk,0
Dragon Pulse,15.51%,Sceptile,0
Dragon Pulse,20.97%,Duraludon,0
Dragon Pulse,24.04%,Appletun,0
Dragon Pulse,17.42%,Giratina Altered Forme,0
Dragon Pulse,28.15%,Goodra,0
Dragon Pulse,27.60%,Clawitzer,0
Dragon Pulse,10.92%,Turtonator,0
Dragon Pulse,61.96%,Flygon,0
Dragon Pulse,12.99%,Dragalge,0
Shadow Sneak,98.58%,Shedinja,0
Shadow Sneak,62.11%,Dusclops,0
Shadow Sneak,36.81%,Sableye,0
Shadow Sneak,92.86%,Mimikyu,0
Shadow Sneak,95.60%,Giratina Origin Forme,0
Shadow Sneak,67.25%,Aegislash Shield Forme,0
Shadow Sneak,23.61%,Giratina Altered Forme,0
Shadow Sneak,8.97%,Gallade,0
Shadow Sneak,31.46%,Gourgeist Small Size,0
Shadow Sneak,19.47%,Gourgeist Super Size,0
Shadow Sneak,16.29%,Dusknoir,0
Shadow Sneak,27.43%,Decidueye,0
Shadow Sneak,99.99%,Gourgeist Large Size,0
Poltergeist,91.87%,Shedinja,0
Poltergeist,41.90%,Alolan Marowak,0
Poltergeist,82.31%,Giratina Origin Forme,0
Poltergeist,94.70%,Trevenant,0
Poltergeist,83.65%,Dhelmise,0
Poltergeist,32.14%,Runerigus,0
Poltergeist,6.77%,Gourgeist Small Size,0
Poltergeist,92.84%,Dusknoir,0
Poltergeist,48.83%,Decidueye,0
Poltergeist,75.39%,Golurk,0
Endure,82.90%,Shedinja,0
Endure,19.25%,Shuckle,0
Endure,24.72%,Rhyperior,0
Endure,32.89%,Ninjask,0
Endure,15.59%,Lycanroc Midday Form,0
Sunsteel Strike,99.91%,Solgaleo,1
Sunsteel Strike,85.43%,Dusk Mane Necrozma,1
Psychic Fangs,35.66%,Solgaleo,0
Psychic Fangs,24.37%,Dusk Mane Necrozma,0
Psychic Fangs,62.72%,Dracovish,0
Psychic Fangs,10.58%,Luxray,0
Psychic Fangs,6.23%,Sharpedo,0
Psychic Fangs,18.47%,Lycanroc Dusk Form,0
Psychic Fangs,9.60%,Lycanroc Midday Form,0
Psychic Fangs,12.23%,Lycanroc Midnight Form,0
Wide Guard,11.22%,Solgaleo,0
Wide Guard,25.76%,Lunala,0
Wide Guard,60.20%,Regigigas,0
Wide Guard,30.34%,Celesteela,0
Wide Guard,97.83%,Araquanid,0
Wide Guard,52.70%,Zamazenta Crowned Shield,0
Wide Guard,48.49%,Mienshao,0
Wide Guard,78.79%,Hitmontop,0
Wide Guard,46.74%,Stakataka,0
Wide Guard,12.21%,Swampert,0
Wide Guard,20.13%,Pelipper,0
Wide Guard,61.14%,Kingler,0
Wide Guard,33.46%,Aegislash Shield Forme,0
Wide Guard,31.99%,Gigalith,0
Wide Guard,85.89%,Aerodactyl,0
Wide Guard,41.11%,Stonjourner,0
Wide Guard,12.82%,Conkeldurr,0
Wide Guard,94.77%,Mantine,0
Wide Guard,94.08%,Machamp,0
Wide Guard,9.55%,Turtonator,0
Wide Guard,7.53%,Gallade,0
Night Shade,67.74%,Dusclops,0
Night Shade,9.68%,Jellicent,0
Night Shade,4.32%,Runerigus,0
Night Shade,14.73%,Cofagrigus,0
Night Shade,52.40%,Galarian Corsola,0
Pain Split,22.98%,Dusclops,0
Pain Split,13.08%,Giratina Altered Forme,0
Pain Split,3.75%,Dusknoir,0
Haze,9.15%,Dusclops,0
Haze,61.55%,Altaria,0
Haze,83.13%,Crobat,0
Haze,52.48%,Vaporeon,0
Haze,54.89%,Galarian Corsola,0
Eruption,60.99%,Torkoal,0
Burning Jealousy,36.36%,Torkoal,0
Burning Jealousy,33.40%,Zoroark,0
Burning Jealousy,5.73%,Thievul,0
Burning Jealousy,14.32%,Turtonator,0
Burning Jealousy,15.74%,Ninetales,0
Burning Jealousy,46.83%,Cursola,0
Draco Meteor,67.74%,Kingdra,0
Draco Meteor,79.68%,White Kyurem,0
Draco Meteor,3.28%,Dragapult,0
Draco Meteor,58.06%,Rayquaza,0
Draco Meteor,93.07%,Reshiram,0
Draco Meteor,59.59%,Hydreigon,0
Draco Meteor,89.56%,Regidrago,0
Draco Meteor,64.43%,Zekrom,0
Draco Meteor,12.21%,Salamence,0
Draco Meteor,6.13%,Giratina Origin Forme,0
Draco Meteor,7.67%,Altaria,0
Draco Meteor,16.31%,Alolan Exeggutor,0
Draco Meteor,79.11%,Duraludon,0
Draco Meteor,61.08%,Appletun,0
Draco Meteor,8.43%,Giratina Altered Forme,0
Draco Meteor,34.11%,Goodra,0
Draco Meteor,58.20%,Drampa,0
Draco Meteor,77.97%,Turtonator,0
Draco Meteor,91.59%,Noivern,0
Draco Meteor,15.64%,Flygon,0
Draco Meteor,88.58%,Dragalge,0
Outrage,27.00%,Kingdra,0
Outrage,12.29%,Zygarde Complete Forme,0
Outrage,12.74%,Dracovish,0
Outrage,5.21%,Salamence,0
Outrage,8.23%,Tyranitar,0
Outrage,54.13%,Garchomp,0
Outrage,35.97%,Dracozolt,0
Outrage,10.93%,Dragonite,0
Outrage,17.27%,Giratina Altered Forme,0
Outrage,21.10%,Black Kyurem,0
Outrage,11.45%,Goodra,0
Outrage,87.65%,Tyrantrum,0
Outrage,4.00%,Haxorus,0
Outrage,12.23%,Flapple,0
Waterfall,26.48%,Kingdra,0
Waterfall,10.26%,Barraskewda,0
Waterfall,99.41%,Gyarados,0
Waterfall,10.64%,Kabutops,0
Waterfall,10.80%,Eiscue Ice Face,0
Waterfall,53.07%,Sharpedo,0
Waterfall,7.55%,Crawdaunt,0
Waterfall,5.12%,Seaking,0
Waterfall,39.06%,Poliwrath,0
Muddy Water,14.09%,Kingdra,0
Muddy Water,58.17%,Tapu Fini,0
Muddy Water,65.19%,Milotic,0
Muddy Water,26.90%,Ludicolo,0
Muddy Water,60.29%,Slowking,0
Muddy Water,5.40%,Jellicent,0
Muddy Water,8.06%,Vaporeon,0
Muddy Water,17.86%,Golduck,0
Muddy Water,12.16%,Tentacruel,0
Muddy Water,5.12%,Lickilicky,0
Nuzzle,84.64%,Raichu,0
Nuzzle,10.08%,Pikachu,0
Nuzzle,96.41%,Togedemaru,0
Nuzzle,49.07%,Boltund,0
Nuzzle,93.29%,Emolga,0
Nuzzle,83.04%,Dedenne,0
Tail Whip,4.51%,Raichu,0
Feint,3.95%,Raichu,0
Feint,6.53%,Pheromosa,0
Feint,19.54%,Mienshao,0
Feint,15.95%,Weavile,0
Feint,52.65%,Hitmontop,0
Feint,21.70%,Talonflame,0
Feint,85.01%,Toxicroak,0
Feint,34.18%,Riolu,0
Feint,4.84%,Accelgor,0
Sacred Fire,88.43%,Entei,0
Sacred Fire,84.24%,Ho-oh,0
Stomping Tantrum,14.10%,Entei,0
Stomping Tantrum,80.51%,Seismitoad,0
Stomping Tantrum,79.65%,Metagross,0
Stomping Tantrum,50.53%,Galarian Zapdos,0
Stomping Tantrum,7.27%,Garchomp,0
Stomping Tantrum,64.56%,Gigalith,0
Stomping Tantrum,83.17%,Durant,0
Stomping Tantrum,28.73%,Terrakion,0
Stomping Tantrum,97.93%,Garbodor,0
Stomping Tantrum,11.30%,Tyrantrum,0
Stomping Tantrum,71.56%,Arctozolt,0
Stomping Tantrum,17.55%,Lycanroc Midnight Form,0
Stomping Tantrum,4.78%,Lickilicky,0
Moongeist Beam,100.00%,Lunala,1
Moongeist Beam,100.00%,Dawn Wings Necrozma,1
Meteor Beam,94.44%,Lunala,0
Meteor Beam,14.66%,Eternatus,0
Meteor Beam,92.93%,Coalossal,0
Meteor Beam,4.71%,Rayquaza,0
Meteor Beam,95.91%,Dawn Wings Necrozma,0
Meteor Beam,45.65%,Celesteela,0
Meteor Beam,23.50%,Nihilego,0
Meteor Beam,42.17%,Cradily,0
Meteor Beam,41.70%,Starmie,0
Meteor Beam,20.34%,Cursola,0
Meteor Beam,41.93%,Beheeyem,0
Moonlight,5.31%,Lunala,0
Moonlight,79.63%,Umbreon,0
Moonlight,5.29%,Clefable,0
Moonlight,46.02%,Cresselia,0
Freeze Dry,39.13%,White Kyurem,0
Freeze Dry,89.98%,Lapras,0
Freeze Dry,70.52%,Alolan Ninetales,0
Freeze Dry,67.21%,Articuno,0
Freeze Dry,98.57%,Mr. Rime,0
Freeze Dry,99.72%,Glaceon,0
Freeze Dry,91.83%,Vanilluxe,0
Freeze Dry,97.44%,Arctovish,0
Calm Mind,40.07%,Tapu Fini,0
Calm Mind,6.15%,Ho-oh,0
Calm Mind,64.50%,Lugia,0
Calm Mind,67.63%,Alcremie,0
Calm Mind,13.68%,Slowking,0
Calm Mind,41.20%,Galarian Articuno,0
Calm Mind,13.18%,Latias,0
Calm Mind,16.52%,Blacephalon,0
Calm Mind,13.07%,Giratina Altered Forme,0
Calm Mind,34.04%,Cresselia,0
Calm Mind,10.69%,Blissey,0
Calm Mind,3.26%,Orbeetle,0
Calm Mind,5.98%,Noctowl,0
Heal Pulse,31.41%,Tapu Fini,0
Heal Pulse,10.81%,Cherrim,0
Heal Pulse,41.47%,Latias,0
Heal Pulse,25.22%,Blissey,0
Heal Pulse,24.07%,Clawitzer,0
Heal Pulse,70.08%,Aromatisse,0
Natures Madness,20.28%,Tapu Fini,1
Natures Madness,14.90%,Tapu Lele,1
Natures Madness,15.91%,Tapu Koko,1
Scald,14.53%,Tapu Fini,0
Scald,5.43%,Dragapult,0
Scald,8.36%,Araquanid,0
Scald,90.48%,Suicune,0
Scald,25.40%,Milotic,0
Scald,95.21%,Politoed,0
Scald,28.69%,Ludicolo,0
Scald,12.32%,Slowking,0
Scald,76.43%,Azumarill,0
Scald,99.85%,Toxapex,0
Scald,94.05%,Pelipper,0
Scald,44.71%,Pincurchin,0
Scald,50.48%,Starmie,0
Scald,83.77%,Vaporeon,0
Scald,21.07%,Golduck,0
Scald,21.57%,Cursola,0
Scald,81.96%,Seaking,0
Scald,33.15%,Tentacruel,0
Surf,5.62%,Tapu Fini,0
Surf,16.92%,Dragapult,0
Surf,3.51%,Lapras,0
Surf,33.03%,Rayquaza,0
Surf,86.03%,Sneasel,0
Surf,7.49%,Ludicolo,0
Surf,53.15%,Pikachu,0
Surf,28.47%,Jellicent,0
Surf,59.23%,Latias,0
Surf,44.25%,Obstagoon,0
Surf,28.05%,Goodra,0
Surf,94.75%,Qwilfish,0
Surf,22.03%,Alolan Raichu,0
Surf,10.01%,Vaporeon,0
Surf,51.79%,Golduck,0
Surf,3.73%,Galarian Slowbro,0
Surf,35.83%,Stoutland,0
Surf,13.05%,Exploud,0
Surf,4.65%,Seaking,0
Quash,83.11%,Sableye,0
Sunny Day,24.33%,Sableye,0
Sunny Day,5.80%,Meowstic Male,0
Sunny Day,4.68%,Sneasel,0
Sunny Day,92.09%,Drifblim,0
Sunny Day,7.30%,Cherrim,0
Sunny Day,39.14%,Klefki,0
Sunny Day,10.00%,Riolu,0
Sunny Day,6.86%,Crobat,0
Surging Strikes,99.86%,Urshifu Rapid Strike Style,1
Aqua Jet,91.83%,Urshifu Rapid Strike Style,0
Aqua Jet,15.38%,Azumarill,0
Aqua Jet,17.20%,Dragonite,0
Aqua Jet,14.42%,Kabutops,0
Aqua Jet,19.16%,Clawitzer,0
Aqua Jet,98.49%,Qwilfish,0
Aqua Jet,15.09%,Beartic,0
Aqua Jet,42.40%,Golisopod,0
Aqua Jet,63.65%,Golduck,0
Aqua Jet,92.70%,Crawdaunt,0
Psychic,82.09%,Tapu Lele,0
Psychic,3.44%,Lugia,0
Psychic,15.22%,Meowstic Male,0
Psychic,3.97%,Politoed,0
Psychic,7.49%,Oranguru,0
Psychic,16.94%,Cresselia,0
Psychic,7.56%,Gengar,0
Psychic,37.24%,Espeon,0
Psychic,5.68%,Alolan Raichu,0
Psychic,10.08%,Cofagrigus,0
Psychic,19.00%,Starmie,0
Psychic,3.49%,Ribombee,0
Psychic,4.07%,Galarian Slowbro,0
Psychic,15.31%,Claydol,0
Psychic,5.49%,Sigilyph,0
Psychic,22.22%,Orbeetle,0
Psychic,6.60%,Beheeyem,0
Hypnosis,77.28%,Gothitelle,0
Hypnosis,11.07%,Bronzong,0
Hypnosis,50.54%,Milotic,0
Hypnosis,12.36%,Exeggutor,0
Hypnosis,5.28%,Gengar,0
Hypnosis,53.85%,Crobat,0
Hypnosis,51.11%,Mime Galarian Mr. Mime,0
Hypnosis,8.45%,Ninetales,0
Hypnosis,38.72%,Golduck,0
Hypnosis,5.30%,Unfezant,0
Hypnosis,15.60%,Orbeetle,0
Liquidation,91.55%,Seismitoad,0
Liquidation,84.18%,Barraskewda,0
Liquidation,91.62%,Araquanid,0
Liquidation,94.76%,Swampert,0
Liquidation,13.00%,Azumarill,0
Liquidation,81.60%,Kabutops,0
Liquidation,99.61%,Drednaw,0
Liquidation,6.81%,Wishiwashi Solo Form,0
Liquidation,68.40%,Cloyster,0
Liquidation,62.33%,Beartic,0
Liquidation,20.20%,Eiscue Ice Face,0
Liquidation,38.93%,Sharpedo,0
Liquidation,90.63%,Golisopod,0
Liquidation,37.91%,Crawdaunt,0
Liquidation,58.64%,Poliwrath,0
Liquidation,99.99%,Corsola,0
Brave Bird,81.07%,Ho-oh,0
Brave Bird,65.67%,Tapu Koko,0
Brave Bird,93.24%,Galarian Zapdos,0
Brave Bird,62.48%,Talonflame,0
Brave Bird,37.41%,Mandibuzz,0
Brave Bird,89.73%,Corviknight,0
Brave Bird,74.16%,Crobat,0
Brave Bird,17.58%,Blaziken,0
Brave Bird,9.56%,Hawlucha,0
Brave Bird,99.99%,Braviary,0
Brave Bird,33.11%,Sirfetch'd,0
Brave Bird,88.44%,Unfezant,0
Brave Bird,30.50%,Decidueye,0
Burn Up,6.99%,Ho-oh,0
Burn Up,18.86%,Moltres,0
Iron Head,5.77%,Ho-oh,0
Iron Head,29.98%,Cinderace,0
Iron Head,8.39%,Bronzong,0
Iron Head,8.33%,Celesteela,0
Iron Head,75.88%,Metagross,0
Iron Head,5.75%,Snorlax,0
Iron Head,99.47%,Escavalier,0
Iron Head,9.74%,Tyranitar,0
Iron Head,5.12%,Giratina Origin Forme,0
Iron Head,35.25%,Togedemaru,0
Iron Head,7.05%,Garchomp,0
Iron Head,97.59%,Excadrill,0
Iron Head,26.54%,Aegislash Shield Forme,0
Iron Head,49.99%,Mudsdale,0
Iron Head,52.68%,Gigalith,0
Iron Head,78.55%,Bisharp,0
Iron Head,60.24%,Corviknight,0
Iron Head,100.00%,Durant,0
Iron Head,90.21%,Cobalion,0
Iron Head,13.05%,Hawlucha,0
Iron Head,12.33%,Dhelmise,0
Iron Head,61.24%,Copperajah,0
Iron Head,9.38%,Eiscue Ice Face,0
Iron Head,11.04%,Hippowdon,0
Iron Head,8.63%,Lycanroc Dusk Form,0
Iron Head,90.87%,Perrserker,0
Iron Head,27.36%,Bouffalant,0
Iron Head,36.30%,Sandaconda,0
Iron Head,6.95%,Stoutland,0
Iron Head,61.84%,Falinks,0
Iron Head,77.23%,Passimian,0
Iron Head,6.94%,Lycanroc Midday Form,0
Iron Head,42.40%,Marowak,0
Iron Head,64.33%,Alolan Sandslash,0
Iron Head,6.65%,Lycanroc Midnight Form,0
Iron Head,93.22%,Steelix,0
Nasty Plot,60.35%,Heat Rotom,0
Nasty Plot,13.68%,Hydreigon,0
Nasty Plot,42.43%,Galarian Moltres,0
Nasty Plot,24.38%,Wash Rotom,0
Nasty Plot,10.22%,Swoobat,0
Nasty Plot,9.51%,Mow Rotom,0
Nasty Plot,11.47%,Gengar,0
Nasty Plot,5.64%,Alolan Raichu,0
Nasty Plot,11.46%,Alakazam,0
Nasty Plot,17.65%,Frost Rotom,0
Nasty Plot,88.40%,Fan Rotom,0
Nasty Plot,31.28%,Noctowl,0
Dynamax Cannon,71.19%,Eternatus,1
Cosmic Power,33.13%,Eternatus,0
Cosmic Power,9.99%,Clefable,0
Toxic,21.73%,Eternatus,0
Toxic,76.16%,Shuckle,0
Toxic,99.73%,Toxapex,0
Toxic,16.29%,Accelgor,0
Toxic,4.28%,Salazzle,0
Toxic,34.39%,Drapion,0
Ice Punch,74.54%,Regigigas,0
Ice Punch,58.68%,Metagross,0
Ice Punch,12.05%,Tyranitar,0
Ice Punch,6.02%,Kangaskhan,0
Ice Punch,9.61%,Registeel,0
Ice Punch,7.65%,Rhyperior,0
Ice Punch,95.00%,Electivire,0
Ice Punch,40.12%,Diggersby,0
Ice Punch,72.09%,Conkeldurr,0
Ice Punch,7.66%,Grapploct,0
Ice Punch,6.38%,Gallade,0
Ice Punch,2.93%,Lopunny,0
Ice Punch,5.29%,Miltank,0
Ice Punch,4.58%,Bewear,0
Ice Punch,22.82%,Poliwrath,0
Ice Punch,7.68%,Golurk,0
High Jump Kick,80.07%,Cinderace,0
High Jump Kick,25.39%,Tsareena,0
High Jump Kick,23.60%,Lopunny,0
High Jump Kick,33.54%,Hitmonlee,0
Pyro Ball,73.92%,Cinderace,1
Coaching,9.53%,Cinderace,0
Coaching,69.88%,Pheromosa,0
Coaching,76.27%,Zamazenta Crowned Shield,0
Coaching,9.22%,Mienshao,0
Coaching,14.43%,Galarian Zapdos,0
Coaching,99.35%,Riolu,0
Coaching,24.06%,Scrafty,0
Coaching,29.88%,Blaziken,0
Coaching,75.57%,Hawlucha,0
Coaching,8.54%,Grapploct,0
Coaching,3.85%,Gallade,0
Coaching,21.66%,Hitmonlee,0
Dragon Darts,83.82%,Dragapult,1
Phantom Force,75.68%,Dragapult,0
Phantom Force,5.76%,Giratina Origin Forme,0
Phantom Force,8.30%,Dhelmise,0
Phantom Force,8.01%,Runerigus,0
Dragon Dance,10.91%,Dragapult,0
Dragon Dance,9.15%,Dusk Mane Necrozma,0
Dragon Dance,4.51%,Hydreigon,0
Dragon Dance,6.53%,Zekrom,0
Dragon Dance,11.31%,Tyranitar,0
Dragon Dance,29.90%,Dragonite,0
Dragon Dance,5.06%,Black Kyurem,0
Dragon Dance,11.25%,Flapple,0
Dragon Dance,5.84%,Flygon,0
Dragon Claw,5.58%,Dragapult,0
Dragon Claw,27.68%,Zekrom,0
Dragon Claw,9.54%,Salamence,0
Dragon Claw,5.87%,Giratina Origin Forme,0
Dragon Claw,21.88%,Garchomp,0
Dragon Claw,9.29%,Dracozolt,0
Dragon Claw,32.85%,Dragonite,0
Dragon Claw,39.87%,Black Kyurem,0
Dragon Claw,10.84%,Haxorus,0
Dragon Claw,9.25%,Flygon,0
Dragon Claw,94.41%,Druddigon,0
Dive,4.60%,Dragapult,0
Breaking Swipe,4.49%,Dragapult,0
Breaking Swipe,4.72%,Zygarde Complete Forme,0
Breaking Swipe,15.36%,Dracozolt,0
Breaking Swipe,64.51%,Altaria,0
Breaking Swipe,5.47%,Latias,0
Breaking Swipe,38.50%,Dragonite,0
Breaking Swipe,12.35%,Giratina Altered Forme,0
Breaking Swipe,6.59%,Black Kyurem,0
Breaking Swipe,54.36%,Goodra,0
Breaking Swipe,45.30%,Kommo-o,0
Breaking Swipe,81.48%,Haxorus,0
After You,11.89%,Indeedee Male,0
After You,28.42%,Clefairy,0
After You,94.23%,Lilligant,0
After You,9.26%,Togetic,0
After You,69.55%,Slurpuff,0
After You,10.44%,Aromatisse,0
After You,65.58%,Stoutland,0
After You,85.94%,Vileplume,0
Floral Healing,98.64%,Comfey,0
Draining Kiss,81.26%,Comfey,0
Perish Song,13.83%,Lapras,0
Perish Song,17.79%,Politoed,0
Perish Song,76.38%,Azumarill,0
Perish Song,12.57%,Alolan Marowak,0
Perish Song,8.88%,Primarina,0
Perish Song,13.66%,Gengar,0
Perish Song,19.09%,Cursola,0
Perish Song,7.50%,Marowak,0
Ice Shard,6.27%,Lapras,0
Ice Shard,88.54%,Mamoswine,0
Ice Shard,7.60%,Weavile,0
Ice Shard,29.60%,Froslass,0
Ice Shard,32.14%,Articuno,0
Ice Shard,56.57%,Abomasnow,0
Ice Shard,25.65%,Cloyster,0
Ice Shard,32.86%,Vanilluxe,0
Dragon Ascent,41.26%,Rayquaza,1
Scale Shot,24.86%,Rayquaza,0
Blue Flare,74.39%,Reshiram,1
Fusion Flare,15.00%,Reshiram,1
Thousand Arrows,98.35%,Zygarde Complete Forme,1
Coil,95.64%,Zygarde Complete Forme,0
Coil,55.17%,Milotic,0
Coil,48.20%,Centiskorch,0
Coil,36.85%,Sandaconda,0
Coil,52.71%,Dunsparce,0
Icicle Crash,78.33%,Mamoswine,0
Icicle Crash,92.19%,Glastrier,0
Icicle Crash,99.81%,Darmanitan Galarian Standard Mode,0
Icicle Crash,99.81%,Beartic,0
Icicle Crash,95.95%,Eiscue Ice Face,0
Icicle Crash,96.66%,Arctozolt,0
Icicle Crash,50.80%,Alolan Sandslash,0
Icicle Spear,27.81%,Mamoswine,0
Icicle Spear,64.50%,Black Kyurem,0
Icicle Spear,99.96%,Cloyster,0
Icicle Spear,96.61%,Arctovish,0
Gravity,67.42%,Dawn Wings Necrozma,0
Photon Geyser,29.65%,Dawn Wings Necrozma,1
Photon Geyser,21.43%,Dusk Mane Necrozma,1
Drill Run,63.83%,Barraskewda,0
Drill Run,94.32%,Escavalier,0
Drill Run,9.44%,Golisopod,0
Drill Run,11.04%,Lycanroc Dusk Form,0
Drill Run,6.49%,Sandaconda,0
Drill Run,7.84%,Seaking,0
Drill Run,15.84%,Lycanroc Midday Form,0
Drill Run,54.28%,Alolan Sandslash,0
Drill Run,11.16%,Dunsparce,0
Drill Run,69.88%,Sandslash,0
Flip Turn,9.29%,Barraskewda,0
Flip Turn,9.24%,Primarina,0
Flip Turn,6.94%,Kabutops,0
Flip Turn,45.57%,Starmie,0
Flip Turn,60.27%,Sharpedo,0
Flip Turn,4.41%,Vaporeon,0
Flip Turn,43.93%,Golduck,0
Thunder Punch,44.47%,Metagross,0
Thunder Punch,7.12%,Tyranitar,0
Thunder Punch,4.43%,Dragonite,0
Thunder Punch,17.43%,Rhyperior,0
Thunder Punch,6.21%,Electivire,0
Thunder Punch,34.78%,Dusknoir,0
Thunder Punch,25.38%,Marowak,0
Thunder Punch,6.37%,Golurk,0
Bullet Punch,12.18%,Metagross,0
Bullet Punch,100.00%,Scizor,0
Bullet Punch,15.78%,Lucario,0
Bullet Punch,34.11%,Riolu,0
Bullet Punch,11.02%,Machamp,0
Bullet Punch,24.48%,Hitmonlee,0
Steel Roller,8.61%,Metagross,0
Steel Roller,6.31%,Snorlax,0
Steel Roller,6.68%,Azumarill,0
Steel Roller,36.70%,Dhelmise,0
Steel Roller,36.76%,Copperajah,0
Steel Roller,84.41%,Miltank,0
Steel Roller,39.56%,Alolan Sandslash,0
Steel Roller,45.10%,Lickilicky,0
Steel Roller,51.17%,Scolipede,0
Steel Roller,95.35%,Sandslash,0
Leech Life,43.04%,Araquanid,0
Leech Life,86.71%,Centiskorch,0
Leech Life,17.60%,Lurantis,0
Leech Life,78.26%,Golisopod,0
Leech Life,65.34%,Ninjask,0
Lunge,42.46%,Araquanid,0
Lunge,3.54%,Pheromosa,0
Entrainment,8.44%,Araquanid,0
Entrainment,17.25%,Hawlucha,0
Entrainment,21.54%,Lopunny,0
Quick Guard,35.29%,Pheromosa,0
Quick Guard,13.80%,Galarian Zapdos,0
Quick Guard,31.42%,Talonflame,0
Quick Guard,8.06%,Scizor,0
Quick Guard,43.44%,Riolu,0
Quick Guard,7.47%,Machamp,0
Quick Guard,11.45%,Crobat,0
Quick Guard,21.95%,Hawlucha,0
Quick Guard,7.84%,Thievul,0
Quick Guard,5.61%,Lycanroc Midday Form,0
Low Kick,4.34%,Pheromosa,0
Low Kick,21.37%,Dracovish,0
Low Kick,46.33%,Bisharp,0
Low Kick,6.96%,Beartic,0
Triple Axel,2.81%,Pheromosa,0
Triple Axel,64.75%,Weavile,0
Triple Axel,77.65%,Tsareena,0
Triple Axel,6.66%,Hitmontop,0
Triple Axel,94.76%,Sneasel,0
Triple Axel,86.96%,Cinccino,0
Triple Axel,49.24%,Alolan Sandslash,0
Morning Sun,23.39%,Arcanine,0
Behemoth Bash,99.97%,Zamazenta Crowned Shield,1
Sing,7.90%,Clefairy,0
Sing,32.42%,Chansey,0
Sing,76.26%,Azumarill,0
Life Dew,6.10%,Clefairy,0
Life Dew,4.50%,Milotic,0
Life Dew,58.57%,Primarina,0
Life Dew,58.64%,Blissey,0
Life Dew,55.79%,Togetic,0
Aeroblast,96.95%,Lugia,0
Seismic Toss,99.81%,Chansey,0
Soft Boiled,99.72%,Chansey,0
Soft Boiled,40.93%,Blissey,0
Minimize,67.11%,Chansey,0
Defense Curl,27.14%,Chansey,0
Roar,50.30%,Suicune,0
Acid Armor,66.59%,Alcremie,0
Stored Power,66.41%,Alcremie,0
Stored Power,13.67%,Slowking,0
Stored Power,13.15%,Latias,0
Stored Power,12.59%,Swoobat,0
Stored Power,63.63%,Polteageist,0
Stored Power,44.09%,Dunsparce,0
Decorate,32.35%,Alcremie,0
Aromatherapy,5.61%,Alcremie,0
Aromatherapy,3.53%,Clefable,0
Aromatherapy,25.80%,Blissey,0
Aromatherapy,6.12%,Eldegoss,0
Aromatherapy,17.41%,Aromatisse,0
Copycat,94.07%,Liepard,0
Copycat,70.24%,Riolu,0
Copycat,50.88%,Glaceon,0
Copycat,11.60%,Espeon,0
Copycat,33.49%,Zoroark,0
Hyper Voice,32.13%,Hydreigon,0
Hyper Voice,78.48%,Primarina,0
Hyper Voice,11.34%,Manectric,0
Hyper Voice,94.16%,Drampa,0
Hyper Voice,99.32%,Sylveon,0
Hyper Voice,2.84%,Vaporeon,0
Hyper Voice,2.91%,Lopunny,0
Hyper Voice,13.50%,Jolteon,0
Hyper Voice,42.86%,Exploud,0
Hyper Voice,60.13%,Wigglytuff,0
Hyper Voice,13.59%,Maractus,0
Hyper Voice,65.41%,Noctowl,0
Fire Blast,11.77%,Hydreigon,0
Fire Blast,37.40%,Mewtwo,0
Fire Blast,54.35%,Slowking,0
Fire Blast,28.80%,Moltres,0
Fire Blast,15.71%,Blacephalon,0
Fire Blast,3.88%,Galarian Slowbro,0
Fire Blast,25.82%,Wigglytuff,0
Head Smash,4.57%,Hydreigon,0
Head Smash,90.02%,Drednaw,0
Head Smash,99.92%,Tyrantrum,0
Head Smash,67.26%,Eiscue Ice Face,0
Head Smash,99.99%,Corsola,0
Lash Out,10.27%,Weavile,0
Lash Out,26.40%,Tyranitar,0
Lash Out,34.02%,Gyarados,0
Lash Out,37.43%,Mandibuzz,0
Lash Out,14.36%,Darmanitan Standard Mode,0
Lash Out,7.24%,Bisharp,0
Lash Out,83.71%,Tauros,0
Lash Out,8.67%,Malamar,0
Lash Out,61.09%,Bouffalant,0
Fishious Rend,100.00%,Dracovish,1
Fishious Rend,99.98%,Arctovish,1
Ice Fang,30.62%,Dracovish,0
Ice Fang,10.31%,Luxray,0
Ice Fang,7.15%,Hippowdon,0
Dragon Energy,100.00%,Regidrago,1
Endeavor,11.78%,Hitmontop,0
Endeavor,50.38%,Sceptile,0
Endeavor,7.39%,Tangrowth,0
Endeavor,18.47%,Lycanroc Midday Form,0
Mach Punch,5.44%,Hitmontop,0
Mach Punch,56.26%,Conkeldurr,0
Dual Wingbeat,20.93%,Zekrom,0
Dual Wingbeat,18.36%,Talonflame,0
Dual Wingbeat,23.99%,Salamence,0
Dual Wingbeat,85.62%,Scizor,0
Dual Wingbeat,4.61%,Giratina Origin Forme,0
Dual Wingbeat,61.37%,Altaria,0
Dual Wingbeat,87.54%,Dragonite,0
Dual Wingbeat,78.70%,Aerodactyl,0
Dual Wingbeat,17.78%,Giratina Altered Forme,0
Dual Wingbeat,7.27%,Flapple,0
Dual Wingbeat,13.53%,Sirfetch'd,0
Dual Wingbeat,62.12%,Ninjask,0
Dual Wingbeat,97.93%,Scyther,0
Bolt Strike,20.28%,Zekrom,1
Fusion Bolt,19.85%,Zekrom,1
Fusion Bolt,92.08%,Black Kyurem,1
Shadow Claw,5.07%,Zekrom,0
Shadow Claw,8.80%,Salamence,0
Shadow Claw,9.84%,Kangaskhan,0
Shadow Claw,4.30%,Black Kyurem,0
Shadow Claw,6.50%,Dhelmise,0
Shadow Claw,5.01%,Runerigus,0
Guard Split,99.20%,Shuckle,0
Guard Split,39.03%,Runerigus,0
Guard Split,12.76%,Cofagrigus,0
Power Split,95.39%,Shuckle,0
Infestation,14.48%,Shuckle,0
Thunderous Kick,67.99%,Galarian Zapdos,1
Steel Wing,31.97%,Galarian Zapdos,0
Steel Wing,10.23%,Giratina Altered Forme,0
Steel Wing,52.60%,Unfezant,0
Steel Wing,7.50%,Scyther,0
Blaze Kick,15.20%,Galarian Zapdos,1
Struggle Bug,67.99%,Volcarona,0
Struggle Bug,8.93%,Accelgor,0
Struggle Bug,21.29%,Ribombee,0
Struggle Bug,6.76%,Golisopod,0
Struggle Bug,75.49%,Galvantula,0
Struggle Bug,21.83%,Orbeetle,0
Quiver Dance,31.42%,Volcarona,0
Quiver Dance,5.13%,Butterfree,0
String Shot,11.67%,Volcarona,0
String Shot,44.42%,Slurpuff,0
Bug Buzz,8.42%,Volcarona,0
Bug Buzz,14.29%,Butterfree,0
Bug Buzz,100.00%,Vikavolt,0
Bug Buzz,16.12%,Accelgor,0
Bug Buzz,37.28%,Galvantula,0
Bug Buzz,69.58%,Orbeetle,0
Skill Swap,48.48%,Meowstic Male,0
Skill Swap,94.99%,Exeggutor,0
Skill Swap,52.61%,Mime Galarian Mr. Mime,0
Skill Swap,58.28%,Mr. Mime,0
Skill Swap,10.56%,Reuniclus,0
Skill Swap,99.87%,Mime Jr.,0
Belly Drum,48.90%,Snorlax,0
Belly Drum,6.65%,Azumarill,0
Belly Drum,99.81%,Greedent,0
Belly Drum,91.65%,Eiscue Ice Face,0
Belly Drum,71.30%,Poliwrath,0
Belly Drum,9.39%,Lickilicky,0
Self Destruct,44.59%,Snorlax,0
Self Destruct,11.43%,Mewtwo,0
Self Destruct,14.75%,Lickilicky,0
Double Edge,42.95%,Snorlax,0
Double Edge,13.37%,Kangaskhan,0
Double Edge,9.70%,Obstagoon,0
Double Edge,20.35%,Leafeon,0
Curse,37.64%,Snorlax,0
Curse,84.40%,Swampert,0
Curse,43.19%,Runerigus,0
Curse,11.83%,Hippowdon,0
Curse,4.42%,Cofagrigus,0
Curse,6.90%,Galarian Corsola,0
Curse,3.06%,Lickilicky,0
Body Slam,7.27%,Snorlax,0
Body Slam,6.15%,Garchomp,0
Body Slam,91.33%,Tauros,0
Body Slam,58.50%,Blissey,0
Body Slam,4.20%,Bouffalant,0
Body Slam,27.63%,Miltank,0
Body Slam,7.18%,Bewear,0
Body Slam,25.99%,Lickilicky,0
Body Slam,9.09%,Dunsparce,0
Fiery Wrath,91.10%,Galarian Moltres,1
Dragon Tail,4.88%,Milotic,0
Dragon Tail,25.66%,Duraludon,0
Psystrike,61.60%,Mewtwo,1
Aura Sphere,6.66%,Mewtwo,0
Aura Sphere,77.57%,Lucario,0
Aura Sphere,12.43%,Kommo-o,0
Aura Sphere,19.98%,Blaziken,0
Aura Sphere,66.61%,Clawitzer,0
Aura Sphere,3.91%,Lopunny,0
Focus Blast,6.19%,Mewtwo,0
Focus Blast,20.23%,Sceptile,0
Focus Blast,18.12%,Blaziken,0
Focus Blast,12.13%,Zoroark,0
Focus Blast,10.21%,Virizion,0
Focus Blast,20.82%,Alolan Raichu,0
Focus Blast,28.56%,Alakazam,0
Focus Blast,58.94%,Reuniclus,0
Focus Blast,3.03%,Wigglytuff,0
Gear Grind,99.92%,Klinklang,1
Shift Gear,99.54%,Klinklang,1
Snipe Shot,95.03%,Inteleon,1
Focus Energy,66.68%,Inteleon,0
Soak,4.75%,Inteleon,0
Soak,60.98%,Grapploct,0
Soak,5.85%,Eiscue Ice Face,0
X Scissor,39.14%,Escavalier,0
X Scissor,8.34%,Kabutops,0
X Scissor,69.86%,Leafeon,0
X Scissor,12.44%,Crawdaunt,0
X Scissor,98.90%,Crustle,0
X Scissor,42.92%,Scyther,0
X Scissor,14.48%,Scolipede,0
Megahorn,21.00%,Escavalier,0
Megahorn,84.83%,Drednaw,0
Megahorn,5.06%,Virizion,0
Megahorn,97.19%,Heracross,0
Megahorn,10.33%,Falinks,0
Megahorn,6.70%,Seaking,0
Megahorn,68.62%,Scolipede,0
Slack Off,13.78%,Slowking,0
Slack Off,70.25%,Hippowdon,0
Swagger,12.19%,Slowking,0
Swagger,43.54%,Morpeko Full Belly Mode,0
Dig,6.64%,Azumarill,0
Dig,61.48%,Kabutops,0
Dig,73.02%,Leafeon,0
Dig,7.50%,Beartic,0
Dig,2.64%,Ninetales,0
Dig,61.56%,Ninjask,0
Freezing Glare,66.24%,Galarian Articuno,1
Volt Tackle,45.30%,Pikachu,0
Aurora Veil,67.60%,Alolan Ninetales,0
Aurora Veil,45.99%,Abomasnow,0
Aurora Veil,12.75%,Vanilluxe,0
Extrasensory,8.99%,Alolan Ninetales,0
Extrasensory,2.49%,Ninetales,0
Extrasensory,9.95%,Exploud,0
Shadow Bone,58.44%,Alolan Marowak,0
Bonemerang,52.54%,Alolan Marowak,0
Bonemerang,59.01%,Marowak,0
Shadow Force,85.56%,Giratina Origin Forme,0
Shadow Force,52.60%,Giratina Altered Forme,0
Baneful Bunker,98.87%,Toxapex,1
Strange Steam,72.42%,Galarian Weezing,0
Crabhammer,88.50%,Kingler,0
Crabhammer,54.52%,Crawdaunt,0
Instruct,90.76%,Oranguru,0
Acid Spray,6.69%,Nihilego,0
Acid Spray,22.38%,Accelgor,0
Acid Spray,94.51%,Qwilfish,0
Spiky Shield,59.40%,Togedemaru,0
Spiky Shield,65.90%,Maractus,0
Fling,55.96%,Togedemaru,0
Fling,69.00%,Kangaskhan,0
Fling,4.59%,Sceptile,0
Fling,10.60%,Salazzle,0
Zing Zap,30.73%,Togedemaru,0
Zing Zap,15.67%,Pincurchin,0
Glare,76.72%,Heliolisk,0
Glare,11.41%,Sandaconda,0
Glare,92.88%,Druddigon,0
Electrify,6.65%,Heliolisk,0
Electrify,52.91%,Boltund,0
Horn Leech,32.33%,Tapu Bulu,0
Facade,69.47%,Kangaskhan,0
Facade,7.10%,Krookodile,0
Facade,99.69%,Greedent,0
Facade,20.76%,Obstagoon,0
Facade,6.16%,Conkeldurr,0
Facade,51.86%,Silvally,0
Facade,28.99%,Lopunny,0
Facade,4.75%,Heracross,0
Facade,10.97%,Stoutland,0
Facade,22.92%,Flareon,0
Power Trip,43.98%,Krookodile,0
Horn Drill,9.17%,Excadrill,0
Horn Drill,85.16%,Seaking,0
Water Pledge,67.56%,Primarina,0
Round,11.01%,Primarina,0
Round,8.60%,Ninetales,0
Round,90.10%,Charjabug,0
Round,33.03%,Ninjask,0
Solar Blade,68.50%,Shiftry,0
Solar Blade,31.60%,Cherrim,0
Solar Blade,50.02%,Leafeon,0
Drain Punch,12.25%,Toxicroak,0
Drain Punch,5.53%,Lucario,0
Drain Punch,11.90%,Scrafty,0
Drain Punch,42.40%,Conkeldurr,0
Drain Punch,87.84%,Grapploct,0
Drain Punch,2.96%,Slurpuff,0
Drain Punch,21.69%,Gallade,0
Drain Punch,10.70%,Passimian,0
Drain Punch,92.74%,Bewear,0
Drain Punch,46.43%,Poliwrath,0
Drain Punch,23.28%,Golurk,0
Bolt Beak,99.99%,Dracozolt,0
Bolt Beak,97.92%,Arctozolt,0
Fire Fang,39.85%,Dracozolt,0
Fire Fang,24.69%,Lycanroc Midday Form,0
Grass Pledge,81.23%,Sceptile,0
Leer,70.50%,Sceptile,0
Low Sweep,12.14%,Sceptile,0
Venoshock,36.42%,Pincurchin,0
Reversal,13.36%,Pincurchin,0
Reversal,28.15%,Blaziken,0
Reversal,3.72%,Scyther,0
Kings Shield,98.24%,Aegislash Shield Forme,1
Guard Swap,32.36%,Porygon-Z,0
Meteor Mash,13.17%,Lucario,0
Petal Blizzard,35.45%,Cherrim,0
Petal Blizzard,21.53%,Lilligant,0
Charm,38.51%,Froslass,0
Charm,11.60%,Espeon,0
Charm,15.49%,Slurpuff,0
Charm,48.13%,Emolga,0
Charm,5.58%,Lopunny,0
Charm,90.37%,Eldegoss,0
Charm,8.93%,Stoutland,0
Charm,23.35%,Jolteon,0
Charm,13.55%,Dedenne,0
Destiny Bond,36.27%,Froslass,0
Destiny Bond,7.67%,Gengar,0
Destiny Bond,6.00%,Runerigus,0
Destiny Bond,8.24%,Gourgeist Small Size,0
Destiny Bond,8.77%,Galarian Corsola,0
Frost Breath,30.40%,Froslass,0
Strength Sap,70.03%,Jellicent,0
Strength Sap,47.65%,Shiinotic,0
Strength Sap,27.17%,Polteageist,0
Strength Sap,28.84%,Vileplume,0
Strength Sap,13.62%,Cursola,0
Strength Sap,99.56%,Galarian Corsola,0
Bone Rush,37.41%,Mandibuzz,0
Synthesis,68.25%,Lurantis,0
Synthesis,6.86%,Eldegoss,0
Night Slash,6.07%,Lurantis,0
Night Slash,98.79%,Unfezant,0
Night Slash,17.20%,Drapion,0
Night Slash,8.25%,Scyther,0
Reflect Type,13.18%,Latias,0
Dragon Hammer,7.88%,Alolan Exeggutor,0
Stockpile,6.49%,Cradily,0
Stockpile,21.20%,Hippowdon,0
Obstruct,41.26%,Obstagoon,0
Mind Blown,81.19%,Blacephalon,0
Forests Curse,96.19%,Trevenant,1
Magma Storm,22.16%,Heatran,0
Apple Acid,33.80%,Appletun,0
Psycho Cut,17.96%,Bisharp,0
Psycho Cut,58.45%,Gallade,0
Psycho Cut,29.39%,Malamar,0
Amnesia,84.20%,Registeel,0
Amnesia,14.29%,Palossand,0
Amnesia,45.86%,Dunsparce,0
Rock Blast,25.24%,Rhyperior,0
Rock Blast,88.22%,Garbodor,0
Rock Blast,85.25%,Cinccino,0
Rock Blast,99.60%,Cloyster,0
Rock Polish,7.17%,Rhyperior,0
Stealth Rock,4.49%,Rhyperior,0
Stealth Rock,9.80%,Galarian Corsola,0
Sand Tomb,17.24%,Stonjourner,0
Bite,40.11%,Leafeon,0
Bite,9.14%,Dunsparce,0
Baton Pass,96.33%,Swoobat,0
Baton Pass,42.83%,Espeon,0
Baton Pass,33.84%,Polteageist,0
Baton Pass,62.77%,Ninjask,0
Baton Pass,6.46%,Scolipede,0
Bulk Up,12.56%,Corviknight,0
Bulk Up,16.07%,Braviary,0
Bulk Up,81.48%,Bewear,0
First Impression,18.85%,Durant,0
First Impression,37.13%,Sirfetch'd,0
First Impression,52.46%,Golisopod,0
Lunar Dance,11.77%,Cresselia,0
Hammer Arm,7.18%,Conkeldurr,0
Hammer Arm,6.22%,Bewear,0
Hammer Arm,27.92%,Lickilicky,0
Discharge,46.07%,Boltund,0
Discharge,22.51%,Xurkitree,0
Discharge,4.53%,Alolan Raichu,0
Discharge,7.86%,Magneton,0
Discharge,13.32%,Jolteon,0
Discharge,7.02%,Dedenne,0
Zen Headbutt,12.15%,Terrakion,0
Zen Headbutt,15.76%,Cobalion,0
Zen Headbutt,9.42%,Copperajah,0
Zen Headbutt,23.35%,Gallade,0
Zen Headbutt,3.71%,Bouffalant,0
Zen Headbutt,12.43%,Falinks,0
Zen Headbutt,8.96%,Dunsparce,0
Freeze Shock,23.72%,Black Kyurem,0
Noble Roar,3.21%,Black Kyurem,0
Dynamic Punch,90.15%,Machamp,0
Dynamic Punch,71.03%,Golurk,0
Counter,7.24%,Goodra,0
Skitter Smack,6.56%,Goodra,0
Skitter Smack,3.91%,Charjabug,0
Skitter Smack,9.24%,Gourgeist Small Size,0
Skitter Smack,10.13%,Sandaconda,0
Skitter Smack,24.43%,Dusknoir,0
Skitter Smack,12.67%,Drapion,0
Skitter Smack,11.84%,Decidueye,0
Aqua Tail,5.80%,Goodra,0
Aqua Tail,6.01%,Seaking,0
Aqua Tail,11.03%,Dunsparce,0
Explosion,99.97%,Silvally,0
Explosion,7.64%,Claydol,0
Water Shuriken,80.73%,Accelgor,0
Final Gambit,19.18%,Accelgor,0
Toxic Spikes,18.45%,Accelgor,0
Toxic Spikes,13.57%,Cofagrigus,0
Gunk Shot,99.83%,Garbodor,0
Gunk Shot,17.87%,Perrserker,0
Gunk Shot,4.10%,Passimian,0
Gunk Shot,4.40%,Druddigon,0
Baby Doll Eyes,12.09%,Luxray,0
Baby Doll Eyes,3.38%,Ninetales,0
Baby Doll Eyes,9.50%,Lopunny,0
Memento,88.41%,Dugtrio,0
Sludge Wave,11.93%,Gengar,0
Sludge Wave,65.16%,Salazzle,0
Sludge Wave,16.86%,Toxtricity Low Key Form,0
Sludge Wave,5.42%,Tentacruel,0
Sludge Wave,15.62%,Dragalge,0
Clear Smog,3.31%,Gengar,0
Clear Smog,5.00%,Golduck,0
Shore Up,95.86%,Palossand,1
Magic Room,14.19%,Espeon,0
Magic Room,5.29%,Ribombee,0
Absorb,6.87%,Crobat,0
Bullet Seed,85.48%,Cinccino,0
Tail Slap,72.29%,Cinccino,0
Clanging Scales,52.49%,Kommo-o,0
Clangorous Soul,43.18%,Kommo-o,0
Shell Smash,38.36%,Cloyster,0
Shell Smash,19.56%,Polteageist,0
Shell Smash,31.55%,Crustle,0
Scorching Sands,19.88%,Blaziken,0
Scorching Sands,14.45%,Turtonator,0
Scorching Sands,11.54%,Ninetales,0
Scorching Sands,23.72%,Claydol,0
Scorching Sands,4.58%,Flygon,0
Acrobatics,45.15%,Hawlucha,0
Acrobatics,7.40%,Flapple,0
Acrobatics,9.63%,Thievul,0
Acrobatics,4.11%,Lopunny,0
Acrobatics,32.25%,Passimian,0
Acrobatics,33.47%,Ninjask,0
Flying Press,17.42%,Hawlucha,0
Octolock,93.92%,Grapploct,1
Topsy Turvy,32.35%,Grapploct,0
Topsy Turvy,23.04%,Malamar,0
Night Daze,28.92%,Zoroark,0
Water Pulse,89.99%,Clawitzer,0
Anchor Shot,54.89%,Dhelmise,0
Grav Apple,88.34%,Flapple,1
Dragon Rush,83.85%,Flapple,0
Dragon Rush,8.67%,Flygon,0
Beat Up,29.79%,Thievul,0
Beat Up,38.80%,Salazzle,0
Howl,8.56%,Thievul,0
Howl,5.70%,Lycanroc Dusk Form,0
Howl,33.35%,Stoutland,0
Pluck,17.50%,Arctozolt,0
Shell Trap,67.41%,Turtonator,0
Poison Gas,4.49%,Salazzle,0
Disable,2.34%,Ninetales,0
Meteor Assault,19.78%,Sirfetch'd,0
Tickle,31.73%,Emolga,0
Electro Ball,6.36%,Emolga,0
Bug Bite,82.39%,Charjabug,0
Bug Bite,9.68%,Scolipede,0
Sticky Web,6.96%,Charjabug,0
Overdrive,99.89%,Toxtricity Low Key Form,1
Boomburst,18.09%,Toxtricity Low Key Form,0
Boomburst,5.26%,Noivern,0
Boomburst,96.70%,Exploud,0
Wish,15.23%,Vaporeon,0
Healing Wish,21.12%,Lopunny,0
Circle Throw,5.73%,Lopunny,0
Trick Or Treat,49.87%,Gourgeist Small Size,0
Trick Or Treat,74.89%,Gourgeist Super Size,0
Simple Beam,11.14%,Golduck,0
Psych Up,4.28%,Golduck,0
Accelerock,87.03%,Lycanroc Dusk Form,0
Accelerock,10.19%,Lycanroc Midday Form,0
Shell Side Arm,82.17%,Galarian Slowbro,0
Head Charge,89.72%,Bouffalant,1
Cotton Guard,11.44%,Bouffalant,0
Cotton Guard,6.91%,Maractus,0
Teatime,6.64%,Polteageist,0
Aura Wheel,99.95%,Morpeko Full Belly Mode,1
Rapid Spin,9.69%,Eldegoss,0
Milk Drink,18.39%,Miltank,0
Metal Sound,31.14%,Magneton,0
Retaliate,4.74%,Stoutland,0
Super Fang,31.59%,Noivern,0
Super Fang,42.67%,Dedenne,0
Mud Slap,22.84%,Jolteon,0
Grassy Terrain,14.19%,Vileplume,0
No Retreat,95.95%,Falinks,1
Parabolic Charge,19.36%,Dedenne,0
Tearful Look,5.94%,Dedenne,0
Rock Wrecker,67.01%,Crustle,0
Cross Poison,20.51%,Drapion,0
Spirit Shackle,26.50%,Decidueye,0
Petal Dance,12.62%,Maractus,0
Flail,32.88%,Ninjask,0
Lava Plume,4.63%,Flareon,0
Thief,5.45%,Scyther,0
Fury Cutter,4.72%,Scyther,0
Shadow Punch,21.71%,Golurk,0
Wrap,23.04%,Lickilicky,0
Thrash,17.23%,Lickilicky,0
Headbutt,33.56%,Dunsparce,0
Sleep Talk,9.90%,Dunsparce,0
Dream Eater,6.18%,Noctowl,0
