1,2025-12-03,04:08:49,saldo,,913,248,in303073
2,2024-12-03,18:47:45,deposito,194.97,96,67,WN062639
3,2012-02-13,06:17:07,prelievo,132.54,448,104,BC597992
4,2021-05-28,18:35:03,lista_movimenti,,13,48,iO337994
5,2025-11-08,02:42:37,prelievo,80.88,632,222,Gd232898
6,2025-02-14,14:10:46,deposito,94.79,703,114,hk369377
7,2023-09-21,14:08:28,prelievo,183.8,169,36,oQ579185
8,2021-08-15,14:03:50,deposito,28.15,944,70,li937953
9,2025-12-22,14:55:28,saldo,,793,162,Rj696011
10,2024-05-07,01:08:17,deposito,45.1,939,260,PZ716515
11,2024-05-17,17:49:52,lista_movimenti,,68,294,xO594286
12,2019-05-18,04:10:43,deposito,71.3,33,211,nP645601
13,2023-11-28,13:20:03,prelievo,188.25,857,257,gC043514
14,2016-02-11,09:44:01,prelievo,184.62,944,224,li937953
15,2025-11-30,16:39:32,saldo,,530,90,th109211
16,2021-09-10,06:00:39,deposito,26.56,986,101,tr946002
17,2025-02-18,07:08:11,deposito,137.38,52,295,ao504679
18,2023-12-04,09:07:18,deposito,152.32,497,300,Hj660331
19,2020-12-06,07:13:47,prelievo,116.42,869,205,Uq601587
20,2024-05-02,17:42:58,deposito,156.16,880,203,Go167809
21,2024-01-18,07:03:01,prelievo,82.86,1105,187,GC955349
22,2019-07-23,18:41:50,prelievo,79.34,722,47,SL697117
23,2025-06-10,18:20:11,saldo,,888,153,RN445012
24,2018-05-31,06:38:27,prelievo,100.73,937,200,ig517122
25,2017-03-04,09:56:09,deposito,179.51,1142,154,ud181367
26,2018-08-31,20:15:35,lista_movimenti,,28,111,ja601436
27,2025-06-18,21:45:48,deposito,176.45,1061,63,na289629
28,2021-03-25,02:39:27,saldo,,517,208,aJ952726
29,2024-01-01,07:46:36,prelievo,49.68,236,180,rb750507
30,2024-02-24,13:26:57,deposito,115.22,542,5,cY205780
31,2023-11-04,08:25:17,lista_movimenti,,749,280,Nd582827
32,2024-11-26,01:38:11,prelievo,40.03,875,230,bY805509
33,2018-09-26,19:48:39,prelievo,45.2,518,9,XQ237919
34,2022-08-26,06:43:21,lista_movimenti,,237,169,AK157155
35,2019-07-28,05:55:04,deposito,10.61,324,200,tN450687
36,2021-08-16,01:35:22,prelievo,66.27,1047,3,WV167333
37,2021-07-23,02:47:59,prelievo,70.74,118,130,LR374410
38,2024-11-26,22:59:37,prelievo,75.83,789,2,IB961263
39,2023-08-22,23:11:51,prelievo,30.74,81,246,EJ330568
40,2025-04-30,00:05:19,saldo,,655,196,rv516182
41,2021-08-17,20:08:44,lista_movimenti,,442,259,yt823356
42,2022-08-30,02:51:18,deposito,40.69,1140,70,Kw431712
43,2025-05-10,20:26:04,prelievo,171.04,750,145,eS158534
44,2023-01-02,17:32:03,prelievo,125.66,30,263,ni811078
45,2025-10-24,18:51:30,deposito,125.55,891,76,kI528431
46,2024-06-18,16:24:44,prelievo,62.16,247,132,wz717652
47,2024-07-22,03:59:30,lista_movimenti,,774,209,ph732639
48,2026-04-07,01:44:53,prelievo,166.43,1100,91,gI125795
49,2025-07-22,05:17:18,deposito,163.26,681,76,Lg023896
50,2025-02-08,08:05:50,prelievo,199.48,461,90,tA880229
51,2020-11-19,05:04:11,saldo,,86,3,Yk695622
52,2023-12-01,22:56:29,deposito,66.13,472,236,lF310232
53,2016-12-04,16:53:56,saldo,,595,161,DA024366
54,2026-01-28,16:29:03,lista_movimenti,,641,59,mE154071
55,2026-02-23,23:18:54,prelievo,182.92,83,239,rI266900
56,2017-10-02,14:50:01,saldo,,311,195,od612541
57,2025-05-25,14:40:37,deposito,108.21,829,245,jU828444
58,2024-07-27,16:27:31,saldo,,982,129,mG363466
59,2024-12-03,22:30:53,deposito,181.0,203,114,xE705573
60,2020-09-01,05:39:25,prelievo,146.05,1119,130,Se418183
61,2017-10-10,22:56:52,prelievo,79.23,417,242,fP730877
62,2020-01-23,22:11:07,lista_movimenti,,821,206,wo922446
63,2023-04-17,20:47:12,deposito,161.75,717,211,LS493276
64,2021-02-19,16:29:43,saldo,,565,283,PQ225368
65,2023-03-20,17:35:50,deposito,175.75,299,108,NS978939
66,2024-02-03,02:52:59,lista_movimenti,,6,297,Mb533097
67,2024-12-18,02:04:15,deposito,37.75,30,141,ni811078
68,2019-04-07,03:25:02,deposito,22.37,1078,15,DJ329704
69,2016-06-28,03:23:57,deposito,106.26,1144,266,vg612522
70,2022-04-05,22:52:05,prelievo,19.62,55,76,Qy023469
71,2022-10-31,09:43:47,lista_movimenti,,379,52,UA644901
72,2024-09-24,02:34:36,prelievo,53.67,184,167,sb580731
73,2024-06-26,19:22:06,saldo,,631,289,rU109008
74,2022-12-07,04:33:44,deposito,57.93,790,277,Ni496698
75,2018-08-01,00:40:42,deposito,54.68,120,26,Ee450079
76,2021-10-27,18:46:16,lista_movimenti,,1058,139,yi644979
77,2024-09-07,05:26:04,prelievo,163.03,54,274,Be641918
78,2014-05-01,01:26:10,lista_movimenti,,939,123,PZ716515
79,2024-12-19,09:14:37,saldo,,684,234,yb536196
80,2021-11-10,04:29:22,saldo,,164,95,OV475251
81,2017-07-07,13:51:33,prelievo,98.15,981,207,Gd346720
82,2023-11-01,15:44:11,prelievo,21.76,702,184,bD060463
83,2020-11-08,07:07:15,prelievo,119.84,247,152,wz717652
84,2015-02-06,02:43:55,deposito,23.45,998,225,bI476030
85,2024-12-26,21:07:47,saldo,,223,228,KC959413
86,2017-04-01,10:57:35,deposito,139.25,538,138,XN507608
87,2026-04-13,13:26:05,saldo,,593,30,SX211034
88,2024-07-09,14:21:49,saldo,,628,219,Wt037433
89,2025-05-23,10:40:44,saldo,,1167,31,YV046967
90,2025-04-23,20:39:17,prelievo,43.87,298,15,qx970106
91,2025-03-28,12:41:03,prelievo,131.8,1024,184,bi027633
92,2024-06-26,14:36:33,prelievo,16.99,628,275,Wt037433
93,2021-01-26,00:19:43,deposito,136.89,1099,5,OD153822
94,2024-02-27,17:41:25,prelievo,125.48,1024,240,bi027633
95,2021-10-22,13:16:20,prelievo,15.92,315,229,LL409499
96,2025-05-18,07:14:42,prelievo,98.1,689,37,QV748078
97,2025-09-06,15:04:32,prelievo,79.25,320,106,Ut663071
98,2024-09-08,22:33:09,deposito,127.62,527,185,FG881575
99,2026-01-31,18:35:43,prelievo,159.39,706,31,FA324974
100,2017-07-09,00:32:04,deposito,38.82,801,189,zx581123
101,2023-10-09,15:16:09,deposito,147.77,189,150,NM636869
102,2025-11-24,04:48:47,prelievo,60.04,1093,11,VW521589
103,2020-03-13,18:49:50,deposito,13.1,43,73,yJ510749
104,2020-05-09,20:31:25,prelievo,86.82,634,3,ip982341
105,2023-06-10,21:44:54,lista_movimenti,,565,289,PQ225368
106,2024-10-29,15:49:22,saldo,,329,117,Rz676207
107,2025-11-07,22:54:52,prelievo,55.67,618,144,yG217061
108,2020-11-12,22:43:39,deposito,164.82,882,178,Rm212158
109,2014-01-02,21:40:29,deposito,147.2,659,13,pS222156
110,2022-05-28,22:20:21,lista_movimenti,,926,43,ca711552
111,2024-09-27,20:37:14,deposito,178.24,721,144,tO887956
112,2025-11-22,18:42:40,lista_movimenti,,732,231,pY825420
113,2023-04-06,21:02:50,prelievo,62.83,622,62,VV522018
114,2022-08-11,00:34:49,prelievo,134.87,490,157,AA132680
115,2025-11-16,17:00:59,prelievo,67.23,315,149,LL409499
116,2012-04-03,23:17:04,prelievo,156.39,209,213,mE300044
117,2023-12-15,05:42:11,deposito,23.78,603,163,MD910872
118,2025-06-07,05:37:41,prelievo,149.9,906,25,it130049
119,2025-07-17,17:45:52,deposito,40.23,915,87,Dl823981
120,2015-04-18,10:50:36,deposito,142.3,927,230,Tl519480
121,2023-02-24,09:14:14,saldo,,68,151,xO594286
122,2023-12-05,22:52:50,saldo,,223,3,KC959413
123,2025-09-08,23:50:02,lista_movimenti,,453,285,Tg814433
124,2019-07-19,20:37:24,deposito,198.95,543,12,cK465911
125,2025-11-22,15:27:39,deposito,160.76,397,56,PQ193294
126,2021-08-20,21:32:49,saldo,,596,3,jh334227
127,2022-11-15,16:51:52,prelievo,29.93,1130,277,yw999567
128,2025-06-21,19:31:44,deposito,10.27,717,256,LS493276
129,2025-08-12,12:51:40,prelievo,26.88,512,270,Pq349201
130,2025-06-04,17:47:19,saldo,,575,122,cX077975
131,2021-04-24,02:45:15,deposito,146.2,446,204,Qu176456
132,2023-05-27,00:05:55,lista_movimenti,,1148,39,zH881822
133,2021-05-26,20:04:25,deposito,87.34,519,82,kQ808429
134,2025-01-28,20:50:00,deposito,57.84,468,263,Ti017759
135,2019-12-25,16:18:53,deposito,123.71,348,77,qd961534
136,2025-06-08,09:43:58,lista_movimenti,,697,161,dw577425
137,2021-11-01,11:41:28,prelievo,52.71,887,103,LQ256301
138,2022-03-24,12:38:06,prelievo,56.11,66,281,NG470289
139,2021-10-11,19:11:38,prelievo,49.37,183,133,Mm570486
140,2015-03-05,16:42:17,deposito,94.77,718,140,Mt154953
141,2024-08-03,22:40:55,saldo,,762,257,gs248964
142,2013-09-16,23:24:21,prelievo,108.54,711,229,pu458971
143,2022-09-23,19:44:06,prelievo,51.22,672,150,Sx888264
144,2017-09-19,15:04:10,deposito,65.16,357,126,wa254369
145,2014-09-09,02:35:11,prelievo,159.09,704,226,LY958187
146,2023-02-22,10:35:00,lista_movimenti,,1109,100,Yg629950
147,2022-09-10,18:05:38,lista_movimenti,,94,90,OG342686
148,2019-12-19,22:16:24,prelievo,77.86,941,72,Zz733033
149,2024-01-31,03:04:01,prelievo,96.39,519,230,kQ808429
150,2022-07-25,14:28:24,prelievo,42.0,732,200,pY825420
151,2026-01-22,12:33:33,deposito,79.62,625,291,jh031923
152,2025-01-08,09:44:07,prelievo,179.05,710,6,tB382032
153,2023-12-09,12:59:26,deposito,187.69,690,100,nV224408
154,2019-03-07,00:42:15,deposito,89.54,910,82,PS396027
155,2022-04-11,07:38:21,lista_movimenti,,1020,190,PZ465362
156,2025-06-26,20:26:41,deposito,160.32,328,198,TR808793
157,2022-06-03,16:27:40,prelievo,162.39,379,48,UA644901
158,2017-10-28,07:46:08,deposito,37.0,1071,241,Dk496735
159,2019-10-14,01:30:24,lista_movimenti,,1153,244,YW550301
160,2022-08-16,19:38:04,lista_movimenti,,267,194,cq633006
161,2017-02-12,00:06:18,prelievo,157.4,764,276,mq975973
162,2026-02-25,11:11:24,deposito,20.26,444,143,Id610604
163,2023-07-25,13:53:05,deposito,189.67,1056,128,Su169084
164,2026-01-19,08:42:56,prelievo,24.62,161,16,Xa470418
165,2025-09-29,12:50:40,lista_movimenti,,282,220,lU104218
166,2026-01-07,09:07:10,saldo,,802,134,NO117837
167,2024-04-01,21:43:23,prelievo,159.8,580,158,Hd443222
168,2015-09-17,21:22:00,prelievo,110.5,1124,192,aZ655575
169,2022-09-23,11:59:22,lista_movimenti,,1094,171,Ao496677
170,2019-05-02,17:49:06,prelievo,87.6,676,165,aY201522
171,2025-08-29,07:42:12,prelievo,36.36,1061,221,na289629
172,2016-07-25,10:49:01,deposito,117.49,986,18,tr946002
173,2019-10-16,07:12:17,saldo,,788,146,Fc865300
174,2023-12-23,14:17:53,prelievo,67.44,130,123,FM266022
175,2025-10-04,06:13:52,prelievo,196.52,78,258,Xc965152
176,2016-08-15,07:05:59,prelievo,22.45,622,110,VV522018
177,2023-05-20,03:54:23,saldo,,1067,63,yo900724
178,2023-08-10,07:34:30,prelievo,19.12,812,45,ja410389
179,2025-01-21,03:21:53,saldo,,367,193,dK855155
180,2023-04-06,18:09:31,deposito,152.04,23,215,Kv616996
181,2022-12-04,23:11:58,saldo,,439,162,dh030688
182,2025-10-15,18:11:05,deposito,156.07,939,283,PZ716515
183,2013-03-05,00:22:05,lista_movimenti,,639,143,jy431161
184,2019-07-23,21:44:14,deposito,24.52,837,164,iq967330
185,2023-11-22,18:09:18,saldo,,966,84,ES861072
186,2025-02-15,16:04:08,deposito,48.81,330,37,vB730025
187,2024-04-04,14:37:08,prelievo,125.87,505,26,dl073667
188,2021-03-12,02:36:06,prelievo,37.4,466,115,Ch402952
189,2024-11-17,07:56:35,deposito,73.76,812,118,ja410389
190,2024-01-12,23:14:36,prelievo,153.57,1069,233,dd680235
191,2024-07-23,05:50:52,prelievo,24.49,1071,82,Dk496735
192,2024-12-30,05:26:40,deposito,184.32,209,99,mE300044
193,2020-03-31,08:48:36,prelievo,100.91,538,151,XN507608
194,2020-11-11,21:54:45,deposito,29.72,702,58,bD060463
195,2022-02-11,02:01:05,deposito,70.68,534,237,ue295982
196,2025-11-26,02:09:36,lista_movimenti,,314,24,XR431449
197,2025-03-17,05:56:21,saldo,,729,100,yh834031
198,2023-12-01,07:56:50,lista_movimenti,,686,253,tL382748
199,2024-06-19,03:01:47,prelievo,55.46,298,51,qx970106
200,2025-04-11,21:49:41,deposito,28.52,204,60,md202995
201,2022-02-14,15:11:42,prelievo,89.02,68,102,xO594286
202,2025-01-09,19:49:01,deposito,139.4,20,210,Il304858
203,2020-03-12,18:42:52,prelievo,27.28,11,72,KG745447
204,2020-04-21,12:48:19,prelievo,124.96,910,4,PS396027
205,2019-11-04,08:37:41,prelievo,116.97,25,165,AQ934320
206,2017-08-03,21:12:37,prelievo,32.8,32,102,Ig173763
207,2024-03-30,13:18:54,prelievo,113.89,455,228,Wc183299
208,2021-07-18,22:17:38,lista_movimenti,,866,289,Vx711810
209,2025-02-28,18:40:30,prelievo,82.32,668,76,JO652237
210,2017-05-01,04:29:33,deposito,124.09,213,80,kH402165
211,2025-12-14,05:13:45,saldo,,1,3,Kr937521
212,2020-07-14,19:06:43,prelievo,180.34,608,113,FE634864
213,2025-04-18,09:42:10,lista_movimenti,,142,111,Zp331630
214,2015-09-23,11:48:02,prelievo,151.03,469,82,WM351496
215,2025-11-06,04:00:40,saldo,,443,21,mb464949
216,2023-04-29,13:08:56,prelievo,65.86,506,245,iO707360
217,2026-01-02,07:00:43,lista_movimenti,,759,84,cs986645
218,2021-10-03,22:22:52,prelievo,153.03,1130,130,yw999567
219,2023-05-05,00:14:57,prelievo,157.21,299,90,NS978939
220,2024-06-26,17:27:30,prelievo,44.77,340,58,hg270945
221,2024-02-06,22:25:39,lista_movimenti,,65,149,Jv233576
222,2025-02-26,22:55:37,prelievo,174.24,1008,229,HX846311
223,2016-03-24,04:16:10,prelievo,168.08,372,59,Mw775286
224,2018-08-05,23:00:40,prelievo,71.36,601,165,rQ147213
225,2015-10-10,07:17:26,saldo,,585,183,mt526529
226,2020-11-30,00:27:47,prelievo,33.12,253,202,uM884186
227,2017-02-09,00:02:03,prelievo,51.83,538,265,XN507608
228,2025-04-04,22:39:25,saldo,,71,171,Qq938432
229,2020-09-21,04:35:45,deposito,27.47,474,246,Rn956359
230,2024-03-25,23:02:32,lista_movimenti,,853,235,bu549157
231,2020-10-28,20:13:37,deposito,87.34,849,200,sy775844
232,2018-10-25,09:27:01,deposito,90.06,1011,46,kj751268
233,2022-02-03,13:34:29,saldo,,1156,65,CE752078
234,2026-02-15,04:48:06,prelievo,103.96,955,295,Ll242885
235,2022-10-03,18:03:21,prelievo,128.89,140,226,BL586716
236,2013-08-20,03:09:42,prelievo,195.34,1063,177,ml256657
237,2024-08-05,13:18:47,prelievo,128.63,127,7,tw866985
238,2022-12-30,22:30:21,deposito,146.51,336,90,Tq273933
239,2026-01-17,10:46:38,saldo,,444,201,Id610604
240,2025-10-18,09:53:17,deposito,60.7,979,290,eV736470
241,2024-11-02,01:03:57,lista_movimenti,,360,151,kc955766
242,2020-04-16,13:10:33,prelievo,23.4,578,217,eg649602
243,2024-10-30,14:39:09,prelievo,18.71,800,193,Dy649686
244,2016-05-14,15:11:50,deposito,10.39,728,252,ni405247
245,2024-04-26,00:53:21,prelievo,90.79,586,36,HB012003
246,2023-05-11,07:18:31,prelievo,197.61,302,128,FS475878
247,2024-05-24,19:09:41,prelievo,194.2,848,266,wP590147
248,2021-11-17,21:37:30,deposito,36.02,502,130,aT559634
249,2026-02-18,15:50:21,lista_movimenti,,658,298,FE893788
250,2021-10-23,22:44:59,prelievo,39.69,892,156,gt912771
251,2025-09-02,03:16:19,prelievo,145.38,849,275,sy775844
252,2024-11-22,07:21:24,deposito,36.61,290,76,Wx718192
253,2021-07-07,22:57:25,deposito,40.07,1197,11,Gl263960
254,2025-02-17,15:54:49,deposito,145.33,842,15,IK256002
255,2020-03-13,23:38:58,deposito,110.87,514,278,Ps863192
256,2024-06-28,10:59:11,deposito,33.23,967,150,tP509381
257,2025-03-25,01:10:37,prelievo,135.42,529,176,Ys874256
258,2026-01-11,08:11:54,deposito,172.87,133,215,dk225195
259,2025-08-24,15:20:50,deposito,25.19,383,72,li800403
260,2024-05-10,03:11:15,prelievo,137.75,591,66,lP220259
261,2022-02-07,04:08:57,deposito,126.03,1031,164,dv995602
262,2026-05-06,12:00:41,deposito,88.02,802,54,NO117837
263,2018-04-23,10:15:22,prelievo,185.67,116,2,ir700674
264,2016-08-23,12:20:06,lista_movimenti,,866,153,Vx711810
265,2024-07-09,01:32:04,saldo,,526,216,UK874121
266,2022-12-23,03:17:08,saldo,,876,188,VE382295
267,2023-07-23,17:56:35,saldo,,593,208,SX211034
268,2023-12-18,17:39:12,deposito,111.24,1140,26,Kw431712
269,2024-07-13,05:40:51,lista_movimenti,,577,153,wG190726
270,2019-11-14,00:58:40,prelievo,45.54,332,46,Am957427
271,2024-11-06,16:54:05,prelievo,20.66,1008,67,HX846311
272,2023-03-25,02:32:04,prelievo,81.18,516,221,by901269
273,2025-10-30,04:24:20,deposito,38.25,1011,215,kj751268
274,2024-11-27,06:51:01,saldo,,62,166,OQ882200
275,2024-09-02,23:58:22,deposito,10.72,945,54,ml839599
276,2025-07-19,23:04:22,prelievo,199.85,715,157,EY159838
277,2025-05-11,22:21:20,deposito,14.8,88,240,Jv325918
278,2015-08-28,16:08:10,deposito,194.51,862,264,Do126968
279,2025-06-10,18:39:51,lista_movimenti,,286,90,co112997
280,2014-01-23,10:02:52,deposito,116.55,551,21,JH833801
281,2025-02-02,19:56:04,prelievo,89.63,519,87,kQ808429
282,2017-04-04,13:36:48,prelievo,79.16,866,101,Vx711810
283,2023-05-25,19:15:09,saldo,,718,235,Mt154953
284,2023-12-08,00:47:27,prelievo,112.82,29,182,cO966688
285,2026-04-09,01:28:26,deposito,63.19,1002,227,Pu299190
286,2025-07-15,00:32:34,lista_movimenti,,1158,18,DB955466
287,2016-03-19,12:04:05,deposito,126.39,1060,120,LP297243
288,2017-06-12,05:03:38,deposito,169.6,381,4,Ta801186
289,2015-03-21,07:37:51,prelievo,149.79,607,97,fu168619
290,2023-11-04,06:17:10,prelievo,20.64,21,247,Ct779098
291,2023-04-09,12:32:56,prelievo,103.54,804,23,NR877461
292,2025-04-14,19:32:21,deposito,112.02,229,69,Of817113
293,2026-02-11,20:48:08,lista_movimenti,,520,65,Ld675530
294,2024-09-22,16:30:55,prelievo,122.08,290,36,Wx718192
295,2025-11-04,22:31:29,deposito,110.7,656,191,VY118399
296,2024-08-20,02:28:18,lista_movimenti,,625,127,jh031923
297,2023-07-29,07:46:44,saldo,,218,279,rA102623
298,2025-04-25,17:45:26,prelievo,105.39,483,163,RF112903
299,2024-04-27,21:51:21,deposito,163.93,1120,176,FT220278
300,2018-04-04,16:16:24,lista_movimenti,,893,100,Hk597267
301,2022-11-22,02:33:49,prelievo,130.62,75,284,KG028766
302,2024-09-29,05:22:30,prelievo,44.74,9,178,LA267757
303,2016-05-26,17:17:58,prelievo,46.88,519,100,kQ808429
304,2025-08-09,14:32:52,deposito,128.11,506,226,iO707360
305,2022-02-07,01:52:58,deposito,172.7,219,25,qd982333
306,2019-03-04,02:48:26,deposito,137.27,415,211,me115735
307,2025-12-15,22:57:54,prelievo,27.78,1010,187,kK578071
308,2015-12-15,10:59:35,deposito,88.3,893,183,Hk597267
309,2024-09-20,17:07:35,prelievo,108.8,505,8,dl073667
310,2023-03-03,17:15:48,deposito,91.22,175,35,LD982891
311,2019-12-28,18:14:14,deposito,125.34,339,169,vj794623
312,2020-11-17,19:38:16,prelievo,71.73,141,64,dG623498
313,2024-03-10,18:14:11,prelievo,43.07,109,22,Fk387716
314,2015-01-13,08:37:32,lista_movimenti,,1170,144,Db002824
315,2017-04-08,04:11:42,deposito,56.09,474,147,Rn956359
316,2024-10-10,05:29:54,prelievo,101.84,660,15,jY201836
317,2023-06-27,08:11:36,prelievo,137.7,923,170,Io874310
318,2017-06-28,19:32:52,deposito,15.34,1187,274,xo128142
319,2026-04-09,04:54:20,prelievo,120.04,398,78,yz311053
320,2022-08-22,19:26:27,deposito,107.85,181,213,Aq043915
321,2023-05-24,00:18:19,prelievo,37.33,1190,188,EH922865
322,2024-12-13,21:37:44,deposito,93.17,1032,122,tF004375
323,2024-09-13,01:51:56,deposito,77.75,827,241,FF677474
324,2016-11-05,03:09:18,prelievo,68.89,1159,137,LT975737
325,2022-04-03,12:37:56,prelievo,146.95,975,121,Ji594920
326,2024-03-26,12:57:50,prelievo,77.48,420,232,Nt155192
327,2025-11-09,15:27:16,deposito,29.3,455,35,Wc183299
328,2025-12-23,18:50:30,lista_movimenti,,242,219,kH373446
329,2022-06-01,17:26:12,deposito,15.55,87,219,jy557244
330,2024-03-18,17:07:42,prelievo,16.65,109,183,Fk387716
331,2022-08-24,10:46:35,prelievo,163.35,956,155,Dm394360
332,2024-01-23,23:47:57,prelievo,52.2,769,275,WC073087
333,2018-03-09,17:39:10,prelievo,21.3,186,38,YO863486
334,2022-03-29,21:33:20,deposito,138.42,546,94,Tr758097
335,2025-11-19,18:24:02,prelievo,159.28,663,52,zr716417
336,2022-10-27,08:23:55,saldo,,513,253,eP594696
337,2023-02-10,17:00:22,lista_movimenti,,711,33,pu458971
338,2021-12-14,11:05:46,saldo,,35,122,cc360209
339,2026-01-04,05:28:56,prelievo,116.43,674,93,yU404660
340,2021-08-11,01:12:37,deposito,196.93,219,179,qd982333
341,2025-05-23,20:27:46,deposito,152.69,818,17,yZ059854
342,2025-04-05,06:42:25,prelievo,178.88,52,6,ao504679
343,2025-02-04,13:51:17,deposito,185.23,1064,182,fZ215909
344,2021-07-30,05:29:41,deposito,199.42,1192,123,JQ672056
345,2022-01-18,12:36:47,deposito,148.5,748,39,DB529952
346,2025-05-07,21:25:32,prelievo,194.59,993,68,XY407086
347,2025-10-02,08:03:39,deposito,175.55,793,27,Rj696011
348,2022-01-22,18:31:42,deposito,42.25,29,266,cO966688
349,2024-05-05,18:30:48,prelievo,140.5,556,127,xC321567
350,2024-06-22,09:35:19,deposito,80.18,642,6,wD928648
351,2025-02-21,13:54:34,saldo,,391,33,Vj240239
352,2025-01-12,08:00:00,prelievo,94.31,1188,239,Wy463276
353,2024-09-28,19:33:59,prelievo,73.39,585,175,mt526529
354,2023-03-08,17:22:20,prelievo,73.63,926,185,ca711552
355,2025-10-29,06:01:15,saldo,,242,232,kH373446
356,2023-07-28,18:13:22,deposito,174.33,1047,176,WV167333
357,2024-07-16,02:18:54,prelievo,188.29,38,200,il026142
358,2018-06-20,06:39:02,lista_movimenti,,303,124,jL996308
359,2024-02-11,18:54:35,saldo,,857,18,gC043514
360,2022-01-10,22:47:53,prelievo,120.9,434,96,wk234097
361,2020-10-04,19:08:15,lista_movimenti,,1156,294,CE752078
362,2020-07-25,06:24:01,deposito,147.5,351,61,PM719076
363,2022-06-24,08:35:04,deposito,58.41,246,179,CK473664
364,2025-02-11,23:35:13,prelievo,29.42,487,92,NS535369
365,2018-04-24,21:01:42,prelievo,87.43,1160,203,dn706343
366,2024-10-15,10:24:59,deposito,56.64,661,5,RF432548
367,2014-07-19,01:27:37,prelievo,182.1,789,92,IB961263
368,2018-01-01,11:44:19,prelievo,142.93,622,174,VV522018
369,2021-03-26,20:11:32,lista_movimenti,,30,192,ni811078
370,2022-02-03,22:43:18,saldo,,458,183,tL424108
371,2024-12-19,22:29:50,prelievo,141.48,176,131,jK495738
372,2024-06-25,11:42:01,prelievo,180.25,457,264,dt046231
373,2018-05-10,09:51:42,saldo,,912,181,PP822890
374,2022-07-25,07:17:41,saldo,,577,220,wG190726
375,2020-03-26,14:11:05,saldo,,35,71,cc360209
376,2025-08-19,03:35:23,prelievo,172.73,404,179,ak093372
377,2026-05-02,23:17:04,prelievo,130.77,34,222,DK876695
378,2017-10-26,12:58:38,prelievo,150.08,939,25,PZ716515
379,2026-04-28,01:19:39,deposito,33.51,139,128,PS548595
380,2025-06-29,09:39:31,lista_movimenti,,1171,255,Pb698210
381,2020-11-22,08:48:01,saldo,,321,79,Np409420
382,2024-03-17,02:20:04,prelievo,195.38,270,185,Oy876662
383,2025-11-28,22:13:11,deposito,29.37,919,15,UQ721879
384,2023-03-18,03:57:12,prelievo,194.86,325,242,ZV821070
385,2025-04-18,01:14:04,saldo,,681,233,Lg023896
386,2026-04-24,13:17:50,deposito,16.75,376,7,IL775506
387,2025-11-23,08:14:31,prelievo,199.23,690,77,nV224408
388,2025-09-12,19:16:20,lista_movimenti,,663,243,zr716417
389,2014-03-25,00:00:24,prelievo,97.24,1114,41,Si374605
390,2025-09-06,06:15:52,prelievo,96.39,539,72,jt315874
391,2024-04-19,02:02:08,lista_movimenti,,69,135,va318500
392,2026-03-31,03:57:37,prelievo,118.16,320,171,Ut663071
393,2025-03-13,09:24:45,deposito,79.29,909,209,qy515003
394,2021-06-13,09:05:49,prelievo,111.85,172,261,oE768132
395,2026-04-05,13:17:50,lista_movimenti,,212,84,aU113901
396,2020-06-29,19:25:51,deposito,70.52,559,105,QL498421
397,2026-01-05,07:27:03,deposito,122.6,820,182,Ll846227
398,2019-08-25,22:53:44,saldo,,36,48,xw344115
399,2022-02-27,17:42:10,prelievo,89.58,969,214,YU658427
400,2016-02-24,20:10:29,prelievo,54.48,944,263,li937953
401,2025-12-07,22:23:07,deposito,197.35,117,42,sM581489
402,2024-11-12,03:19:12,saldo,,777,44,Pa086728
403,2018-11-15,09:40:35,saldo,,347,18,oR911147
404,2025-10-03,17:19:08,deposito,100.67,913,1,in303073
405,2022-01-17,08:02:01,prelievo,197.93,357,234,wa254369
406,2024-04-26,13:40:32,saldo,,468,216,Ti017759
407,2021-01-18,00:13:09,lista_movimenti,,539,31,jt315874
408,2023-01-10,17:34:06,deposito,188.98,253,50,uM884186
409,2013-07-08,11:47:12,saldo,,324,1,tN450687
410,2025-08-11,16:22:16,deposito,58.35,330,28,vB730025
411,2025-03-24,18:19:04,saldo,,844,278,UQ481602
412,2024-05-30,03:50:52,prelievo,154.91,656,80,VY118399
413,2021-07-29,08:14:00,prelievo,175.78,1103,132,UV909989
414,2025-10-08,15:43:08,prelievo,189.84,411,98,PF743607
415,2023-09-10,23:23:06,lista_movimenti,,725,59,Qs637803
416,2019-04-01,08:16:19,prelievo,102.65,736,34,Wv009407
417,2024-05-09,22:23:22,deposito,20.44,750,226,eS158534
418,2024-09-24,13:34:37,prelievo,49.72,14,276,zl386815
419,2022-09-14,01:03:43,prelievo,54.39,1099,76,OD153822
420,2023-04-04,13:24:20,prelievo,138.33,218,271,rA102623
421,2018-04-12,00:23:55,prelievo,195.84,429,67,KG991994
422,2022-03-07,13:49:12,prelievo,188.42,741,138,Jx955965
423,2020-04-14,12:28:02,prelievo,108.62,150,177,vN665993
424,2015-11-24,04:57:34,deposito,129.97,996,276,ZB608610
425,2025-08-25,02:18:10,prelievo,118.46,747,2,FG019868
426,2020-04-03,00:18:13,deposito,194.14,259,205,JU585456
427,2025-09-21,06:21:06,prelievo,89.06,748,296,DB529952
428,2024-01-17,11:39:35,prelievo,109.75,990,32,hc253896
429,2020-09-24,13:02:42,prelievo,100.49,803,257,bu243545
430,2018-06-30,03:49:34,prelievo,181.21,241,145,tk953031
431,2024-07-17,21:01:18,saldo,,359,53,kD916717
432,2023-02-18,05:42:10,prelievo,122.75,402,85,kC493574
433,2026-01-07,20:54:36,lista_movimenti,,691,201,Pd126645
434,2021-06-14,01:56:15,prelievo,199.86,1171,296,Pb698210
435,2026-03-12,15:12:19,deposito,44.1,1005,167,QI527743
436,2026-03-04,19:32:58,deposito,149.74,1190,240,EH922865
437,2022-10-24,11:53:01,prelievo,174.16,207,212,tV995837
438,2024-05-20,03:32:26,prelievo,71.67,306,70,nN959712
439,2020-05-15,01:01:37,prelievo,68.96,556,73,xC321567
440,2024-02-28,22:11:02,deposito,70.54,420,111,Nt155192
441,2015-09-21,15:08:49,deposito,98.89,883,108,bN231002
442,2024-12-18,04:18:01,saldo,,1156,227,CE752078
443,2020-06-09,17:27:23,deposito,43.38,1153,38,YW550301
444,2021-03-28,16:55:25,saldo,,427,39,rR690371
445,2022-08-10,01:54:38,prelievo,69.61,251,246,KJ865738
446,2025-10-27,05:32:56,deposito,111.18,395,158,uc759901
447,2019-01-30,22:31:08,saldo,,751,197,Bh940343
448,2021-12-16,23:42:24,deposito,40.29,988,175,Dw508390
449,2022-05-13,09:57:39,prelievo,44.92,1103,51,UV909989
450,2024-09-07,22:26:57,deposito,20.21,203,137,xE705573
451,2026-04-03,20:55:58,lista_movimenti,,702,116,bD060463
452,2016-01-29,08:21:00,lista_movimenti,,99,299,XL766417
453,2024-09-07,06:48:26,prelievo,20.86,983,146,ix440725
454,2023-06-16,11:47:57,saldo,,497,100,Hj660331
455,2024-09-03,02:45:00,prelievo,180.71,603,149,MD910872
456,2017-02-28,14:32:22,deposito,195.06,929,273,fn154182
457,2021-01-26,02:36:17,deposito,80.21,270,15,Oy876662
458,2024-03-27,01:50:29,deposito,54.78,212,188,aU113901
459,2024-08-09,19:19:29,deposito,189.23,887,73,LQ256301
460,2024-01-20,22:53:34,lista_movimenti,,1020,1,PZ465362
461,2012-04-04,16:13:48,deposito,53.65,1016,136,zU498885
462,2020-10-24,19:50:13,deposito,29.33,300,126,hP694622
463,2024-01-31,06:18:24,deposito,105.11,676,157,aY201522
464,2023-10-26,16:35:05,prelievo,61.89,1105,274,GC955349
465,2017-01-01,12:16:05,deposito,137.34,405,36,yG626653
466,2026-04-30,06:54:08,deposito,118.31,967,276,tP509381
467,2025-08-19,13:28:43,prelievo,29.04,1152,55,KC264572
468,2021-10-17,15:47:17,deposito,79.63,912,40,PP822890
469,2014-05-24,23:21:40,deposito,180.79,469,213,WM351496
470,2017-04-05,21:59:13,prelievo,91.88,717,158,LS493276
471,2025-11-07,09:17:11,deposito,177.8,128,215,Te795155
472,2022-04-05,01:18:15,lista_movimenti,,292,129,Ar792575
473,2014-01-02,02:41:47,prelievo,24.51,441,277,Nu332959
474,2021-04-28,08:18:13,prelievo,14.89,1175,214,eK966435
475,2023-12-07,11:51:59,deposito,28.08,489,106,zY827523
476,2022-04-22,10:10:49,prelievo,84.63,549,209,nX547241
477,2020-03-22,08:36:09,prelievo,25.57,945,49,ml839599
478,2024-11-09,00:53:34,deposito,114.29,547,294,ax808967
479,2024-01-26,23:01:56,prelievo,95.26,753,183,xI712968
480,2025-05-15,17:21:27,lista_movimenti,,1000,67,FH413999
481,2025-04-21,08:01:07,deposito,64.39,1138,122,Bn553352
482,2025-08-04,01:40:25,prelievo,64.76,1143,161,bW443277
483,2023-08-30,13:01:24,lista_movimenti,,1007,90,Sj076857
484,2015-11-23,00:41:40,prelievo,92.9,780,23,sk731686
485,2026-04-13,09:26:09,prelievo,120.74,1061,200,na289629
486,2023-04-23,16:12:35,deposito,144.64,1000,106,FH413999
487,2024-07-24,07:52:50,lista_movimenti,,329,212,Rz676207
488,2017-12-17,22:22:54,prelievo,58.6,1173,237,ir077914
489,2019-02-14,05:20:44,prelievo,59.04,559,270,QL498421
490,2015-09-04,20:47:56,saldo,,318,124,iq314937
491,2023-03-15,22:55:15,deposito,61.92,123,262,UC358426
492,2021-12-03,03:54:50,saldo,,769,253,WC073087
493,2025-08-13,00:28:30,deposito,155.17,16,126,fQ207597
494,2026-05-07,21:06:47,prelievo,35.86,360,107,kc955766
495,2023-06-25,03:01:04,prelievo,58.63,1162,242,Qo689553
496,2024-02-19,00:14:11,prelievo,171.5,507,132,Hp708117
497,2023-06-02,22:04:05,lista_movimenti,,245,45,Kn021481
498,2017-10-05,08:00:48,prelievo,40.13,736,90,Wv009407
499,2025-10-09,10:34:43,prelievo,95.14,444,266,Id610604
500,2024-07-12,20:09:16,deposito,81.23,420,250,Nt155192
501,2023-10-20,13:41:49,lista_movimenti,,59,154,tg076802
502,2018-07-07,11:27:07,deposito,186.53,439,174,dh030688
503,2025-04-07,21:04:27,saldo,,100,278,Pw470551
504,2020-08-27,17:32:16,lista_movimenti,,888,206,RN445012
505,2022-05-11,03:04:26,deposito,149.97,770,64,th041409
506,2023-03-18,01:36:42,prelievo,31.96,917,72,Wi768100
507,2012-09-14,09:16:11,prelievo,181.36,659,94,pS222156
508,2021-02-03,00:41:08,saldo,,853,159,bu549157
509,2020-12-28,13:48:14,deposito,68.93,819,218,Mx179729
510,2025-05-27,20:41:10,saldo,,642,220,wD928648
511,2012-10-24,07:53:01,prelievo,121.45,55,78,Qy023469
512,2024-04-30,10:04:32,deposito,189.37,529,81,Ys874256
513,2023-11-26,20:34:36,deposito,190.66,326,128,ML567127
514,2019-09-03,06:17:26,saldo,,557,74,pj936322
515,2024-11-18,17:07:04,prelievo,178.65,1086,54,RP154564
516,2021-05-30,19:44:58,prelievo,71.43,765,109,RP715594
517,2022-08-17,22:46:36,prelievo,166.42,971,139,Nm431440
518,2017-01-08,18:25:29,prelievo,150.7,442,93,yt823356
519,2022-04-25,11:42:56,deposito,107.43,971,266,Nm431440
520,2026-01-18,17:47:53,lista_movimenti,,262,79,uI667069
521,2017-04-18,19:16:16,deposito,143.3,23,80,Kv616996
522,2016-05-13,08:51:17,deposito,195.07,932,125,NI768742
523,2024-07-15,21:07:53,deposito,25.87,1077,115,mK469864
524,2019-10-31,18:06:22,deposito,14.11,620,13,pO809799
525,2025-07-06,00:38:26,prelievo,119.57,843,190,ev147071
526,2024-04-22,13:09:06,saldo,,65,31,Jv233576
527,2021-09-18,12:38:04,deposito,63.93,1136,226,ei795202
528,2023-01-03,16:08:08,prelievo,28.03,38,69,il026142
529,2026-03-28,00:09:51,prelievo,126.05,1183,214,YZ657359
530,2025-01-14,02:42:09,saldo,,96,219,WN062639
531,2025-09-17,08:21:12,deposito,13.64,715,22,EY159838
532,2026-03-10,21:47:13,deposito,34.11,474,292,Rn956359
533,2025-01-09,02:26:26,deposito,66.53,913,229,in303073
534,2019-11-27,01:03:31,prelievo,141.23,1162,75,Qo689553
535,2021-02-25,11:09:16,prelievo,183.82,1162,270,Qo689553
536,2020-11-02,01:00:38,prelievo,150.45,811,204,XA486278
537,2022-07-15,12:18:00,prelievo,63.63,81,47,EJ330568
538,2017-01-26,01:31:27,prelievo,75.08,200,261,fP767727
539,2026-02-12,00:48:51,deposito,24.96,306,111,nN959712
540,2025-02-02,00:48:36,lista_movimenti,,1001,144,sk102317
541,2024-03-25,23:50:01,deposito,187.66,1140,253,Kw431712
542,2024-01-02,16:42:48,deposito,23.13,208,69,jL779780
543,2023-08-18,13:39:32,saldo,,366,201,Ux779634
544,2015-10-27,00:18:15,saldo,,1022,153,mr309085
545,2024-05-21,22:01:05,deposito,189.26,646,213,Rp412918
546,2023-03-29,22:38:34,lista_movimenti,,878,267,IC398346
547,2020-07-07,20:25:59,deposito,181.79,991,141,pb041561
548,2024-10-08,20:26:47,deposito,54.37,164,239,OV475251
549,2024-02-21,01:56:27,deposito,191.39,1175,17,eK966435
550,2025-10-28,18:15:26,prelievo,157.17,961,42,tH409258
551,2024-12-30,17:35:13,deposito,54.4,279,7,Xh076423
552,2026-03-08,13:17:03,deposito,155.74,93,66,Uu634731
553,2022-02-13,01:15:11,prelievo,69.43,882,168,Rm212158
554,2023-10-14,13:26:29,prelievo,127.79,816,60,Pv978155
555,2022-02-23,02:55:14,prelievo,49.37,8,282,mK552103
556,2015-05-06,11:36:55,prelievo,44.41,712,32,tv905159
557,2017-11-24,09:29:41,prelievo,59.76,983,128,ix440725
558,2018-11-30,10:24:21,prelievo,188.15,929,103,fn154182
559,2018-02-19,07:00:22,lista_movimenti,,1160,182,dn706343
560,2017-08-17,13:32:33,prelievo,179.86,1095,8,Ao945467
561,2020-10-15,22:01:34,prelievo,10.68,929,187,fn154182
562,2014-06-19,03:56:21,deposito,19.6,162,225,AU524344
563,2024-04-18,00:23:20,prelievo,71.23,690,136,nV224408
564,2025-07-22,04:38:04,prelievo,35.05,590,239,yb347850
565,2024-10-19,06:23:52,prelievo,158.83,447,99,uX775554
566,2023-12-11,17:41:02,deposito,199.16,1013,65,vY990324
567,2023-12-09,11:23:43,prelievo,68.44,783,101,Kh366288
568,2023-01-11,06:13:47,deposito,117.96,496,99,mj431401
569,2024-01-13,06:26:02,prelievo,73.31,1029,259,mt182957
570,2022-10-20,14:13:32,prelievo,180.56,779,168,yF840729
571,2024-10-20,12:47:23,deposito,169.59,48,189,cd763882
572,2022-04-20,07:27:09,deposito,196.49,1105,52,GC955349
573,2021-07-20,10:16:02,deposito,141.26,405,162,yG626653
574,2022-05-01,09:36:00,prelievo,117.15,850,106,ra188057
575,2022-05-02,19:52:02,saldo,,394,154,JZ367469
576,2023-11-02,11:17:55,deposito,191.25,284,207,ZR076100
577,2020-11-01,09:49:45,prelievo,92.97,536,9,Dv935647
578,2021-05-21,12:27:28,prelievo,142.24,208,139,jL779780
579,2018-03-06,15:26:12,prelievo,17.34,116,287,ir700674
580,2025-06-25,03:45:37,saldo,,964,235,dv617920
581,2024-02-21,08:06:40,deposito,185.59,213,231,kH402165
582,2018-03-04,22:21:03,deposito,95.27,459,198,BA662880
583,2015-02-01,04:07:08,lista_movimenti,,256,44,RY237051
584,2013-04-04,08:11:07,prelievo,174.32,276,273,fX504249
585,2025-05-16,06:21:28,prelievo,145.48,911,70,vn550233
586,2024-11-24,02:24:41,lista_movimenti,,483,254,RF112903
587,2025-06-05,00:12:41,lista_movimenti,,52,62,ao504679
588,2026-03-28,14:14:04,deposito,167.31,1008,82,HX846311
589,2020-10-29,20:02:37,deposito,72.54,300,86,hP694622
590,2014-01-11,19:23:47,deposito,61.19,800,206,Dy649686
591,2022-11-28,19:28:09,deposito,170.48,721,160,tO887956
592,2025-11-24,03:24:18,deposito,120.41,176,208,jK495738
593,2017-06-14,23:11:40,saldo,,429,283,KG991994
594,2022-08-20,21:05:42,deposito,184.41,605,172,xl475440
595,2022-01-21,18:58:37,prelievo,87.8,410,5,rH671688
596,2026-02-21,05:37:53,deposito,128.16,187,77,Me898429
597,2024-12-15,03:47:25,deposito,21.9,342,75,NC797332
598,2019-11-11,23:30:22,deposito,154.3,1167,68,YV046967
599,2017-04-15,04:04:42,prelievo,73.5,615,220,Wu128114
600,2019-02-13,10:45:03,deposito,172.26,261,136,Cr073637
601,2017-02-09,06:41:45,saldo,,1007,122,Sj076857
602,2025-04-06,20:58:58,prelievo,128.06,979,97,eV736470
603,2026-04-12,23:58:03,deposito,63.7,358,252,mU852761
604,2021-12-14,00:06:35,prelievo,36.04,1111,2,Ua519335
605,2023-11-18,05:10:38,deposito,103.69,887,11,LQ256301
606,2021-12-16,22:35:56,lista_movimenti,,1165,288,bu038748
607,2021-01-31,03:43:23,prelievo,180.22,1156,206,CE752078
608,2025-09-26,21:44:26,prelievo,100.71,735,212,DN152459
609,2021-12-30,14:22:21,prelievo,78.77,1174,12,nN756162
610,2023-08-15,12:31:10,prelievo,24.36,1003,15,oD483039
611,2025-11-04,12:21:12,deposito,91.29,353,187,OZ834844
612,2020-11-16,00:25:59,prelievo,175.36,475,78,RA652206
613,2018-04-22,15:19:29,prelievo,85.79,878,152,IC398346
614,2026-03-29,23:33:32,prelievo,159.1,961,267,tH409258
615,2024-07-07,13:31:46,prelievo,146.18,301,80,aU233191
616,2025-08-06,19:52:54,lista_movimenti,,370,257,LZ730487
617,2022-11-25,17:22:54,lista_movimenti,,1090,100,Re932589
618,2023-06-05,19:37:31,prelievo,11.76,150,190,vN665993
619,2021-06-01,09:11:02,prelievo,173.3,69,172,va318500
620,2016-11-28,00:00:44,prelievo,32.26,888,151,RN445012
621,2022-01-03,00:32:52,prelievo,185.99,483,213,RF112903
622,2025-06-20,03:52:56,prelievo,66.04,111,7,ie259563
623,2024-05-27,19:38:18,prelievo,151.94,932,156,NI768742
624,2023-01-30,16:13:04,saldo,,1167,219,YV046967
625,2021-12-01,02:56:43,prelievo,122.35,1044,298,hV911640
626,2020-05-24,12:59:17,prelievo,54.0,223,144,KC959413
627,2017-02-21,10:02:44,saldo,,1159,79,LT975737
628,2021-04-12,16:43:56,prelievo,188.48,460,157,Pa566847
629,2025-12-03,17:13:40,saldo,,625,232,jh031923
630,2023-09-05,01:42:26,prelievo,184.64,788,157,Fc865300
631,2021-08-29,04:44:09,saldo,,475,63,RA652206
632,2025-06-24,10:22:30,prelievo,33.85,1064,96,fZ215909
633,2019-05-06,00:00:41,prelievo,81.15,733,268,FG408338
634,2021-11-30,05:14:57,deposito,93.64,617,196,au473245
635,2026-01-14,14:17:11,saldo,,989,159,kW532191
636,2023-08-12,00:45:51,lista_movimenti,,181,12,Aq043915
637,2023-11-16,08:27:25,saldo,,115,224,Wt107337
638,2019-10-29,00:20:12,prelievo,66.68,864,214,PO015467
639,2018-09-20,11:41:05,deposito,174.89,820,177,Ll846227
640,2023-08-24,21:15:02,deposito,44.34,542,2,cY205780
641,2018-09-17,04:24:09,saldo,,400,135,bc820268
642,2024-02-19,17:37:04,prelievo,26.99,724,174,Ve878154
643,2025-11-29,11:17:08,prelievo,158.39,108,61,qB429057
644,2022-04-08,01:22:44,deposito,137.82,1189,189,xu943121
645,2021-03-04,06:41:50,deposito,129.3,585,187,mt526529
646,2026-01-01,03:02:05,deposito,120.17,964,101,dv617920
647,2024-09-24,08:09:31,lista_movimenti,,142,135,Zp331630
648,2022-09-10,09:48:53,prelievo,43.52,433,114,Ss272605
649,2023-12-18,18:22:55,prelievo,93.07,454,113,VB073501
650,2022-12-20,02:54:04,prelievo,77.4,76,268,jP159408
651,2018-04-10,01:33:30,prelievo,83.29,605,187,xl475440
652,2026-01-09,22:01:28,deposito,161.79,470,234,Lm696540
653,2018-10-06,18:45:12,prelievo,142.63,535,184,Bu222421
654,2017-09-27,05:55:06,deposito,174.51,67,115,Yp484566
655,2019-03-20,18:24:51,prelievo,175.68,533,182,yd344027
656,2025-04-14,14:38:20,deposito,121.92,790,265,Ni496698
657,2014-04-25,05:31:09,prelievo,189.16,473,22,qO539810
658,2025-04-26,17:59:32,saldo,,461,192,tA880229
659,2025-02-15,00:18:41,saldo,,1010,153,kK578071
660,2016-03-24,11:59:28,saldo,,833,201,om958353
661,2020-12-17,13:49:16,prelievo,90.03,991,200,pb041561
662,2024-07-30,12:06:11,saldo,,322,178,lZ947762
663,2024-08-30,05:28:54,deposito,109.19,766,250,mz076429
664,2021-11-01,21:33:39,prelievo,21.87,237,135,AK157155
665,2025-05-07,15:29:14,deposito,187.66,233,202,Yg954846
666,2023-01-05,20:50:36,deposito,196.51,284,178,ZR076100
667,2024-09-11,13:25:37,prelievo,186.26,410,74,rH671688
668,2024-06-05,22:11:38,deposito,140.02,1187,41,xo128142
669,2022-09-11,16:16:00,lista_movimenti,,303,155,jL996308
670,2021-08-25,18:03:55,prelievo,77.97,785,174,sY154948
671,2024-12-01,16:53:28,deposito,137.31,682,15,iF563696
672,2025-03-13,09:03:56,deposito,26.45,560,261,SE534125
673,2024-11-12,09:44:45,lista_movimenti,,1025,162,oT570600
674,2022-07-03,00:26:33,lista_movimenti,,445,183,tW445386
675,2025-06-30,05:33:59,deposito,74.2,329,264,Rz676207
676,2022-11-30,05:20:04,deposito,92.23,923,271,Io874310
677,2020-01-03,10:17:28,prelievo,34.36,180,91,xD625304
678,2023-08-27,06:59:12,deposito,193.7,830,261,jq718409
679,2026-04-26,10:51:51,prelievo,70.39,32,63,Ig173763
680,2025-04-08,17:24:52,lista_movimenti,,414,235,iD942787
681,2025-08-10,07:25:43,lista_movimenti,,58,297,wy047261
682,2015-08-14,17:52:05,deposito,40.82,250,69,BA681787
683,2025-05-25,21:26:37,saldo,,955,147,Ll242885
684,2022-07-07,15:51:08,prelievo,88.65,1156,122,CE752078
685,2022-05-13,11:23:19,deposito,100.3,88,72,Jv325918
686,2016-05-19,21:38:42,prelievo,40.66,1131,211,HE763262
687,2020-08-09,12:36:31,saldo,,1150,192,QG071620
688,2026-04-09,09:44:33,deposito,89.02,501,21,qj419418
689,2025-10-10,06:22:21,saldo,,327,143,Gj834453
690,2025-09-08,15:11:43,prelievo,141.37,1133,97,yo654063
691,2022-03-03,11:43:48,deposito,193.86,1046,161,eV915408
692,2025-11-12,15:28:49,prelievo,60.39,1050,225,EK361459
693,2014-09-29,06:15:49,saldo,,931,43,FE691835
694,2023-05-25,05:41:43,deposito,69.23,323,72,kD420204
695,2013-03-24,04:32:08,saldo,,202,127,zo423152
696,2025-04-14,13:34:42,deposito,92.23,461,5,tA880229
697,2025-01-27,07:35:30,lista_movimenti,,615,289,Wu128114
698,2025-06-22,09:46:56,lista_movimenti,,775,272,kN832751
699,2020-09-12,15:23:40,deposito,187.26,607,136,fu168619
700,2022-05-10,14:08:45,saldo,,844,216,UQ481602
701,2023-12-06,18:59:10,deposito,116.82,981,3,Gd346720
702,2024-10-15,03:13:06,prelievo,58.43,1032,197,tF004375
703,2021-10-19,20:35:28,prelievo,67.33,204,45,md202995
704,2025-01-01,06:10:18,prelievo,29.78,899,80,vh211869
705,2016-07-07,12:27:42,deposito,72.21,248,168,VW785832
706,2021-10-19,22:55:00,saldo,,516,126,by901269
707,2020-01-12,15:45:48,lista_movimenti,,98,188,dD290562
708,2015-06-07,09:03:13,lista_movimenti,,219,227,qd982333
709,2024-08-25,11:06:08,prelievo,34.43,420,205,Nt155192
710,2023-09-18,01:17:39,deposito,63.66,1089,1,Dz107972
711,2025-12-07,19:30:29,lista_movimenti,,701,282,BM353526
712,2025-08-20,14:42:13,saldo,,107,59,ig289585
713,2023-09-26,00:25:00,prelievo,17.48,1028,271,Qe387737
714,2026-03-28,19:33:13,prelievo,140.08,834,199,Jn875792
715,2014-06-12,13:14:22,deposito,95.73,55,118,Qy023469
716,2022-05-30,19:24:05,prelievo,69.63,249,271,HF644990
717,2021-03-12,05:51:45,prelievo,174.98,877,233,ns785532
718,2023-05-28,16:27:27,saldo,,28,298,ja601436
719,2026-02-04,04:13:18,saldo,,215,283,nh269517
720,2024-03-20,18:36:58,deposito,81.53,207,194,tV995837
721,2023-01-04,22:27:17,saldo,,284,244,ZR076100
722,2019-09-26,19:00:19,lista_movimenti,,26,242,ki043598
723,2024-10-01,21:12:17,deposito,129.14,454,134,VB073501
724,2022-05-27,05:29:26,deposito,25.79,89,83,BZ035284
725,2021-07-16,01:28:51,prelievo,32.87,390,119,DK217459
726,2017-12-04,23:12:33,saldo,,1058,10,yi644979
727,2024-05-12,04:28:14,prelievo,52.63,287,75,Jf320281
728,2024-02-23,17:17:04,deposito,133.41,772,238,yu036854
729,2025-06-13,09:55:16,lista_movimenti,,813,89,IX168639
730,2024-04-25,20:19:58,saldo,,1002,178,Pu299190
731,2024-05-16,06:08:15,prelievo,186.3,342,31,NC797332
732,2024-08-25,09:04:24,prelievo,76.98,749,225,Nd582827
733,2019-11-10,22:42:11,prelievo,183.99,488,264,zd589532
734,2023-10-27,20:44:03,prelievo,169.51,1027,55,Fp705263
735,2021-03-15,21:45:23,prelievo,84.92,426,293,rl162896
736,2020-09-10,07:29:28,prelievo,57.07,98,264,dD290562
737,2015-10-04,11:56:08,lista_movimenti,,248,177,VW785832
738,2016-04-03,12:40:10,saldo,,1191,193,zh260869
739,2025-12-14,19:18:40,saldo,,867,94,Ws149781
740,2024-09-29,12:42:45,saldo,,917,25,Wi768100
741,2024-01-26,06:46:56,lista_movimenti,,1153,42,YW550301
742,2016-02-03,19:25:30,prelievo,129.05,1178,32,Bi015409
743,2023-02-14,06:53:30,deposito,176.85,846,236,QS796335
744,2025-11-20,07:23:09,saldo,,378,153,kl221145
745,2025-04-21,11:40:12,prelievo,51.53,184,205,sb580731
746,2024-06-21,02:59:48,prelievo,84.89,384,26,lt974760
747,2024-02-20,06:59:38,prelievo,109.7,1059,283,Cr820090
748,2022-09-20,18:23:20,prelievo,40.98,1030,243,uL710316
749,2024-10-29,21:02:17,prelievo,97.07,1117,130,zy090818
750,2025-12-17,08:35:43,lista_movimenti,,1118,197,WF512285
751,2026-01-21,10:10:44,prelievo,121.79,908,120,Jn777679
752,2023-08-23,13:13:04,prelievo,185.15,336,95,Tq273933
753,2023-09-15,16:44:45,saldo,,850,139,ra188057
754,2022-10-12,05:01:54,deposito,146.49,966,263,ES861072
755,2023-10-14,01:21:36,prelievo,36.47,759,58,cs986645
756,2019-12-01,03:29:11,prelievo,152.5,25,200,AQ934320
757,2021-01-19,01:22:38,deposito,111.01,1103,124,UV909989
758,2014-09-07,00:56:39,lista_movimenti,,288,289,aj618924
759,2025-08-18,11:43:44,saldo,,172,212,oE768132
760,2025-03-03,16:25:46,prelievo,198.21,387,85,Lr494654
761,2018-12-28,23:45:04,prelievo,139.78,410,157,rH671688
762,2021-03-04,06:37:24,deposito,141.78,181,7,Aq043915
763,2024-08-21,09:07:35,lista_movimenti,,1117,49,zy090818
764,2025-10-18,11:17:05,saldo,,663,182,zr716417
765,2023-03-24,09:16:26,deposito,43.86,705,136,qu870265
766,2020-05-08,07:03:54,deposito,150.6,1136,136,ei795202
767,2014-03-13,18:37:45,deposito,165.26,659,94,pS222156
768,2018-12-21,21:47:19,lista_movimenti,,529,289,Ys874256
769,2025-05-02,17:13:17,prelievo,34.65,409,82,uk018796
770,2025-04-07,14:56:12,saldo,,1048,154,kW936808
771,2021-05-13,14:20:50,deposito,13.95,982,94,mG363466
772,2014-10-06,10:56:29,lista_movimenti,,998,98,bI476030
773,2025-07-04,08:21:41,deposito,159.38,841,105,AK934462
774,2022-01-17,07:39:09,prelievo,48.85,292,93,Ar792575
775,2019-02-25,23:27:07,lista_movimenti,,740,196,XL707137
776,2014-04-16,14:14:31,deposito,32.57,828,154,nk028531
777,2016-10-29,02:04:18,deposito,49.86,384,102,lt974760
778,2020-06-19,20:56:58,lista_movimenti,,1014,235,Kj409420
779,2020-05-13,18:30:45,saldo,,646,260,Rp412918
780,2023-11-15,01:15:50,deposito,41.28,599,125,wp392141
781,2017-06-04,21:15:37,prelievo,30.96,735,43,DN152459
782,2023-09-05,00:28:22,prelievo,44.02,911,94,vn550233
783,2024-08-10,00:56:25,prelievo,102.38,309,189,AY709126
784,2021-12-03,17:19:10,deposito,187.8,941,135,Zz733033
785,2017-12-14,17:58:10,prelievo,46.41,701,95,BM353526
786,2022-05-23,09:02:28,deposito,98.61,932,15,NI768742
787,2021-09-04,08:40:32,deposito,66.89,466,3,Ch402952
788,2020-09-03,07:54:11,prelievo,85.03,546,246,Tr758097
789,2023-11-11,19:08:21,deposito,75.24,65,271,Jv233576
790,2015-04-16,03:13:43,prelievo,73.29,1141,4,zj023797
791,2024-01-26,00:20:55,prelievo,138.7,195,205,hd867819
792,2018-04-12,20:26:56,saldo,,836,62,Iq692534
793,2017-09-17,15:39:05,prelievo,112.15,478,239,Tq800248
794,2026-01-09,12:26:49,prelievo,173.57,1068,169,KR910501
795,2020-07-16,23:04:33,lista_movimenti,,746,155,OZ333071
796,2022-12-06,11:21:00,deposito,157.46,180,99,xD625304
797,2019-07-05,19:15:56,saldo,,838,248,bu178332
798,2026-01-23,20:47:08,deposito,136.54,512,256,Pq349201
799,2022-11-22,07:02:35,deposito,104.24,1200,271,sg130318
800,2024-11-08,13:23:47,saldo,,76,12,jP159408
801,2022-08-25,15:45:36,lista_movimenti,,1051,297,YN429079
802,2024-03-11,21:13:43,deposito,55.72,766,201,mz076429
803,2025-08-06,10:42:18,saldo,,266,1,SS418065
804,2024-10-06,12:32:09,prelievo,29.81,1028,142,Qe387737
805,2018-11-15,11:48:17,deposito,164.53,381,220,Ta801186
806,2019-07-25,17:10:03,saldo,,1170,285,Db002824
807,2023-04-02,18:36:27,prelievo,180.5,886,287,rX171424
808,2025-06-07,08:04:20,deposito,165.92,267,253,cq633006
809,2026-01-09,23:01:13,prelievo,83.89,57,175,pR306488
810,2026-04-03,11:21:25,prelievo,113.11,101,126,IN155148
811,2023-02-02,00:23:31,deposito,134.8,1028,199,Qe387737
812,2018-11-09,15:47:52,lista_movimenti,,289,91,Mo655144
813,2022-04-29,15:52:00,deposito,198.55,570,1,TB016748
814,2022-04-01,09:20:45,saldo,,569,33,Xg998985
815,2024-04-26,17:44:43,saldo,,620,267,pO809799
816,2014-02-26,01:11:06,saldo,,67,48,Yp484566
817,2014-07-22,18:48:29,lista_movimenti,,584,159,yx786339
818,2019-05-08,17:50:39,deposito,13.09,20,251,Il304858
819,2022-02-26,08:52:19,prelievo,161.05,174,235,aE852936
820,2016-11-22,02:59:45,deposito,74.76,439,150,dh030688
821,2025-08-06,04:46:25,prelievo,191.81,449,142,Kf023732
822,2018-06-13,15:26:24,saldo,,19,137,of763649
823,2025-11-18,11:00:16,deposito,167.75,296,68,Yf816774
824,2026-02-25,03:13:01,deposito,13.94,449,152,Kf023732
825,2022-10-14,07:59:37,prelievo,159.93,1151,106,Cj237248
826,2021-11-16,19:47:32,deposito,189.59,1145,51,ff119460
827,2025-08-27,08:20:44,lista_movimenti,,1,208,Kr937521
828,2023-11-27,04:18:19,lista_movimenti,,635,233,nt802629
829,2021-09-19,12:43:50,prelievo,117.75,438,247,uG743017
830,2023-03-13,10:59:49,deposito,196.5,181,25,Aq043915
831,2015-06-13,09:03:27,prelievo,128.34,695,26,hL257603
832,2017-03-23,00:19:03,prelievo,176.98,1132,150,wq263671
833,2022-12-14,22:06:50,saldo,,994,234,xP651802
834,2025-07-04,02:37:36,deposito,18.28,385,83,UK443397
835,2022-12-11,07:47:52,lista_movimenti,,829,283,jU828444
836,2026-03-05,17:52:18,deposito,92.08,1135,118,fY528082
837,2017-05-26,11:54:33,prelievo,185.51,539,29,jt315874
838,2014-09-01,19:04:27,prelievo,160.32,639,102,jy431161
839,2017-12-23,19:03:29,prelievo,72.48,1014,198,Kj409420
840,2026-04-23,13:21:10,lista_movimenti,,1135,40,fY528082
841,2025-04-11,05:40:58,prelievo,166.24,289,290,Mo655144
842,2022-07-08,10:57:27,lista_movimenti,,567,30,nW478567
843,2024-10-25,08:41:33,deposito,97.42,1006,23,zy401632
844,2020-09-23,22:41:18,saldo,,831,86,iz149965
845,2022-05-01,22:29:40,prelievo,142.01,1111,177,Ua519335
846,2022-08-07,04:49:20,prelievo,160.98,134,145,BW088293
847,2024-02-23,11:46:01,deposito,183.5,443,105,mb464949
848,2025-12-25,18:20:13,lista_movimenti,,363,267,tS762220
849,2024-11-28,17:02:21,deposito,97.12,413,117,wI003182
850,2016-11-01,23:43:30,deposito,196.88,1175,49,eK966435
851,2023-11-30,01:27:28,prelievo,143.37,107,112,ig289585
852,2024-02-19,01:54:22,prelievo,94.01,968,36,aI451523
853,2021-02-05,00:54:36,prelievo,49.99,937,128,ig517122
854,2019-11-27,22:09:45,prelievo,33.05,985,284,tC026274
855,2023-12-28,07:42:07,deposito,18.64,157,35,qh574390
856,2026-01-01,01:00:55,deposito,16.13,461,45,tA880229
857,2025-11-27,14:26:45,saldo,,329,249,Rz676207
858,2025-01-27,08:42:50,prelievo,144.82,886,289,rX171424
859,2024-08-20,16:57:41,deposito,41.55,1017,158,qe525232
860,2023-12-22,06:14:57,prelievo,125.58,201,109,aJ017990
861,2024-01-15,08:47:13,deposito,96.48,757,32,sz721489
862,2024-07-25,17:48:02,saldo,,1019,40,hX191650
863,2024-05-29,01:21:09,deposito,177.52,609,276,tJ636285
864,2018-10-12,12:05:27,saldo,,318,63,iq314937
865,2022-09-26,10:29:36,saldo,,1066,250,XA525353
866,2018-12-27,14:41:48,prelievo,158.81,448,201,BC597992
867,2024-09-23,08:50:18,deposito,169.98,54,212,Be641918
868,2018-10-19,12:35:36,lista_movimenti,,710,155,tB382032
869,2024-02-06,04:37:40,deposito,130.22,682,91,iF563696
870,2025-07-06,15:32:43,prelievo,74.77,899,138,vh211869
871,2025-12-05,02:45:26,prelievo,78.2,597,3,Xv194202
872,2021-08-20,06:13:54,deposito,54.87,600,93,ax385606
873,2026-01-11,18:26:21,deposito,119.54,1138,81,Bn553352
874,2017-12-19,04:10:37,lista_movimenti,,944,248,li937953
875,2023-10-17,09:27:13,lista_movimenti,,608,216,FE634864
876,2022-07-21,00:48:11,prelievo,165.87,70,288,Bi629540
877,2019-01-27,02:38:12,prelievo,81.73,664,217,fy283969
878,2012-04-23,13:01:24,saldo,,140,90,BL586716
879,2024-08-13,22:17:32,prelievo,11.33,1148,14,zH881822
880,2021-09-28,23:19:45,prelievo,14.46,262,22,uI667069
881,2025-12-09,18:09:15,prelievo,38.52,385,216,UK443397
882,2025-04-11,14:58:43,deposito,124.45,706,195,FA324974
883,2024-05-03,07:32:32,deposito,165.6,960,140,oq084099
884,2020-11-25,15:31:57,saldo,,1056,177,Su169084
885,2023-02-05,01:33:27,lista_movimenti,,65,154,Jv233576
886,2026-04-02,20:16:36,deposito,173.71,214,112,fO616493
887,2015-01-04,04:51:35,deposito,184.0,1141,247,zj023797
888,2013-05-02,23:42:07,lista_movimenti,,1137,107,kj341998
889,2021-12-26,02:29:00,saldo,,975,259,Ji594920
890,2024-05-31,07:53:45,lista_movimenti,,1122,151,ua979952
891,2023-10-28,03:48:31,deposito,88.51,1132,212,wq263671
892,2026-04-07,03:50:21,prelievo,196.28,789,141,IB961263
893,2025-04-20,22:44:44,deposito,47.25,686,51,tL382748
894,2022-03-13,08:09:13,prelievo,33.55,204,70,md202995
895,2023-01-12,12:46:50,saldo,,882,243,Rm212158
896,2025-11-14,15:35:32,prelievo,158.37,325,104,ZV821070
897,2022-02-13,16:03:44,prelievo,81.79,939,163,PZ716515
898,2023-10-27,10:38:04,prelievo,93.95,940,8,AQ212917
899,2016-03-26,22:06:55,prelievo,147.79,555,276,Bc160849
900,2020-02-21,11:55:12,prelievo,140.37,321,22,Np409420
901,2023-08-02,01:04:34,deposito,193.97,284,292,ZR076100
902,2026-01-14,08:39:14,deposito,198.62,927,207,Tl519480
903,2018-06-04,05:04:20,deposito,103.27,390,199,DK217459
904,2025-05-11,05:44:18,prelievo,152.77,447,72,uX775554
905,2023-08-16,06:28:01,prelievo,13.4,376,80,IL775506
906,2023-09-03,00:37:26,deposito,152.57,971,131,Nm431440
907,2025-11-13,02:48:41,prelievo,106.28,772,42,yu036854
908,2024-11-17,16:01:33,prelievo,28.6,329,258,Rz676207
909,2026-05-03,03:26:05,deposito,125.66,1001,46,sk102317
910,2023-05-21,17:42:50,prelievo,140.1,876,158,VE382295
911,2019-01-28,17:43:38,deposito,156.88,888,280,RN445012
912,2018-05-02,08:05:27,deposito,92.5,881,284,qB159907
913,2025-06-19,01:43:21,deposito,83.06,933,81,qi152358
914,2022-10-21,07:48:02,deposito,54.85,18,186,zq360242
915,2023-07-14,05:22:23,prelievo,58.73,1051,258,YN429079
916,2024-08-03,13:29:32,prelievo,134.72,409,61,uk018796
917,2025-02-10,06:11:33,deposito,119.67,853,197,bu549157
918,2025-09-06,23:17:09,prelievo,84.59,119,13,Jf571094
919,2024-09-05,16:06:22,prelievo,17.55,1006,166,zy401632
920,2019-12-17,01:12:21,prelievo,104.23,949,221,tK859754
921,2025-05-03,17:17:44,prelievo,90.97,508,211,yb648820
922,2026-01-19,15:57:25,lista_movimenti,,101,65,IN155148
923,2025-03-04,05:37:53,prelievo,195.11,212,113,aU113901
924,2024-11-04,00:30:55,prelievo,113.0,85,214,Mh980046
925,2016-07-19,08:01:10,deposito,159.82,1009,128,ho830970
926,2024-07-05,00:04:56,lista_movimenti,,1125,288,Ea443678
927,2024-08-31,23:10:41,deposito,129.49,176,109,jK495738
928,2024-08-28,06:32:52,saldo,,1093,46,VW521589
929,2023-08-28,13:45:10,prelievo,27.71,687,96,zk059131
930,2024-04-20,01:05:27,prelievo,143.99,358,35,mU852761
931,2024-04-18,14:51:43,prelievo,43.01,306,199,nN959712
932,2019-10-08,01:28:48,prelievo,197.68,1019,286,hX191650
933,2026-01-22,07:38:04,prelievo,49.31,1,85,Kr937521
934,2025-10-05,12:27:47,deposito,85.29,1006,172,zy401632
935,2021-10-15,11:20:41,deposito,114.2,502,199,aT559634
936,2022-09-10,15:29:25,prelievo,198.04,988,30,Dw508390
937,2026-01-14,13:39:47,prelievo,181.69,107,203,ig289585
938,2016-09-08,04:47:56,prelievo,174.38,609,249,tJ636285
939,2020-07-12,21:55:36,prelievo,146.36,922,67,wi094558
940,2018-09-13,15:31:07,prelievo,104.71,535,131,Bu222421
941,2024-07-09,03:32:51,lista_movimenti,,751,117,Bh940343
942,2025-08-14,11:26:26,deposito,155.14,660,137,jY201836
943,2024-08-30,18:35:07,deposito,80.02,764,227,mq975973
944,2020-04-28,22:17:59,saldo,,283,62,Tp680817
945,2025-08-24,10:43:13,deposito,35.26,786,148,gi657254
946,2022-05-15,21:23:03,prelievo,198.2,1092,234,Xw699483
947,2024-11-26,07:26:19,deposito,132.08,575,221,cX077975
948,2024-09-16,14:48:19,deposito,19.88,1105,262,GC955349
949,2022-12-06,04:08:32,prelievo,88.51,584,140,yx786339
950,2023-06-17,22:51:19,deposito,52.75,911,16,vn550233
951,2025-08-06,19:14:45,deposito,178.42,762,298,gs248964
952,2025-06-05,21:15:40,prelievo,15.2,684,157,yb536196
953,2017-05-15,01:51:15,prelievo,122.74,1057,76,CP061307
954,2026-02-13,02:58:57,prelievo,143.34,1024,258,bi027633
955,2019-08-02,10:42:10,deposito,13.61,754,296,es330579
956,2025-12-19,12:39:14,deposito,78.14,164,30,OV475251
957,2025-09-01,13:17:17,deposito,73.54,266,111,SS418065
958,2025-04-02,20:18:09,deposito,106.35,426,190,rl162896
959,2023-06-08,03:20:37,deposito,140.88,194,181,Dp752391
960,2024-07-14,20:35:56,prelievo,68.19,470,150,Lm696540
961,2024-07-19,12:36:32,deposito,127.8,157,87,qh574390
962,2016-07-13,15:55:26,lista_movimenti,,753,284,xI712968
963,2022-04-21,20:38:11,prelievo,44.92,455,78,Wc183299
964,2019-06-19,05:12:39,saldo,,1121,85,Eu287784
965,2023-07-23,08:41:06,prelievo,146.59,957,77,dx290892
966,2023-04-05,05:45:48,prelievo,138.75,595,148,DA024366
967,2015-02-18,02:37:42,prelievo,123.54,32,78,Ig173763
968,2019-04-08,09:38:24,saldo,,219,291,qd982333
969,2023-09-11,10:37:06,prelievo,145.96,852,218,gB355956
970,2021-12-14,23:44:18,prelievo,16.69,60,145,iI917706
971,2024-06-04,23:54:25,prelievo,137.68,191,97,Bt086529
972,2024-12-05,12:48:37,deposito,71.72,336,96,Tq273933
973,2025-06-11,13:08:18,prelievo,173.9,224,184,OE411324
974,2022-09-23,08:49:48,deposito,28.43,1058,179,yi644979
975,2025-03-02,06:09:24,prelievo,68.84,1111,110,Ua519335
976,2016-10-24,02:09:05,prelievo,142.68,24,39,RU211254
977,2026-01-08,01:02:03,saldo,,114,89,Xr318688
978,2025-12-09,19:02:49,prelievo,22.28,1198,155,aq051572
979,2025-02-16,01:21:47,deposito,163.6,227,79,jl028502
980,2018-06-06,00:09:20,saldo,,1156,201,CE752078
981,2025-10-22,20:08:38,deposito,10.15,624,146,Fh485201
982,2022-09-15,04:14:54,prelievo,102.91,41,179,PM740005
983,2018-12-24,03:59:38,prelievo,106.81,210,93,jQ847812
984,2022-03-02,07:38:08,prelievo,142.28,1034,238,ct634978
985,2023-06-07,02:05:08,prelievo,101.41,31,106,ff382517
986,2013-02-26,09:55:13,lista_movimenti,,861,126,vn247656
987,2018-04-09,05:41:08,deposito,71.52,379,45,UA644901
988,2025-12-29,02:50:45,prelievo,168.14,656,253,VY118399
989,2026-05-11,12:10:38,saldo,,949,233,tK859754
990,2024-07-24,22:59:15,lista_movimenti,,1101,236,dm931013
991,2026-01-03,15:01:25,deposito,124.06,726,30,cf448188
992,2026-04-17,02:06:46,deposito,165.38,280,77,qp316800
993,2016-09-25,12:05:34,deposito,118.81,1047,176,WV167333
994,2022-05-27,11:44:30,deposito,121.69,382,247,UR223914
995,2011-12-12,12:10:08,prelievo,122.52,639,58,jy431161
996,2026-03-31,18:34:37,prelievo,76.92,1064,213,fZ215909
997,2020-01-03,18:02:56,lista_movimenti,,254,44,Bg227391
998,2022-05-20,19:26:58,prelievo,37.99,139,86,PS548595
999,2022-09-04,18:50:23,lista_movimenti,,438,127,uG743017
1000,2025-09-19,23:06:45,deposito,135.59,420,69,Nt155192
1001,2024-05-08,11:38:41,saldo,,819,201,Mx179729
1002,2016-06-25,20:23:30,deposito,35.45,1144,47,vg612522
1003,2023-05-06,03:05:18,prelievo,143.94,693,12,SV695472
1004,2020-02-29,23:43:23,prelievo,70.77,456,276,bV036672
1005,2023-11-25,22:31:05,saldo,,846,96,QS796335
1006,2016-01-31,12:25:28,prelievo,69.58,293,47,js239010
1007,2023-10-15,11:52:14,lista_movimenti,,177,249,Sa621231
1008,2024-10-28,00:54:09,lista_movimenti,,121,194,Cq701737
1009,2021-06-30,00:48:10,prelievo,73.58,620,114,pO809799
1010,2026-05-05,09:30:48,prelievo,176.51,57,146,pR306488
1011,2022-02-12,22:12:44,prelievo,177.61,876,88,VE382295
1012,2024-04-25,17:48:25,lista_movimenti,,328,95,TR808793
1013,2023-09-06,09:37:11,saldo,,133,60,dk225195
1014,2024-10-10,06:01:31,prelievo,69.39,668,66,JO652237
1015,2026-02-27,07:20:41,prelievo,165.34,718,214,Mt154953
1016,2022-04-02,02:37:00,saldo,,887,161,LQ256301
1017,2016-10-23,20:13:41,prelievo,28.42,951,103,pr814805
1018,2020-12-16,04:54:02,deposito,105.95,131,247,GT579522
1019,2020-03-28,18:25:41,prelievo,31.09,342,189,NC797332
1020,2024-01-07,15:32:17,prelievo,172.36,558,66,gm972297
1021,2025-06-30,03:16:07,prelievo,38.31,941,88,Zz733033
1022,2025-09-28,00:33:31,deposito,95.95,614,88,oz242210
1023,2024-05-01,20:09:56,prelievo,49.58,222,80,yV021163
1024,2026-04-19,19:47:27,deposito,57.36,751,29,Bh940343
1025,2024-12-30,00:39:42,prelievo,137.11,185,221,FI746949
1026,2017-06-07,08:00:19,prelievo,100.42,740,58,XL707137
1027,2024-11-10,20:38:12,prelievo,158.92,367,125,dK855155
1028,2016-06-03,04:52:07,saldo,,551,159,JH833801
1029,2016-10-16,10:42:22,prelievo,191.28,962,10,of225929
1030,2021-06-01,02:10:57,deposito,47.32,1100,4,gI125795
1031,2021-05-05,03:27:43,prelievo,49.52,452,294,OB971127
1032,2024-08-11,04:28:12,prelievo,195.62,760,72,ZI831615
1033,2023-04-01,22:32:09,lista_movimenti,,907,196,Si656249
1034,2022-12-10,05:42:39,prelievo,71.05,667,103,Un523687
1035,2023-07-19,01:53:43,prelievo,188.64,337,69,IK746274
1036,2025-09-13,09:26:58,deposito,139.78,1105,87,GC955349
1037,2021-11-04,15:02:31,deposito,148.27,670,156,yh183374
1038,2021-07-01,22:05:53,prelievo,155.44,448,142,BC597992
1039,2022-08-10,02:29:27,saldo,,1105,40,GC955349
1040,2017-03-22,13:51:40,deposito,174.16,555,154,Bc160849
1041,2021-08-06,02:25:20,prelievo,137.09,1200,14,sg130318
1042,2025-01-21,16:15:44,prelievo,51.22,1190,250,EH922865
1043,2014-02-24,16:08:34,prelievo,157.76,489,32,zY827523
1044,2014-08-21,09:16:45,lista_movimenti,,600,272,ax385606
1045,2023-09-22,20:59:27,saldo,,189,100,NM636869
1046,2023-09-29,15:50:54,lista_movimenti,,1027,52,Fp705263
1047,2018-09-09,00:05:28,deposito,93.49,518,157,XQ237919
1048,2024-01-30,23:10:38,prelievo,25.71,469,34,WM351496
1049,2023-09-29,11:30:46,deposito,34.42,1000,175,FH413999
1050,2022-07-28,10:12:31,deposito,68.56,676,206,aY201522
1051,2025-06-15,01:15:27,deposito,188.1,377,6,bz198798
1052,2024-06-26,02:22:00,deposito,90.04,86,264,Yk695622
1053,2024-08-18,19:43:38,prelievo,36.48,892,11,gt912771
1054,2025-08-20,04:50:26,lista_movimenti,,1095,232,Ao945467
1055,2022-02-01,07:16:12,saldo,,1094,144,Ao496677
1056,2025-05-20,06:46:35,saldo,,101,21,IN155148
1057,2025-01-27,15:21:34,prelievo,161.72,283,15,Tp680817
1058,2015-10-05,00:52:48,saldo,,110,208,vh862598
1059,2022-04-29,14:40:17,prelievo,180.12,1015,44,Iv816311
1060,2019-10-16,17:23:30,deposito,68.67,711,68,pu458971
1061,2026-05-09,18:51:41,deposito,26.58,834,25,Jn875792
1062,2022-04-28,10:51:12,lista_movimenti,,920,291,OI004683
1063,2022-08-23,07:17:18,prelievo,191.13,840,109,zN382122
1064,2023-01-19,17:40:50,deposito,178.04,368,157,hD686501
1065,2026-03-18,01:36:22,lista_movimenti,,1184,211,XG080279
1066,2024-05-18,17:58:35,lista_movimenti,,844,135,UQ481602
1067,2024-12-09,13:12:47,lista_movimenti,,105,248,xP495035
1068,2024-11-26,19:31:15,lista_movimenti,,513,143,eP594696
1069,2024-05-30,22:51:11,prelievo,118.96,30,145,ni811078
1070,2022-02-24,04:40:54,prelievo,18.78,741,37,Jx955965
1071,2025-09-14,09:43:35,deposito,69.67,542,68,cY205780
1072,2020-05-25,15:43:38,lista_movimenti,,314,107,XR431449
1073,2025-09-12,09:29:35,deposito,44.74,156,166,rO916416
1074,2025-12-13,13:53:37,prelievo,159.25,224,50,OE411324
1075,2025-08-17,03:14:11,prelievo,189.43,258,169,CX555309
1076,2020-02-04,20:24:08,deposito,86.23,199,120,ZO150145
1077,2024-06-08,02:59:17,deposito,32.37,562,202,th819559
1078,2025-04-12,13:31:27,deposito,162.85,731,141,hv757284
1079,2021-02-03,02:02:02,prelievo,108.07,945,141,ml839599
1080,2025-07-31,11:14:38,lista_movimenti,,548,139,Dk622946
1081,2018-08-23,14:25:01,deposito,145.37,1052,1,ib855608
1082,2018-08-04,20:52:14,deposito,113.87,1121,109,Eu287784
1083,2023-03-01,11:25:58,deposito,172.58,1012,240,jM558274
1084,2022-06-12,04:28:28,lista_movimenti,,660,43,jY201836
1085,2018-11-04,14:17:09,prelievo,149.64,811,161,XA486278
1086,2023-11-23,18:18:50,deposito,23.79,649,38,aM947760
1087,2019-02-17,05:06:35,saldo,,42,63,qK999153
1088,2013-04-16,20:55:38,saldo,,1022,126,mr309085
1089,2023-10-16,17:49:13,lista_movimenti,,691,278,Pd126645
1090,2025-11-02,23:51:04,prelievo,97.33,614,240,oz242210
1091,2020-08-30,02:40:01,deposito,43.91,201,23,aJ017990
1092,2021-11-04,21:01:49,deposito,150.75,987,101,SU749508
1093,2023-10-25,15:04:51,prelievo,129.65,268,165,QY333112
1094,2016-04-05,01:28:17,deposito,138.61,215,113,nh269517
1095,2025-08-19,02:36:31,lista_movimenti,,54,235,Be641918
1096,2024-12-21,19:51:19,deposito,42.8,1100,106,gI125795
1097,2025-07-20,00:15:27,deposito,72.75,617,295,au473245
1098,2023-01-11,17:16:04,prelievo,143.27,89,287,BZ035284
1099,2022-04-28,18:42:01,prelievo,141.88,192,93,pj805928
1100,2026-03-27,20:59:33,prelievo,192.33,159,13,ZZ571433
1101,2017-11-23,07:11:33,saldo,,1151,32,Cj237248
1102,2025-11-15,07:26:32,deposito,144.59,750,34,eS158534
1103,2022-01-16,01:14:02,prelievo,12.54,933,15,qi152358
1104,2023-06-20,14:34:22,lista_movimenti,,744,297,WE256076
1105,2023-04-24,06:22:23,prelievo,185.75,456,128,bV036672
1106,2016-04-12,16:17:24,prelievo,161.48,248,22,VW785832
1107,2024-05-09,13:49:24,prelievo,124.14,127,85,tw866985
1108,2025-07-21,13:26:52,deposito,186.06,224,15,OE411324
1109,2024-04-15,13:24:56,saldo,,717,260,LS493276
1110,2022-06-02,07:24:17,prelievo,188.01,1009,140,ho830970
1111,2018-08-21,22:31:23,saldo,,1142,269,ud181367
1112,2021-07-11,16:05:36,deposito,12.54,526,105,UK874121
1113,2024-01-26,05:33:41,prelievo,103.86,494,97,Wz067907
1114,2015-09-07,09:57:04,deposito,103.91,1038,35,nr789322
1115,2021-12-19,10:20:21,prelievo,190.75,249,299,HF644990
1116,2013-08-26,09:32:56,prelievo,98.56,1092,2,Xw699483
1117,2019-10-15,16:32:09,saldo,,150,45,vN665993
1118,2024-01-25,15:32:14,saldo,,135,56,mN857974
1119,2022-12-14,16:56:13,deposito,85.98,1116,7,mg882652
1120,2025-05-24,08:37:59,deposito,111.5,948,275,VG308634
1121,2021-12-13,12:04:12,lista_movimenti,,493,181,cA080952
1122,2021-11-08,02:59:24,deposito,67.01,237,118,AK157155
1123,2020-09-06,15:51:58,deposito,160.29,1039,6,DN145486
1124,2022-06-12,18:51:11,deposito,145.97,466,129,Ch402952
1125,2025-07-18,02:37:16,prelievo,78.69,993,69,XY407086
1126,2020-01-16,21:27:31,deposito,58.58,25,225,AQ934320
1127,2026-02-19,20:25:43,prelievo,188.69,1119,131,Se418183
1128,2024-04-22,14:59:23,deposito,10.34,960,204,oq084099
1129,2025-02-07,10:52:37,deposito,151.4,790,159,Ni496698
1130,2025-07-17,15:11:23,deposito,31.22,1157,105,Sn660534
1131,2026-01-24,08:21:12,saldo,,494,117,Wz067907
1132,2024-04-29,17:14:26,lista_movimenti,,505,282,dl073667
1133,2025-10-31,07:19:23,prelievo,97.8,1031,244,dv995602
1134,2013-05-06,12:08:16,prelievo,111.5,1144,184,vg612522
1135,2014-09-08,12:32:29,deposito,94.44,166,196,tn798770
1136,2016-09-30,15:20:08,lista_movimenti,,686,95,tL382748
1137,2024-07-17,16:55:30,prelievo,71.32,587,207,Me267156
1138,2023-03-14,04:43:01,deposito,175.06,32,127,Ig173763
1139,2024-04-12,00:59:29,prelievo,146.83,716,147,BH118138
1140,2019-12-18,11:55:41,deposito,178.85,769,122,WC073087
1141,2018-04-10,04:43:46,lista_movimenti,,914,255,VL286603
1142,2024-05-29,08:12:51,lista_movimenti,,884,181,Th922611
1143,2024-04-24,09:10:03,saldo,,497,117,Hj660331
1144,2022-12-03,10:22:07,deposito,188.94,908,11,Jn777679
1145,2018-12-06,16:15:01,prelievo,116.58,210,293,jQ847812
1146,2022-12-03,00:02:14,deposito,105.5,679,61,Hr752388
1147,2019-05-09,02:30:09,deposito,187.68,348,237,qd961534
1148,2018-02-23,15:22:32,lista_movimenti,,38,227,il026142
1149,2021-06-05,00:18:05,lista_movimenti,,848,126,wP590147
1150,2020-01-31,08:49:02,saldo,,162,83,AU524344
1151,2022-07-24,15:26:44,prelievo,85.01,1029,26,mt182957
1152,2024-05-19,04:03:53,prelievo,163.53,1070,88,WO447305
1153,2017-12-05,18:46:46,deposito,137.82,600,105,ax385606
1154,2024-11-07,21:00:34,deposito,110.13,1020,248,PZ465362
1155,2025-02-14,06:58:48,prelievo,136.57,945,75,ml839599
1156,2023-04-17,12:10:01,deposito,53.87,18,67,zq360242
1157,2026-02-08,06:49:51,deposito,150.98,1109,114,Yg629950
1158,2025-04-01,10:07:17,deposito,160.73,632,242,Gd232898
1159,2025-09-20,09:40:41,deposito,69.94,1089,175,Dz107972
1160,2019-10-30,18:00:53,lista_movimenti,,704,257,LY958187
1161,2018-03-19,03:31:58,deposito,185.29,895,118,Jj492450
1162,2022-08-15,11:51:35,prelievo,58.55,104,257,Kx181073
1163,2018-09-16,22:53:34,prelievo,38.14,595,105,DA024366
1164,2018-04-06,16:44:59,prelievo,62.8,861,27,vn247656
1165,2022-06-24,05:29:29,prelievo,75.33,951,45,pr814805
1166,2025-07-30,20:51:39,deposito,164.41,1064,62,fZ215909
1167,2023-04-02,04:39:33,deposito,13.85,817,258,Or478011
1168,2024-07-19,13:22:34,deposito,117.83,225,40,mN780589
1169,2024-10-05,05:43:38,deposito,110.43,990,161,hc253896
1170,2021-08-12,04:46:34,deposito,93.15,268,98,QY333112
1171,2025-05-02,05:57:21,prelievo,142.06,685,130,zV186944
1172,2026-05-08,11:10:40,deposito,124.82,111,256,ie259563
1173,2021-12-24,20:52:00,lista_movimenti,,1167,122,YV046967
1174,2021-02-28,17:07:42,deposito,41.16,669,62,XK759483
1175,2021-10-01,03:02:02,prelievo,39.28,33,200,nP645601
1176,2024-04-19,15:01:09,prelievo,123.92,366,210,Ux779634
1177,2019-09-29,05:01:57,saldo,,1179,191,An452480
1178,2020-03-07,01:45:30,prelievo,153.79,984,232,iR911000
1179,2025-03-14,00:01:01,prelievo,62.76,893,182,Hk597267
1180,2018-04-23,03:28:52,lista_movimenti,,322,211,lZ947762
1181,2020-04-30,01:04:27,prelievo,38.4,325,157,ZV821070
1182,2015-06-27,05:46:58,saldo,,74,102,af822300
1183,2021-05-23,02:25:18,lista_movimenti,,490,33,AA132680
1184,2023-10-15,22:48:38,prelievo,148.6,1021,42,FN134404
1185,2024-05-07,02:36:02,prelievo,169.87,945,118,ml839599
1186,2020-12-27,02:02:06,deposito,193.53,289,289,Mo655144
1187,2022-09-10,14:50:26,deposito,122.65,362,180,gF507004
1188,2020-05-16,09:43:37,deposito,163.76,738,22,Zd508101
1189,2025-04-30,14:12:33,prelievo,49.5,868,161,xp147975
1190,2024-11-09,02:38:44,saldo,,885,231,kD004578
1191,2026-04-30,03:49:19,deposito,120.42,703,70,hk369377
1192,2025-10-12,01:34:29,prelievo,154.45,362,187,gF507004
1193,2024-11-07,03:29:39,deposito,185.97,790,113,Ni496698
1194,2022-06-09,10:29:42,deposito,38.75,650,197,AL842856
1195,2025-06-21,23:07:33,lista_movimenti,,554,28,wi212958
1196,2020-03-05,08:27:03,prelievo,196.46,1019,182,hX191650
1197,2025-02-25,12:54:43,saldo,,434,116,wk234097
1198,2024-11-05,00:44:39,saldo,,62,212,OQ882200
1199,2024-01-03,12:53:17,deposito,113.02,528,186,QI658949
1200,2024-01-10,23:46:52,deposito,37.59,733,106,FG408338
1201,2022-08-03,22:39:43,saldo,,110,56,vh862598
1202,2012-09-03,08:57:49,prelievo,172.75,677,208,sR730774
1203,2020-08-03,03:39:52,deposito,195.84,1098,276,dI033495
1204,2023-10-20,22:39:59,deposito,81.36,1045,12,lY513046
1205,2025-10-11,15:56:44,saldo,,203,42,xE705573
1206,2018-04-04,07:53:33,deposito,22.84,219,35,qd982333
1207,2019-08-20,17:03:18,prelievo,22.49,1172,183,Du611291
1208,2022-01-08,03:45:51,prelievo,121.63,737,51,SF325425
1209,2020-02-04,03:10:16,prelievo,175.92,1004,153,hM518093
1210,2020-05-12,09:44:34,prelievo,152.92,728,150,ni405247
1211,2026-04-10,00:36:35,saldo,,898,137,ET847886
1212,2025-08-20,21:07:12,prelievo,138.89,818,205,yZ059854
1213,2024-12-18,10:19:49,deposito,187.46,1153,224,YW550301
1214,2022-10-24,17:57:22,prelievo,112.62,284,293,ZR076100
1215,2019-08-24,07:13:27,prelievo,193.15,121,187,Cq701737
1216,2023-06-24,18:26:28,deposito,29.21,876,158,VE382295
1217,2025-03-16,10:35:15,saldo,,1108,121,Ur630330
1218,2022-03-07,08:49:22,deposito,18.32,1139,191,hf149424
1219,2015-08-12,22:45:33,prelievo,147.61,873,284,TX476836
1220,2020-05-22,10:38:26,deposito,143.62,379,40,UA644901
1221,2022-11-23,17:37:44,prelievo,137.43,1039,37,DN145486
1222,2026-05-04,09:06:30,lista_movimenti,,505,39,dl073667
1223,2020-09-04,11:44:31,prelievo,66.91,808,251,hm879937
1224,2024-02-13,09:22:11,prelievo,149.68,368,34,hD686501
1225,2023-02-15,03:38:22,prelievo,101.5,279,7,Xh076423
1226,2024-05-12,18:30:32,prelievo,101.5,812,179,ja410389
1227,2021-08-23,12:35:48,deposito,175.73,986,84,tr946002
1228,2022-12-28,13:17:22,prelievo,20.79,379,187,UA644901
1229,2025-04-16,21:30:50,deposito,66.33,138,175,bz252009
1230,2022-01-29,03:16:18,prelievo,32.25,95,88,qs076709
1231,2026-05-06,15:36:41,prelievo,104.72,538,271,XN507608
1232,2026-02-18,02:40:33,prelievo,117.66,655,150,rv516182
1233,2024-07-04,06:16:57,prelievo,183.18,841,297,AK934462
1234,2022-04-06,15:06:12,deposito,137.49,92,78,uV538170
1235,2018-11-26,08:22:05,saldo,,317,195,dw906742
1236,2025-04-11,14:51:37,deposito,90.55,429,161,KG991994
1237,2015-08-27,16:12:18,deposito,84.41,864,66,PO015467
1238,2014-04-24,16:52:10,prelievo,75.61,1038,186,nr789322
1239,2023-03-18,04:36:30,prelievo,59.39,671,68,TQ799482
1240,2023-03-16,14:34:25,prelievo,47.72,1096,252,kl662302
1241,2022-05-31,11:39:22,saldo,,297,91,jf983145
1242,2024-12-01,08:19:38,deposito,31.61,766,167,mz076429
1243,2025-05-26,00:17:57,lista_movimenti,,465,269,bv415201
1244,2026-05-02,04:27:38,saldo,,793,232,Rj696011
1245,2025-05-29,11:01:07,deposito,143.43,1004,34,hM518093
1246,2019-05-20,04:54:46,deposito,73.64,106,246,QS406929
1247,2021-12-04,06:52:11,lista_movimenti,,253,188,uM884186
1248,2026-03-23,01:12:31,lista_movimenti,,979,251,eV736470
1249,2025-12-06,09:10:24,saldo,,78,253,Xc965152
1250,2022-05-31,04:58:49,lista_movimenti,,570,279,TB016748
1251,2014-05-10,07:43:49,deposito,190.08,319,216,nC549438
1252,2022-05-24,15:40:56,lista_movimenti,,1047,143,WV167333
1253,2024-03-22,14:25:39,deposito,190.37,1146,85,iW785381
1254,2022-10-09,08:35:34,lista_movimenti,,792,160,Wd120932
1255,2022-12-07,13:47:57,deposito,57.42,926,45,ca711552
1256,2019-03-08,14:08:33,deposito,197.23,596,38,jh334227
1257,2022-08-10,09:27:57,saldo,,695,231,hL257603
1258,2020-12-05,06:30:02,prelievo,113.95,589,189,xf823982
1259,2024-09-24,20:02:17,deposito,127.77,597,157,Xv194202
1260,2026-04-02,07:55:04,saldo,,678,153,iY549397
1261,2020-05-02,01:39:04,prelievo,128.15,585,280,mt526529
1262,2025-10-07,03:23:46,lista_movimenti,,852,254,gB355956
1263,2020-04-29,11:29:56,lista_movimenti,,837,123,iq967330
1264,2018-12-06,00:48:42,prelievo,46.07,735,176,DN152459
1265,2024-07-24,09:05:20,deposito,173.02,773,106,xs062719
1266,2024-11-21,06:42:00,prelievo,68.71,449,17,Kf023732
1267,2025-01-12,16:46:52,deposito,184.68,1076,168,lh950797
1268,2022-07-28,17:58:24,deposito,67.05,528,150,QI658949
1269,2015-10-17,03:09:19,deposito,46.4,689,269,QV748078
1270,2025-04-19,15:43:28,deposito,31.91,505,145,dl073667
1271,2018-02-09,19:51:25,deposito,85.42,824,280,OD472528
1272,2014-06-07,06:59:43,deposito,58.47,388,266,yn465482
1273,2024-04-13,23:12:16,deposito,19.26,390,179,DK217459
1274,2015-09-14,07:58:03,prelievo,147.47,349,13,pU658355
1275,2025-03-29,17:08:49,lista_movimenti,,414,153,iD942787
1276,2026-04-03,22:20:47,deposito,50.78,525,218,Jv270700
1277,2018-11-28,20:27:11,deposito,52.17,677,229,sR730774
1278,2025-05-16,17:26:32,prelievo,110.62,301,223,aU233191
1279,2024-01-18,12:01:38,deposito,147.47,244,129,Fu568851
1280,2020-05-25,07:23:31,prelievo,130.68,156,46,rO916416
1281,2012-06-01,03:01:40,prelievo,139.05,1057,104,CP061307
1282,2018-10-26,15:00:31,prelievo,20.61,838,297,bu178332
1283,2023-01-06,13:22:41,prelievo,172.81,185,38,FI746949
1284,2023-12-17,03:57:35,deposito,151.19,611,244,yp557604
1285,2026-04-27,16:31:58,saldo,,825,257,DJ671866
1286,2015-06-21,07:05:57,prelievo,14.47,1078,218,DJ329704
1287,2025-03-15,10:12:23,prelievo,192.56,1130,6,yw999567
1288,2021-09-19,17:42:28,deposito,105.36,737,275,SF325425
1289,2025-01-20,06:27:45,deposito,187.29,360,217,kc955766
1290,2019-02-02,20:58:04,saldo,,259,208,JU585456
1291,2023-12-08,08:51:53,deposito,136.31,1146,201,iW785381
1292,2021-12-13,02:32:28,prelievo,135.41,95,197,qs076709
1293,2020-02-13,10:17:34,prelievo,116.79,910,207,PS396027
1294,2019-03-31,11:36:04,deposito,58.04,735,94,DN152459
1295,2019-06-26,13:41:10,deposito,175.47,299,2,NS978939
1296,2021-01-12,09:27:58,prelievo,165.08,1154,279,OL183343
1297,2025-09-03,08:52:10,prelievo,183.58,635,126,nt802629
1298,2024-02-22,02:04:25,saldo,,1171,260,Pb698210
1299,2025-10-27,10:20:10,lista_movimenti,,1185,212,tx806053
1300,2022-07-24,05:25:09,deposito,141.96,735,240,DN152459
1301,2014-11-01,14:05:14,lista_movimenti,,489,248,zY827523
1302,2022-10-04,23:42:40,deposito,92.58,1019,164,hX191650
1303,2019-02-01,01:53:51,saldo,,248,49,VW785832
1304,2025-08-11,04:30:58,lista_movimenti,,712,248,tv905159
1305,2025-08-21,16:28:20,prelievo,87.6,397,213,PQ193294
1306,2024-12-14,21:16:43,prelievo,21.34,1031,271,dv995602
1307,2017-08-16,01:00:12,saldo,,697,25,dw577425
1308,2023-12-12,21:46:27,prelievo,117.66,591,67,lP220259
1309,2021-07-21,17:43:46,prelievo,130.4,748,157,DB529952
1310,2024-10-16,04:47:57,deposito,27.1,712,14,tv905159
1311,2026-05-01,09:24:16,prelievo,79.31,180,142,xD625304
1312,2023-07-29,04:40:41,deposito,101.53,13,13,iO337994
1313,2026-01-12,04:47:01,prelievo,44.81,513,255,eP594696
1314,2020-07-19,00:18:20,deposito,137.57,987,51,SU749508
1315,2018-02-18,03:44:30,saldo,,674,227,yU404660
1316,2025-08-15,15:39:46,prelievo,130.91,444,269,Id610604
1317,2026-02-14,08:11:13,deposito,40.71,690,120,nV224408
1318,2025-06-10,11:36:20,deposito,114.65,872,290,bF048011
1319,2023-06-01,10:56:55,lista_movimenti,,442,192,yt823356
1320,2023-07-19,08:31:59,deposito,70.52,527,55,FG881575
1321,2025-10-27,22:04:03,deposito,177.87,1048,163,kW936808
1322,2022-10-04,18:57:44,deposito,49.91,496,138,mj431401
1323,2025-07-09,11:03:01,deposito,20.37,922,300,wi094558
1324,2023-05-23,14:45:17,deposito,147.95,744,300,WE256076
1325,2023-08-23,15:28:37,deposito,25.45,911,92,vn550233
1326,2022-02-05,18:50:25,deposito,13.49,580,281,Hd443222
1327,2023-02-07,05:27:45,saldo,,1183,20,YZ657359
1328,2015-09-12,04:33:34,prelievo,180.4,1109,78,Yg629950
1329,2022-10-21,06:55:14,deposito,58.62,280,76,qp316800
1330,2018-06-02,10:52:48,prelievo,96.95,417,62,fP730877
1331,2025-07-15,03:19:46,prelievo,153.17,1003,200,oD483039
1332,2025-07-11,19:38:00,prelievo,23.74,915,75,Dl823981
1333,2025-02-10,12:08:50,prelievo,37.46,885,153,kD004578
1334,2026-02-01,15:01:46,deposito,35.91,867,8,Ws149781
1335,2023-10-18,03:36:30,lista_movimenti,,588,248,GW723676
1336,2021-11-25,00:00:35,prelievo,49.06,506,55,iO707360
1337,2025-09-22,22:51:16,deposito,114.19,30,13,ni811078
1338,2021-10-26,22:17:57,saldo,,31,140,ff382517
1339,2018-12-02,05:06:31,lista_movimenti,,821,166,wo922446
1340,2019-11-21,07:38:27,prelievo,137.85,11,240,KG745447
1341,2025-11-29,10:09:15,prelievo,100.97,381,242,Ta801186
1342,2021-06-04,23:40:37,deposito,32.52,523,151,Nl703697
1343,2021-11-17,15:42:13,deposito,48.76,526,107,UK874121
1344,2025-10-20,06:38:17,deposito,194.22,845,264,Wl628811
1345,2017-03-16,10:15:50,prelievo,24.31,255,290,xg784797
1346,2022-09-03,05:32:12,lista_movimenti,,413,188,wI003182
1347,2016-01-14,09:15:13,prelievo,181.19,1052,120,ib855608
1348,2021-04-20,22:02:23,deposito,134.53,390,38,DK217459
1349,2021-01-03,21:38:50,prelievo,52.37,738,86,Zd508101
1350,2014-07-09,12:49:06,deposito,182.8,271,230,iC021125
1351,2025-06-18,07:54:05,prelievo,85.35,580,51,Hd443222
1352,2024-11-25,11:46:26,deposito,119.49,88,113,Jv325918
1353,2022-06-10,20:32:13,prelievo,10.02,744,17,WE256076
1354,2026-04-30,08:34:50,prelievo,152.23,365,172,ef245200
1355,2026-02-10,21:36:07,prelievo,135.72,89,140,BZ035284
1356,2018-12-19,23:54:18,lista_movimenti,,615,116,Wu128114
1357,2026-04-06,20:17:49,lista_movimenti,,832,94,ce326484
1358,2025-02-14,21:19:41,lista_movimenti,,812,196,ja410389
1359,2022-05-13,21:09:54,deposito,145.61,611,286,yp557604
1360,2017-09-29,05:19:00,deposito,85.32,1121,132,Eu287784
1361,2026-02-28,09:28:08,prelievo,87.93,201,26,aJ017990
1362,2020-08-06,09:12:41,deposito,88.43,944,251,li937953
1363,2026-02-13,17:32:07,deposito,17.11,547,31,ax808967
1364,2023-12-02,06:45:04,saldo,,123,193,UC358426
1365,2021-03-20,12:05:03,deposito,64.17,1011,277,kj751268
1366,2025-04-30,18:04:09,deposito,167.04,1166,241,PJ564718
1367,2017-03-29,09:26:22,prelievo,180.06,1142,60,ud181367
1368,2020-06-21,04:30:09,deposito,126.4,1057,128,CP061307
1369,2025-05-28,14:34:52,saldo,,691,285,Pd126645
1370,2020-06-29,03:22:08,prelievo,123.15,969,71,YU658427
1371,2025-02-12,10:11:46,deposito,89.36,461,93,tA880229
1372,2021-02-12,22:13:45,saldo,,1096,121,kl662302
1373,2026-04-01,02:00:28,deposito,147.67,222,205,yV021163
1374,2023-05-05,23:00:24,deposito,21.28,204,60,md202995
1375,2023-05-11,19:47:27,deposito,81.1,20,245,Il304858
1376,2025-06-14,20:03:51,prelievo,78.54,341,203,kx027099
1377,2023-10-02,06:24:58,deposito,61.78,251,11,KJ865738
1378,2023-08-17,08:35:55,prelievo,119.5,588,113,GW723676
1379,2025-03-13,04:53:26,saldo,,541,231,Lg922679
1380,2025-11-24,11:51:40,prelievo,124.43,524,290,ya473582
1381,2025-06-14,14:35:48,prelievo,163.62,472,70,lF310232
1382,2022-04-29,06:30:23,deposito,169.84,689,151,QV748078
1383,2025-08-07,17:32:30,prelievo,175.35,632,175,Gd232898
1384,2025-11-06,20:39:28,deposito,167.73,874,189,vE764859
1385,2016-06-01,06:36:57,saldo,,539,149,jt315874
1386,2026-01-19,13:58:00,prelievo,13.57,554,130,wi212958
1387,2020-08-12,08:41:04,deposito,33.38,600,248,ax385606
1388,2025-05-04,22:30:40,saldo,,990,283,hc253896
1389,2017-05-14,17:33:40,lista_movimenti,,951,56,pr814805
1390,2024-07-09,01:59:00,prelievo,21.61,204,30,md202995
1391,2021-09-27,21:07:51,prelievo,75.91,1043,200,Sz782800
1392,2023-10-27,14:06:16,prelievo,52.87,441,119,Nu332959
1393,2025-02-16,12:01:13,deposito,53.16,1141,271,zj023797
1394,2025-11-02,13:55:07,prelievo,46.47,477,240,ga917085
1395,2017-08-23,14:07:58,prelievo,18.98,257,114,Ak784097
1396,2025-10-17,17:20:31,prelievo,180.07,138,193,bz252009
1397,2024-04-25,08:05:28,prelievo,177.79,835,287,un560535
1398,2015-05-22,05:57:31,deposito,146.28,75,134,KG028766
1399,2025-11-27,14:35:27,prelievo,36.12,171,114,Wl128503
1400,2023-04-17,10:34:24,saldo,,496,19,mj431401
1401,2018-09-27,12:19:25,prelievo,167.85,238,86,BA420391
1402,2024-11-09,09:02:08,prelievo,47.97,134,101,BW088293
1403,2020-03-19,13:13:36,prelievo,83.17,585,297,mt526529
1404,2016-03-04,10:14:55,deposito,102.82,900,154,bv090281
1405,2021-12-12,20:01:07,prelievo,165.38,962,231,of225929
1406,2023-11-27,22:22:49,deposito,148.68,154,174,CX234092
1407,2026-05-09,19:36:43,saldo,,466,183,Ch402952
1408,2025-09-11,03:02:12,lista_movimenti,,560,260,SE534125
1409,2017-04-25,12:04:44,deposito,61.42,995,168,Ht135218
1410,2020-01-16,08:36:31,deposito,17.01,537,157,my407161
1411,2018-05-25,08:29:40,lista_movimenti,,199,67,ZO150145
1412,2024-03-10,09:09:49,deposito,182.58,719,2,Ac326834
1413,2021-11-01,11:04:58,deposito,161.25,312,130,pL086551
1414,2019-04-14,22:57:21,deposito,160.83,736,44,Wv009407
1415,2025-09-03,14:55:35,deposito,78.44,101,198,IN155148
1416,2024-03-31,05:32:09,prelievo,98.08,1002,110,Pu299190
1417,2020-02-26,22:04:27,deposito,68.14,1012,79,jM558274
1418,2017-07-25,03:42:19,deposito,187.38,163,257,kF660628
1419,2024-08-23,07:52:14,saldo,,857,220,gC043514
1420,2020-06-08,18:09:47,prelievo,161.97,752,258,nV546612
1421,2021-09-02,12:57:17,prelievo,142.74,332,226,Am957427
1422,2025-12-24,18:10:00,deposito,169.04,363,149,tS762220
1423,2024-08-12,04:53:13,prelievo,168.05,1167,25,YV046967
1424,2018-06-09,10:05:10,prelievo,164.37,4,34,MO361219
1425,2020-04-07,08:27:13,deposito,169.24,473,191,qO539810
1426,2025-12-31,10:46:02,saldo,,1107,28,GG317502
1427,2022-08-14,17:15:43,deposito,97.76,9,216,LA267757
1428,2026-02-12,18:30:11,prelievo,97.45,364,209,Qt669114
1429,2020-07-10,18:43:14,deposito,27.49,462,92,LB623230
1430,2024-03-17,19:59:19,saldo,,1197,286,Gl263960
1431,2022-07-22,14:08:27,deposito,48.47,1123,8,Vs428980
1432,2019-06-15,10:17:08,deposito,163.71,1012,118,jM558274
1433,2014-10-20,07:32:03,deposito,105.59,650,210,AL842856
1434,2026-02-03,05:37:58,prelievo,132.59,886,168,rX171424
1435,2025-06-30,17:28:41,lista_movimenti,,1198,282,aq051572
1436,2025-10-30,21:10:20,lista_movimenti,,648,156,Wp703127
1437,2016-09-02,08:11:40,lista_movimenti,,1016,259,zU498885
1438,2019-09-04,01:46:58,deposito,13.89,167,277,gG114765
1439,2026-03-10,23:23:41,deposito,46.88,477,30,ga917085
1440,2025-09-16,12:49:46,deposito,157.3,195,226,hd867819
1441,2022-03-23,01:22:40,prelievo,180.77,1128,14,LA512435
1442,2019-03-13,01:21:51,lista_movimenti,,289,298,Mo655144
1443,2026-02-27,03:44:59,prelievo,125.74,560,288,SE534125
1444,2021-06-14,06:21:49,saldo,,634,111,ip982341
1445,2025-05-22,00:52:12,prelievo,131.15,1139,129,hf149424
1446,2025-06-13,13:32:29,saldo,,599,125,wp392141
1447,2025-11-03,17:47:21,deposito,91.64,703,130,hk369377
1448,2019-10-11,18:13:33,deposito,102.87,538,281,XN507608
1449,2024-11-03,00:03:20,prelievo,88.07,214,9,fO616493
1450,2024-03-26,23:40:23,prelievo,158.25,488,153,zd589532
1451,2017-04-27,18:27:23,prelievo,144.42,381,194,Ta801186
1452,2025-09-04,14:04:54,prelievo,89.82,339,261,vj794623
1453,2018-12-14,20:10:00,lista_movimenti,,962,1,of225929
1454,2024-09-13,08:55:07,prelievo,130.04,433,114,Ss272605
1455,2020-08-02,10:19:54,deposito,152.02,808,146,hm879937
1456,2016-12-03,00:10:47,prelievo,24.63,473,52,qO539810
1457,2023-08-03,12:03:26,deposito,114.71,946,297,EV203115
1458,2025-07-23,09:57:22,prelievo,179.6,1093,19,VW521589
1459,2023-06-09,04:49:07,prelievo,112.79,642,101,wD928648
1460,2022-11-07,04:32:22,prelievo,141.57,455,100,Wc183299
1461,2025-10-03,00:34:10,prelievo,184.77,791,110,GG394977
1462,2022-03-25,05:46:40,prelievo,153.88,69,59,va318500
1463,2023-07-08,02:04:30,prelievo,70.18,537,170,my407161
1464,2025-04-20,03:36:00,prelievo,175.73,909,18,qy515003
1465,2025-01-04,05:35:26,prelievo,131.42,518,132,XQ237919
1466,2025-04-16,03:21:17,prelievo,68.44,224,132,OE411324
1467,2020-11-29,01:13:30,deposito,196.39,254,147,Bg227391
1468,2016-08-01,19:20:23,deposito,109.67,1012,136,jM558274
1469,2021-07-27,10:45:20,deposito,190.09,520,187,Ld675530
1470,2025-03-03,17:00:46,deposito,88.63,212,198,aU113901
1471,2022-09-17,02:13:08,prelievo,40.26,192,1,pj805928
1472,2025-12-26,11:32:08,deposito,152.2,254,174,Bg227391
1473,2024-08-18,19:31:39,deposito,157.65,351,165,PM719076
1474,2025-12-12,07:25:27,lista_movimenti,,1145,84,ff119460
1475,2020-02-03,06:06:47,deposito,142.71,731,244,hv757284
1476,2025-06-16,21:28:59,deposito,92.98,34,17,DK876695
1477,2026-05-11,11:49:42,lista_movimenti,,567,135,nW478567
1478,2019-03-28,04:04:55,deposito,55.5,931,268,FE691835
1479,2023-10-07,09:59:54,prelievo,63.75,150,285,vN665993
1480,2022-08-05,03:17:31,saldo,,199,216,ZO150145
1481,2016-06-09,23:19:40,prelievo,22.73,437,179,tw043140
1482,2026-01-13,14:44:08,prelievo,194.78,222,259,yV021163
1483,2023-02-14,19:07:22,deposito,44.6,127,184,tw866985
1484,2021-11-02,08:30:32,prelievo,149.21,549,204,nX547241
1485,2024-01-23,15:12:35,deposito,38.44,726,32,cf448188
1486,2014-09-01,09:34:18,saldo,,551,161,JH833801
1487,2024-07-08,14:39:10,deposito,25.17,845,243,Wl628811
1488,2026-01-28,19:09:36,prelievo,157.49,500,155,Tq465040
1489,2020-10-17,13:01:15,prelievo,118.11,168,265,NP418890
1490,2022-12-30,03:11:12,prelievo,164.94,1105,240,GC955349
1491,2016-09-30,16:55:42,prelievo,68.22,166,165,tn798770
1492,2022-11-21,03:37:47,lista_movimenti,,76,209,jP159408
1493,2025-03-09,08:41:40,deposito,101.67,284,295,ZR076100
1494,2021-05-28,15:42:39,deposito,19.8,729,165,yh834031
1495,2021-07-28,11:57:28,prelievo,87.69,261,128,Cr073637
1496,2017-02-22,02:11:27,deposito,199.3,838,252,bu178332
1497,2024-02-11,14:59:54,deposito,59.89,882,22,Rm212158
1498,2022-02-10,03:44:16,prelievo,120.13,744,106,WE256076
1499,2021-06-12,12:33:07,prelievo,24.23,237,291,AK157155
1500,2021-03-03,14:26:59,deposito,144.84,599,140,wp392141
1501,2022-01-11,17:15:53,lista_movimenti,,969,20,YU658427
1502,2021-06-05,11:17:11,lista_movimenti,,321,278,Np409420
1503,2024-01-10,20:26:05,lista_movimenti,,473,127,qO539810
1504,2022-06-15,05:06:06,deposito,37.2,241,75,tk953031
1505,2021-07-13,01:54:52,deposito,63.31,837,158,iq967330
1506,2024-06-28,13:33:28,deposito,102.89,51,293,Lq932284
1507,2023-06-21,13:39:38,deposito,41.13,236,260,rb750507
1508,2020-06-27,00:46:44,prelievo,145.02,1154,274,OL183343
1509,2018-02-17,08:50:10,deposito,115.54,765,14,RP715594
1510,2024-08-01,12:21:02,prelievo,85.11,679,87,Hr752388
1511,2023-11-02,01:29:46,prelievo,40.8,395,268,uc759901
1512,2014-03-16,02:16:18,deposito,111.66,1058,132,yi644979
1513,2013-12-13,04:34:28,deposito,118.51,478,76,Tq800248
1514,2024-02-03,06:08:42,prelievo,112.85,733,56,FG408338
1515,2026-03-13,00:38:00,lista_movimenti,,993,3,XY407086
1516,2025-04-19,10:25:28,deposito,30.7,495,57,sn623722
1517,2024-12-14,16:10:25,prelievo,20.76,867,76,Ws149781
1518,2019-08-28,07:45:53,lista_movimenti,,123,24,UC358426
1519,2023-09-11,06:01:27,prelievo,164.95,820,280,Ll846227
1520,2020-03-22,18:12:03,prelievo,169.66,1110,167,PU824490
1521,2020-06-09,09:15:12,prelievo,196.38,1156,210,CE752078
1522,2025-04-03,00:18:51,deposito,17.01,191,218,Bt086529
1523,2025-02-14,05:51:16,lista_movimenti,,1146,251,iW785381
1524,2021-12-24,13:09:19,lista_movimenti,,141,298,dG623498
1525,2014-04-26,14:08:59,prelievo,27.98,305,70,Bn256975
1526,2021-11-13,12:03:25,prelievo,100.7,202,261,zo423152
1527,2019-01-20,18:41:49,deposito,14.18,87,132,jy557244
1528,2026-02-28,20:06:24,prelievo,86.35,85,113,Mh980046
1529,2026-03-23,20:40:12,prelievo,121.83,358,241,mU852761
1530,2025-08-26,06:28:52,deposito,11.2,880,169,Go167809
1531,2023-02-09,16:57:09,prelievo,30.35,838,164,bu178332
1532,2021-11-05,02:58:02,lista_movimenti,,107,155,ig289585
1533,2017-10-10,16:41:44,prelievo,50.03,270,213,Oy876662
1534,2025-12-19,05:23:44,lista_movimenti,,723,220,pZ806166
1535,2025-02-03,08:49:46,deposito,110.51,931,175,FE691835
1536,2021-10-08,15:38:35,saldo,,239,154,Qs838303
1537,2020-08-15,13:59:15,prelievo,137.81,597,36,Xv194202
1538,2021-03-22,17:09:41,lista_movimenti,,606,178,oP962982
1539,2022-02-14,14:40:15,lista_movimenti,,1020,121,PZ465362
1540,2020-05-01,21:12:54,lista_movimenti,,1098,83,dI033495
1541,2022-12-02,22:47:05,deposito,111.87,607,26,fu168619
1542,2013-07-08,12:03:56,deposito,151.45,1143,91,bW443277
1543,2020-08-20,17:50:37,prelievo,186.3,821,93,wo922446
1544,2023-11-27,15:42:52,prelievo,144.41,668,14,JO652237
1545,2024-06-13,06:40:10,lista_movimenti,,957,154,dx290892
1546,2022-01-03,10:27:59,deposito,123.61,524,98,ya473582
1547,2025-11-24,02:55:30,saldo,,477,257,ga917085
1548,2023-05-11,05:14:50,prelievo,61.07,164,164,OV475251
1549,2020-06-03,10:59:13,lista_movimenti,,995,10,Ht135218
1550,2019-04-07,12:52:13,deposito,34.66,809,13,zG413170
1551,2019-08-10,10:18:16,deposito,12.19,820,164,Ll846227
1552,2022-09-11,07:09:45,prelievo,38.23,1054,210,Xl943099
1553,2019-10-24,07:50:46,prelievo,155.42,128,181,Te795155
1554,2024-07-23,15:13:48,deposito,150.2,344,165,PC403663
1555,2023-08-07,10:48:21,prelievo,79.97,988,216,Dw508390
1556,2021-12-23,20:01:03,deposito,15.21,678,38,iY549397
1557,2022-07-11,04:05:54,deposito,23.11,891,64,kI528431
1558,2025-12-03,23:15:22,saldo,,632,282,Gd232898
1559,2024-10-08,03:35:07,lista_movimenti,,89,19,BZ035284
1560,2015-03-14,18:10:43,deposito,105.97,796,88,fP140046
1561,2024-11-30,11:56:48,prelievo,66.28,761,54,Uz099661
1562,2025-03-26,05:32:48,deposito,160.02,1094,269,Ao496677
1563,2015-08-21,12:32:30,deposito,30.08,939,42,PZ716515
1564,2017-04-18,13:27:05,saldo,,864,288,PO015467
1565,2016-12-29,21:47:16,saldo,,407,201,ou846051
1566,2025-12-24,16:48:53,prelievo,24.28,425,193,cv644948
1567,2026-04-24,03:59:23,prelievo,170.84,688,39,eC443010
1568,2022-12-17,16:28:37,prelievo,60.13,1175,68,eK966435
1569,2018-02-18,02:06:41,prelievo,73.75,960,271,oq084099
1570,2023-11-08,15:42:53,prelievo,93.12,127,82,tw866985
1571,2021-10-12,07:14:03,deposito,185.3,817,283,Or478011
1572,2024-05-07,00:29:25,lista_movimenti,,617,251,au473245
1573,2024-06-11,04:11:24,deposito,14.87,414,94,iD942787
1574,2024-11-02,17:21:13,prelievo,108.39,142,110,Zp331630
1575,2025-02-14,13:43:51,saldo,,414,85,iD942787
1576,2017-05-21,07:05:27,saldo,,563,102,RL118842
1577,2019-08-01,15:10:29,prelievo,138.67,934,16,AK622148
1578,2020-12-28,10:06:34,deposito,85.37,1095,193,Ao945467
1579,2013-08-29,02:04:33,lista_movimenti,,830,234,jq718409
1580,2021-04-25,09:07:45,lista_movimenti,,559,85,QL498421
1581,2019-02-17,23:30:21,prelievo,119.06,801,187,zx581123
1582,2016-05-22,04:15:04,deposito,49.74,343,119,bA149454
1583,2021-08-09,17:35:00,prelievo,48.11,796,291,fP140046
1584,2026-04-14,13:31:37,deposito,73.16,1089,205,Dz107972
1585,2020-07-21,14:45:38,deposito,21.37,652,45,DG214189
1586,2021-11-12,22:32:29,deposito,191.09,827,223,FF677474
1587,2021-07-24,00:52:17,deposito,37.3,876,185,VE382295
1588,2018-04-28,21:48:24,prelievo,53.58,69,87,va318500
1589,2019-09-11,04:15:44,deposito,90.12,666,37,iD191270
1590,2024-09-15,23:37:34,lista_movimenti,,1028,83,Qe387737
1591,2025-01-06,04:26:16,lista_movimenti,,550,219,YR440769
1592,2021-05-10,20:10:16,deposito,28.34,943,296,BN801139
1593,2024-09-18,13:11:44,prelievo,129.6,992,196,wI668856
1594,2024-09-18,12:50:32,prelievo,199.45,476,164,Qp302990
1595,2017-07-06,07:24:50,saldo,,11,84,KG745447
1596,2023-02-25,13:07:54,prelievo,131.12,725,146,Qs637803
1597,2026-02-25,08:02:02,deposito,48.11,309,136,AY709126
1598,2021-04-03,15:04:47,prelievo,67.61,9,220,LA267757
1599,2018-07-13,16:09:58,saldo,,1191,169,zh260869
1600,2023-02-27,10:24:17,deposito,113.2,590,148,yb347850
1601,2023-01-28,08:03:43,lista_movimenti,,426,201,rl162896
1602,2025-02-09,16:03:57,deposito,108.46,857,24,gC043514
1603,2024-11-17,22:34:01,prelievo,22.48,506,292,iO707360
1604,2024-10-29,23:35:49,prelievo,155.61,214,172,fO616493
1605,2021-10-30,05:32:13,deposito,50.52,1099,179,OD153822
1606,2021-11-07,19:52:34,prelievo,119.5,94,5,OG342686
1607,2025-04-09,09:05:28,deposito,128.02,805,222,YL880408
1608,2018-06-06,14:30:47,prelievo,128.79,645,114,Me943050
1609,2017-03-15,23:20:28,prelievo,74.58,1023,77,yr247876
1610,2020-07-17,17:17:13,lista_movimenti,,468,291,Ti017759
1611,2021-10-15,17:59:02,deposito,90.6,869,41,Uq601587
1612,2016-04-26,03:55:30,lista_movimenti,,389,155,lU144500
1613,2017-10-19,23:01:46,lista_movimenti,,1199,280,fD200806
1614,2026-01-07,15:51:43,deposito,165.05,367,241,dK855155
1615,2024-08-29,20:47:18,deposito,33.45,306,181,nN959712
1616,2024-05-06,18:47:32,lista_movimenti,,1125,300,Ea443678
1617,2016-01-03,09:15:10,deposito,137.76,809,202,zG413170
1618,2020-06-25,17:46:07,prelievo,152.56,855,70,tP142303
1619,2017-03-25,03:20:56,prelievo,49.5,833,232,om958353
1620,2024-10-17,11:38:31,prelievo,113.88,791,133,GG394977
1621,2025-10-01,16:45:37,deposito,155.28,114,158,Xr318688
1622,2020-11-26,16:09:02,saldo,,831,166,iz149965
1623,2024-09-09,10:59:17,prelievo,107.39,1012,140,jM558274
1624,2017-01-12,08:05:33,prelievo,40.94,566,176,hE742294
1625,2020-07-27,09:20:58,lista_movimenti,,397,83,PQ193294
1626,2020-06-15,12:57:52,prelievo,68.72,1171,52,Pb698210
1627,2023-12-19,15:50:06,prelievo,39.78,334,274,vN303032
1628,2023-06-16,22:06:48,deposito,174.52,156,49,rO916416
1629,2025-03-06,10:03:21,prelievo,158.47,1064,124,fZ215909
1630,2020-04-01,00:34:07,lista_movimenti,,748,84,DB529952
1631,2024-04-20,09:30:38,deposito,134.18,474,49,Rn956359
1632,2025-07-09,18:59:16,deposito,150.55,1086,51,RP154564
1633,2021-02-01,17:50:10,prelievo,173.21,711,269,pu458971
1634,2022-05-10,09:34:59,lista_movimenti,,1076,94,lh950797
1635,2018-12-31,13:32:54,saldo,,729,232,yh834031
1636,2018-01-16,07:39:39,saldo,,347,197,oR911147
1637,2020-10-12,12:20:16,prelievo,193.83,33,43,nP645601
1638,2024-12-12,06:57:13,prelievo,45.58,246,293,CK473664
1639,2019-12-06,03:59:06,lista_movimenti,,931,48,FE691835
1640,2023-10-10,07:26:00,deposito,23.93,59,292,tg076802
1641,2024-02-11,11:48:43,prelievo,187.23,969,296,YU658427
1642,2024-02-15,06:44:49,prelievo,125.57,245,292,Kn021481
1643,2026-03-10,01:15:54,lista_movimenti,,1099,299,OD153822
1644,2023-04-09,22:27:23,prelievo,65.7,1191,129,zh260869
1645,2025-06-18,00:54:53,prelievo,32.43,282,215,lU104218
1646,2025-06-10,05:21:43,prelievo,120.34,114,75,Xr318688
1647,2020-01-04,18:06:09,deposito,129.15,407,175,ou846051
1648,2025-07-02,19:09:14,deposito,195.1,793,35,Rj696011
1649,2024-02-06,09:41:50,deposito,98.1,274,181,rQ442213
1650,2017-04-14,23:27:14,prelievo,134.22,215,74,nh269517
1651,2023-09-21,09:44:57,lista_movimenti,,265,111,Go119412
1652,2023-01-21,18:15:44,prelievo,178.96,24,37,RU211254
1653,2022-04-20,08:39:22,prelievo,108.35,244,118,Fu568851
1654,2025-11-06,00:16:19,lista_movimenti,,802,177,NO117837
1655,2021-12-22,12:32:36,deposito,72.01,664,127,fy283969
1656,2017-11-09,13:52:01,deposito,153.34,838,203,bu178332
1657,2022-07-02,05:39:33,prelievo,67.54,710,238,tB382032
1658,2015-01-19,15:59:43,saldo,,1133,65,yo654063
1659,2024-07-15,19:07:19,saldo,,1154,143,OL183343
1660,2013-06-07,10:32:20,prelievo,101.4,56,214,tU939894
1661,2024-11-01,21:14:25,saldo,,514,300,Ps863192
1662,2016-10-03,07:14:45,deposito,88.38,866,274,Vx711810
1663,2015-02-23,13:58:24,prelievo,106.78,1128,72,LA512435
1664,2025-06-18,09:20:20,deposito,166.91,330,142,vB730025
1665,2017-09-30,23:16:48,prelievo,183.01,883,270,bN231002
1666,2023-11-08,02:09:26,deposito,43.84,470,70,Lm696540
1667,2020-01-04,02:38:41,prelievo,13.75,319,242,nC549438
1668,2014-05-01,11:25:11,saldo,,1191,154,zh260869
1669,2026-01-31,00:02:12,lista_movimenti,,192,133,pj805928
1670,2022-12-14,10:49:22,saldo,,936,197,mH874415
1671,2023-07-19,17:56:38,prelievo,44.85,267,106,cq633006
1672,2023-08-19,10:26:07,deposito,33.63,846,175,QS796335
1673,2018-09-18,16:27:50,lista_movimenti,,933,195,qi152358
1674,2022-01-27,22:50:58,prelievo,143.85,29,198,cO966688
1675,2016-07-22,11:20:14,deposito,108.02,1192,136,JQ672056
1676,2026-03-03,10:03:17,prelievo,93.29,1127,245,Js852008
1677,2025-05-29,04:59:46,deposito,92.54,617,38,au473245
1678,2021-07-15,09:36:21,prelievo,139.66,137,219,Hx279400
1679,2023-01-25,15:42:16,prelievo,32.73,790,208,Ni496698
1680,2024-08-25,15:52:04,saldo,,802,79,NO117837
1681,2024-05-30,18:15:00,deposito,106.21,849,133,sy775844
1682,2023-08-28,23:13:54,prelievo,194.11,605,266,xl475440
1683,2020-03-23,07:29:01,prelievo,143.53,11,38,KG745447
1684,2023-02-23,21:12:16,prelievo,97.15,200,83,fP767727
1685,2022-08-03,04:28:36,prelievo,132.93,1039,209,DN145486
1686,2023-08-03,02:35:08,prelievo,152.78,919,109,UQ721879
1687,2024-12-29,00:51:41,saldo,,1089,294,Dz107972
1688,2025-08-02,11:46:07,prelievo,90.66,805,73,YL880408
1689,2025-08-13,03:07:03,prelievo,142.08,496,48,mj431401
1690,2024-10-04,23:43:31,lista_movimenti,,590,263,yb347850
1691,2025-03-28,09:55:43,prelievo,30.68,767,158,Zy871123
1692,2022-04-27,09:12:23,lista_movimenti,,990,94,hc253896
1693,2024-06-01,07:20:15,saldo,,426,94,rl162896
1694,2020-08-15,16:06:51,saldo,,1078,156,DJ329704
1695,2015-09-14,06:19:38,deposito,199.69,121,300,Cq701737
1696,2024-11-03,22:44:29,deposito,13.06,557,270,pj936322
1697,2016-06-18,19:37:08,deposito,196.75,1184,73,XG080279
1698,2020-11-23,21:33:29,deposito,131.16,657,1,za157578
1699,2026-01-30,13:36:25,deposito,70.75,762,176,gs248964
1700,2022-04-20,07:31:22,lista_movimenti,,850,257,ra188057
1701,2025-08-18,12:39:34,deposito,183.06,108,149,qB429057
1702,2019-11-19,09:30:11,deposito,135.87,189,229,NM636869
1703,2020-07-21,13:12:16,saldo,,1184,67,XG080279
1704,2025-08-12,11:42:26,deposito,149.07,395,180,uc759901
1705,2019-11-28,12:57:55,prelievo,56.2,160,54,kS794698
1706,2026-02-16,12:50:43,prelievo,176.3,477,57,ga917085
1707,2023-08-04,14:00:08,deposito,189.1,177,262,Sa621231
1708,2024-12-06,08:00:23,lista_movimenti,,874,196,vE764859
1709,2017-08-28,14:30:38,prelievo,169.42,4,77,MO361219
1710,2020-12-30,20:29:41,prelievo,138.13,586,8,HB012003
1711,2024-10-14,15:30:47,lista_movimenti,,1059,56,Cr820090
1712,2022-11-27,02:00:15,prelievo,27.49,936,215,mH874415
1713,2025-02-01,15:16:12,prelievo,77.79,1069,101,dd680235
1714,2025-12-22,14:45:08,saldo,,854,227,My114455
1715,2024-06-09,14:47:52,prelievo,17.81,1069,84,dd680235
1716,2015-05-18,21:07:57,deposito,73.78,980,97,zI224770
1717,2019-02-24,12:21:46,deposito,133.33,994,10,xP651802
1718,2019-05-20,21:58:39,saldo,,1076,232,lh950797
1719,2020-11-23,02:56:56,deposito,106.8,262,248,uI667069
1720,2017-03-03,05:46:53,prelievo,173.8,711,262,pu458971
1721,2025-12-09,13:24:19,prelievo,50.35,667,136,Un523687
1722,2024-07-13,11:57:49,saldo,,328,181,TR808793
1723,2021-07-27,18:17:25,saldo,,1050,242,EK361459
1724,2025-02-25,14:24:03,deposito,138.2,1048,82,kW936808
1725,2024-10-25,10:04:13,prelievo,187.17,901,228,ne782614
1726,2026-04-11,03:59:16,lista_movimenti,,411,90,PF743607
1727,2024-09-21,08:39:17,saldo,,1063,12,ml256657
1728,2022-02-15,00:12:37,deposito,121.33,908,73,Jn777679
1729,2025-09-28,15:41:42,prelievo,197.15,1170,228,Db002824
1730,2025-06-09,05:20:17,saldo,,1061,9,na289629
1731,2020-04-18,15:54:18,prelievo,98.39,459,227,BA662880
1732,2024-12-28,09:49:16,deposito,82.99,527,260,FG881575
1733,2025-10-09,21:00:48,deposito,54.03,548,139,Dk622946
1734,2019-08-26,01:24:03,lista_movimenti,,796,222,fP140046
1735,2023-05-07,17:52:11,lista_movimenti,,147,272,AK217913
1736,2011-07-01,22:54:16,saldo,,1003,111,oD483039
1737,2024-02-23,00:10:14,deposito,120.61,985,11,tC026274
1738,2017-05-20,21:03:47,saldo,,664,79,fy283969
1739,2012-06-20,12:33:18,prelievo,169.4,110,91,vh862598
1740,2024-02-04,00:37:40,prelievo,117.89,303,5,jL996308
1741,2023-10-30,07:18:24,deposito,169.15,667,103,Un523687
1742,2015-02-05,23:23:33,prelievo,59.86,866,119,Vx711810
1743,2022-09-26,21:25:44,prelievo,39.97,368,153,hD686501
1744,2026-03-02,22:10:29,saldo,,967,231,tP509381
1745,2025-03-11,01:19:35,prelievo,49.65,625,200,jh031923
1746,2015-03-16,22:03:58,deposito,109.01,865,284,Is436878
1747,2025-02-18,19:38:40,prelievo,21.23,632,111,Gd232898
1748,2025-08-08,06:29:53,saldo,,600,279,ax385606
1749,2018-10-09,06:37:13,deposito,78.55,733,53,FG408338
1750,2023-06-04,18:35:19,saldo,,1156,117,CE752078
1751,2021-10-28,10:51:08,deposito,106.95,797,57,OQ112816
1752,2016-08-11,10:05:40,prelievo,110.56,293,291,js239010
1753,2024-11-30,15:46:08,prelievo,154.54,575,194,cX077975
1754,2021-06-15,23:21:04,deposito,43.62,228,37,mp276755
1755,2014-07-31,08:47:30,prelievo,118.23,1014,57,Kj409420
1756,2023-10-11,07:59:15,lista_movimenti,,873,121,TX476836
1757,2025-11-25,09:31:40,saldo,,93,255,Uu634731
1758,2023-04-03,15:22:49,saldo,,824,288,OD472528
1759,2015-08-13,04:45:48,lista_movimenti,,56,182,tU939894
1760,2024-09-12,03:32:02,prelievo,177.4,124,208,bg952396
1761,2024-12-13,19:46:25,deposito,71.97,1084,261,wM087977
1762,2024-02-15,19:26:18,prelievo,84.24,1140,60,Kw431712
1763,2020-01-29,17:11:05,deposito,182.8,347,114,oR911147
1764,2025-11-19,08:37:21,saldo,,908,206,Jn777679
1765,2024-09-26,03:24:31,prelievo,91.32,460,114,Pa566847
1766,2025-03-04,23:22:27,prelievo,166.76,502,81,aT559634
1767,2025-08-06,12:40:53,saldo,,331,86,Yr503074
1768,2023-04-11,18:47:28,prelievo,170.76,478,230,Tq800248
1769,2022-09-29,09:58:34,lista_movimenti,,676,288,aY201522
1770,2019-12-23,00:26:58,lista_movimenti,,507,232,Hp708117
1771,2026-01-18,09:17:41,prelievo,122.89,2,2,nO423589
1772,2023-05-14,14:08:11,deposito,179.16,965,200,nr798617
1773,2022-04-08,05:57:03,deposito,78.07,923,150,Io874310
1774,2022-10-27,04:54:15,lista_movimenti,,238,194,BA420391
1775,2018-07-10,14:22:08,lista_movimenti,,962,224,of225929
1776,2025-12-31,09:30:11,deposito,125.01,783,241,Kh366288
1777,2019-11-20,20:44:07,prelievo,189.86,168,241,NP418890
1778,2019-01-30,03:02:03,prelievo,127.55,358,46,mU852761
1779,2016-10-25,19:18:02,deposito,180.75,351,109,PM719076
1780,2022-11-04,14:12:02,deposito,194.16,1025,214,oT570600
1781,2021-07-12,08:28:36,prelievo,108.85,262,239,uI667069
1782,2019-09-01,14:06:46,lista_movimenti,,147,100,AK217913
1783,2020-05-22,07:35:06,deposito,136.99,86,115,Yk695622
1784,2025-10-29,10:40:51,prelievo,64.57,11,140,KG745447
1785,2025-04-04,15:15:59,prelievo,160.27,1185,162,tx806053
1786,2024-08-27,11:35:07,saldo,,236,46,rb750507
1787,2025-11-05,20:32:35,saldo,,108,299,qB429057
1788,2013-12-14,18:26:01,deposito,91.07,440,214,Ka451311
1789,2024-08-20,16:50:37,deposito,173.9,590,298,yb347850
1790,2024-05-14,16:24:54,deposito,177.96,899,74,vh211869
1791,2021-10-28,17:18:29,deposito,145.18,430,25,No937039
1792,2019-05-24,21:57:10,prelievo,18.68,994,70,xP651802
1793,2018-03-23,18:46:20,saldo,,1022,260,mr309085
1794,2025-11-22,07:34:52,prelievo,44.37,1172,106,Du611291
1795,2025-12-17,08:53:39,deposito,77.75,656,113,VY118399
1796,2023-11-14,20:14:39,prelievo,76.8,502,138,aT559634
1797,2019-09-15,04:13:17,lista_movimenti,,809,181,zG413170
1798,2023-12-17,13:08:27,prelievo,99.15,1080,175,Ts093269
1799,2023-01-15,11:52:14,deposito,73.27,1105,71,GC955349
1800,2022-07-20,23:45:56,deposito,131.98,500,275,Tq465040
1801,2025-02-21,10:32:52,prelievo,140.09,681,17,Lg023896
1802,2017-10-30,22:33:23,prelievo,12.1,1112,285,He343714
1803,2021-05-30,05:36:15,deposito,192.57,251,16,KJ865738
1804,2025-11-29,05:14:57,deposito,21.07,735,155,DN152459
1805,2022-12-16,00:26:33,deposito,173.23,833,19,om958353
1806,2017-06-18,04:49:05,prelievo,93.17,678,185,iY549397
1807,2021-08-01,11:55:36,prelievo,199.06,247,150,wz717652
1808,2022-02-05,14:12:40,saldo,,870,62,Zb761079
1809,2021-06-16,22:58:34,lista_movimenti,,502,20,aT559634
1810,2026-03-27,14:39:24,prelievo,24.11,968,12,aI451523
1811,2017-07-29,14:47:16,deposito,150.38,160,60,kS794698
1812,2017-12-18,00:32:05,deposito,29.69,1181,218,IW372126
1813,2025-06-14,16:12:29,deposito,108.93,703,110,hk369377
1814,2025-06-04,08:01:51,deposito,75.81,952,274,ix583690
1815,2026-02-27,17:25:32,prelievo,173.39,344,20,PC403663
1816,2024-07-15,16:54:43,saldo,,344,48,PC403663
1817,2023-12-09,06:29:12,prelievo,173.0,1070,47,WO447305
1818,2022-04-21,20:43:58,lista_movimenti,,739,19,yR196908
1819,2024-03-04,10:49:57,deposito,39.55,527,81,FG881575
1820,2022-05-16,23:27:09,prelievo,87.84,910,34,PS396027
1821,2019-12-11,01:12:23,prelievo,112.68,933,87,qi152358
1822,2025-03-01,01:49:09,prelievo,33.5,134,257,BW088293
1823,2025-06-01,06:38:41,lista_movimenti,,1122,180,ua979952
1824,2021-07-02,13:31:52,deposito,143.8,430,226,No937039
1825,2024-09-07,15:39:42,prelievo,157.5,301,203,aU233191
1826,2025-06-24,19:25:26,saldo,,961,283,tH409258
1827,2025-07-08,03:20:31,prelievo,41.79,1057,196,CP061307
1828,2024-01-27,06:23:16,deposito,89.6,840,66,zN382122
1829,2024-09-16,09:43:07,prelievo,56.03,874,194,vE764859
1830,2018-09-14,13:49:48,prelievo,23.75,150,53,vN665993
1831,2019-11-24,16:20:36,deposito,128.25,1032,90,tF004375
1832,2013-12-09,17:39:26,saldo,,357,133,wa254369
1833,2025-03-30,00:50:27,prelievo,73.37,614,283,oz242210
1834,2024-11-07,09:26:31,lista_movimenti,,1116,182,mg882652
1835,2026-01-03,12:47:24,lista_movimenti,,444,127,Id610604
1836,2024-11-19,03:53:39,saldo,,992,171,wI668856
1837,2015-11-17,16:29:28,saldo,,1057,299,CP061307
1838,2025-11-10,18:23:11,saldo,,685,12,zV186944
1839,2018-09-30,21:19:18,lista_movimenti,,170,250,eM893847
1840,2018-12-22,05:04:31,deposito,101.75,800,74,Dy649686
1841,2025-02-11,16:26:21,deposito,82.02,66,76,NG470289
1842,2022-11-20,17:39:41,saldo,,927,218,Tl519480
1843,2025-03-15,09:53:17,prelievo,73.18,327,35,Gj834453
1844,2026-04-02,23:02:24,deposito,101.44,391,204,Vj240239
1845,2024-12-27,16:29:02,deposito,189.46,338,106,wb645545
1846,2025-09-04,11:18:00,deposito,31.21,1064,242,fZ215909
1847,2023-10-16,12:25:21,saldo,,1198,65,aq051572
1848,2018-11-16,03:06:38,deposito,110.82,920,250,OI004683
1849,2025-09-11,22:36:41,saldo,,266,298,SS418065
1850,2025-08-17,20:10:55,deposito,106.34,964,10,dv617920
1851,2022-09-22,23:54:34,deposito,134.82,1061,145,na289629
1852,2025-08-09,14:14:27,prelievo,72.47,112,198,xR685544
1853,2024-07-17,22:07:23,deposito,58.51,841,224,AK934462
1854,2021-05-05,04:44:42,lista_movimenti,,642,9,wD928648
1855,2025-10-02,11:24:01,prelievo,177.6,575,82,cX077975
1856,2025-09-29,16:09:10,saldo,,618,191,yG217061
1857,2025-08-24,00:11:59,deposito,144.15,103,55,fO984803
1858,2021-08-28,01:41:09,saldo,,933,143,qi152358
1859,2022-09-26,06:03:59,prelievo,40.22,377,169,bz198798
1860,2017-01-01,19:09:16,deposito,135.76,622,147,VV522018
1861,2019-05-26,15:48:51,prelievo,75.88,36,8,xw344115
1862,2015-09-03,22:48:04,saldo,,658,224,FE893788
1863,2022-06-02,06:14:13,lista_movimenti,,1160,232,dn706343
1864,2022-12-15,02:29:35,prelievo,19.79,319,103,nC549438
1865,2018-10-13,20:36:01,saldo,,20,296,Il304858
1866,2021-01-30,08:13:41,saldo,,710,153,tB382032
1867,2022-06-08,12:23:01,lista_movimenti,,853,155,bu549157
1868,2024-04-09,18:46:19,deposito,119.22,764,229,mq975973
1869,2019-12-03,07:40:21,deposito,118.49,337,223,IK746274
1870,2021-06-18,04:02:39,deposito,142.95,601,175,rQ147213
1871,2017-04-18,14:33:57,prelievo,65.69,820,224,Ll846227
1872,2022-06-12,12:23:01,prelievo,53.42,825,209,DJ671866
1873,2025-07-20,22:17:53,deposito,180.77,4,265,MO361219
1874,2019-09-25,00:46:37,deposito,199.06,520,123,Ld675530
1875,2021-08-11,13:22:20,saldo,,721,94,tO887956
1876,2020-10-02,00:52:24,deposito,44.5,519,101,kQ808429
1877,2025-05-12,06:05:13,prelievo,103.96,908,38,Jn777679
1878,2020-11-29,08:25:51,deposito,82.1,718,173,Mt154953
1879,2017-08-08,12:52:10,saldo,,637,3,Hk718737
1880,2024-04-06,00:44:26,prelievo,84.02,65,5,Jv233576
1881,2021-05-10,08:14:50,saldo,,317,96,dw906742
1882,2023-02-17,03:02:34,saldo,,872,166,bF048011
1883,2021-12-07,18:19:12,deposito,50.8,407,223,ou846051
1884,2023-05-29,13:26:47,lista_movimenti,,1089,67,Dz107972
1885,2025-10-25,04:04:07,deposito,99.16,828,159,nk028531
1886,2019-07-02,08:24:06,prelievo,48.85,204,140,md202995
1887,2022-09-14,06:06:11,prelievo,43.4,268,88,QY333112
1888,2021-12-10,03:29:17,deposito,148.6,459,206,BA662880
1889,2016-10-04,13:06:25,prelievo,73.5,986,192,tr946002
1890,2023-08-26,21:10:59,deposito,122.85,439,235,dh030688
1891,2021-10-16,22:54:41,prelievo,183.83,892,204,gt912771
1892,2026-05-10,08:29:08,lista_movimenti,,906,135,it130049
1893,2023-10-09,20:48:41,saldo,,920,151,OI004683
1894,2020-09-15,04:11:08,saldo,,381,201,Ta801186
1895,2022-12-10,11:34:26,deposito,112.71,790,90,Ni496698
1896,2025-09-04,01:08:06,deposito,128.65,894,91,dL062242
1897,2025-11-02,08:03:24,prelievo,92.74,117,167,sM581489
1898,2023-02-21,06:37:59,prelievo,43.71,872,87,bF048011
1899,2022-11-26,03:23:29,deposito,17.84,397,20,PQ193294
1900,2025-12-25,08:22:22,deposito,74.2,1045,214,lY513046
1901,2024-07-07,21:13:50,lista_movimenti,,123,84,UC358426
1902,2015-08-31,21:51:47,deposito,54.12,417,240,fP730877
1903,2019-10-09,20:29:28,prelievo,134.87,536,179,Dv935647
1904,2020-03-31,16:45:47,prelievo,108.44,170,245,eM893847
1905,2022-03-17,22:05:38,prelievo,184.93,297,149,jf983145
1906,2022-12-13,01:28:52,deposito,81.85,391,37,Vj240239
1907,2023-01-28,04:02:19,prelievo,126.56,1100,238,gI125795
1908,2018-09-11,08:27:15,deposito,183.44,769,282,WC073087
1909,2023-04-01,10:27:46,deposito,107.92,362,184,gF507004
1910,2018-02-08,06:05:02,prelievo,56.33,920,19,OI004683
1911,2026-01-24,05:51:55,saldo,,988,260,Dw508390
1912,2026-01-18,18:42:44,deposito,61.28,667,252,Un523687
1913,2022-08-15,13:22:50,deposito,23.5,305,204,Bn256975
1914,2024-09-30,00:54:28,lista_movimenti,,850,98,ra188057
1915,2026-03-10,05:07:25,prelievo,160.55,352,264,Yo360911
1916,2024-10-14,09:58:31,deposito,175.45,586,145,HB012003
1917,2013-03-01,13:42:30,prelievo,114.57,677,66,sR730774
1918,2023-12-25,14:09:55,prelievo,74.44,287,271,Jf320281
1919,2022-06-13,00:34:47,lista_movimenti,,18,53,zq360242
1920,2025-07-04,16:28:14,deposito,136.27,52,220,ao504679
1921,2020-12-05,14:54:58,lista_movimenti,,756,135,hD596588
1922,2014-01-19,23:27:01,prelievo,77.49,737,118,SF325425
1923,2020-08-30,06:16:54,prelievo,199.22,299,91,NS978939
1924,2024-10-10,20:04:32,prelievo,116.75,18,121,zq360242
1925,2020-07-19,08:00:33,prelievo,22.52,141,29,dG623498
1926,2024-10-10,11:23:48,deposito,110.0,894,115,dL062242
1927,2012-12-06,20:15:35,saldo,,1151,233,Cj237248
1928,2026-04-02,05:51:40,prelievo,185.87,266,14,SS418065
1929,2025-01-31,18:08:59,deposito,61.85,472,252,lF310232
1930,2025-11-05,10:25:06,prelievo,186.59,575,36,cX077975
1931,2015-08-08,12:00:56,prelievo,130.11,670,73,yh183374
1932,2021-05-02,10:43:49,deposito,50.88,853,25,bu549157
1933,2024-07-09,06:51:57,prelievo,10.42,555,175,Bc160849
1934,2024-11-03,00:23:31,saldo,,192,159,pj805928
1935,2025-01-12,20:17:44,prelievo,92.59,774,202,ph732639
1936,2023-05-18,00:24:45,lista_movimenti,,872,284,bF048011
1937,2025-01-01,04:27:05,prelievo,180.14,132,245,pm475372
1938,2018-05-22,14:07:24,prelievo,158.83,199,68,ZO150145
1939,2014-12-26,19:47:32,prelievo,197.16,995,287,Ht135218
1940,2015-12-03,19:32:02,prelievo,84.15,631,93,rU109008
1941,2022-05-20,19:12:37,lista_movimenti,,965,282,nr798617
1942,2025-01-17,12:10:08,saldo,,370,147,LZ730487
1943,2022-06-08,12:59:03,deposito,91.29,1000,57,FH413999
1944,2020-10-31,06:07:31,lista_movimenti,,261,110,Cr073637
1945,2024-08-27,17:38:59,prelievo,136.71,659,202,pS222156
1946,2025-06-29,23:50:23,prelievo,124.85,911,149,vn550233
1947,2015-05-18,18:40:57,saldo,,1159,220,LT975737
1948,2024-09-21,20:29:38,deposito,46.66,710,60,tB382032
1949,2025-02-11,03:04:59,prelievo,189.93,772,249,yu036854
1950,2025-01-29,16:12:09,lista_movimenti,,461,291,tA880229
1951,2016-11-15,01:31:50,prelievo,167.08,754,41,es330579
1952,2025-08-03,06:04:15,lista_movimenti,,1028,299,Qe387737
1953,2026-04-13,20:30:32,prelievo,115.46,60,150,iI917706
1954,2022-12-20,00:18:51,deposito,53.86,501,5,qj419418
1955,2017-10-07,22:52:11,prelievo,69.22,120,296,Ee450079
1956,2019-12-14,05:04:40,deposito,88.77,809,103,zG413170
1957,2025-12-20,09:24:38,prelievo,77.23,706,176,FA324974
1958,2025-10-18,09:25:24,prelievo,144.49,725,78,Qs637803
1959,2020-10-10,20:40:03,deposito,106.39,180,262,xD625304
1960,2026-02-23,00:05:34,prelievo,48.51,880,81,Go167809
1961,2024-03-01,13:45:24,lista_movimenti,,682,121,iF563696
1962,2022-04-24,19:02:16,lista_movimenti,,564,220,jw059766
1963,2016-06-16,16:27:12,saldo,,511,211,Rx296457
1964,2025-04-20,05:32:49,lista_movimenti,,918,133,nV284576
1965,2025-10-13,18:36:56,deposito,51.16,323,194,kD420204
1966,2016-10-23,13:15:24,deposito,72.07,74,200,af822300
1967,2024-06-24,15:19:12,saldo,,748,135,DB529952
1968,2016-07-10,12:05:51,prelievo,34.31,215,56,nh269517
1969,2022-01-06,15:32:34,prelievo,173.3,262,73,uI667069
1970,2018-10-19,16:20:22,deposito,103.1,43,128,yJ510749
1971,2019-03-21,15:25:16,deposito,63.63,739,211,yR196908
1972,2019-09-18,00:26:13,prelievo,171.65,510,200,RB463373
1973,2024-04-29,08:09:15,deposito,40.93,532,254,yM087648
1974,2025-03-14,23:29:20,prelievo,10.25,841,93,AK934462
1975,2024-12-27,05:31:18,saldo,,749,196,Nd582827
1976,2020-09-23,00:54:39,prelievo,121.87,289,185,Mo655144
1977,2022-01-23,22:18:02,prelievo,159.77,770,167,th041409
1978,2020-04-24,14:27:47,prelievo,185.98,222,152,yV021163
1979,2024-06-04,03:53:48,lista_movimenti,,477,188,ga917085
1980,2024-09-17,20:55:30,prelievo,11.99,497,14,Hj660331
1981,2023-09-09,18:00:51,lista_movimenti,,841,123,AK934462
1982,2025-09-19,00:05:41,saldo,,1031,162,dv995602
1983,2023-03-03,10:40:26,prelievo,128.16,936,63,mH874415
1984,2022-12-27,13:26:07,prelievo,191.02,430,191,No937039
1985,2024-07-22,18:16:56,deposito,197.9,114,164,Xr318688
1986,2025-03-16,06:21:01,deposito,37.12,219,38,qd982333
1987,2024-02-13,08:49:05,prelievo,138.49,1116,164,mg882652
1988,2021-02-17,06:29:13,prelievo,164.36,894,147,dL062242
1989,2020-04-27,01:40:02,deposito,92.21,932,68,NI768742
1990,2025-07-15,00:14:34,lista_movimenti,,428,20,Mh809725
1991,2025-12-24,00:26:10,prelievo,11.54,338,96,wb645545
1992,2026-01-04,02:15:05,prelievo,63.95,222,191,yV021163
1993,2023-04-06,20:11:38,saldo,,145,67,MF762974
1994,2017-05-29,07:38:48,saldo,,764,84,mq975973
1995,2018-09-30,03:28:02,prelievo,64.17,317,17,dw906742
1996,2019-05-04,12:14:53,saldo,,94,139,OG342686
1997,2023-04-29,13:04:31,lista_movimenti,,1095,59,Ao945467
1998,2025-05-21,12:59:45,deposito,49.47,532,17,yM087648
1999,2023-08-17,01:12:16,saldo,,804,212,NR877461
2000,2023-07-06,13:56:19,deposito,128.51,207,215,tV995837
2001,2025-05-03,08:46:59,prelievo,28.58,1045,201,lY513046
2002,2019-09-27,15:28:01,saldo,,317,283,dw906742
2003,2021-04-23,09:34:56,prelievo,168.17,733,198,FG408338
2004,2019-04-24,18:27:47,prelievo,22.19,837,159,iq967330
2005,2026-05-09,13:45:28,saldo,,712,190,tv905159
2006,2023-08-29,14:28:47,prelievo,182.97,339,8,vj794623
2007,2020-04-12,15:03:17,deposito,45.48,929,62,fn154182
2008,2026-02-08,17:18:04,deposito,155.78,866,300,Vx711810
2009,2026-03-05,03:33:11,prelievo,190.29,610,186,bP156584
2010,2025-06-07,03:26:49,lista_movimenti,,174,269,aE852936
2011,2025-03-20,06:25:08,deposito,153.37,703,237,hk369377
2012,2023-12-07,04:11:16,lista_movimenti,,749,278,Nd582827
2013,2020-11-01,13:02:57,deposito,19.53,1197,258,Gl263960
2014,2015-02-10,09:50:36,deposito,101.61,756,269,hD596588
2015,2024-09-26,12:37:00,saldo,,728,194,ni405247
2016,2024-10-02,06:35:25,saldo,,924,90,lq363376
2017,2021-12-05,08:00:39,prelievo,67.96,411,127,PF743607
2018,2013-07-18,03:15:03,deposito,170.77,811,275,XA486278
2019,2024-05-08,02:14:29,prelievo,94.79,110,136,vh862598
2020,2025-10-11,12:35:52,saldo,,215,296,nh269517
2021,2022-10-31,04:04:33,deposito,176.51,566,39,hE742294
2022,2024-02-14,16:04:18,deposito,28.47,282,116,lU104218
2023,2026-01-04,01:31:29,prelievo,110.34,31,223,ff382517
2024,2021-10-25,18:38:16,deposito,48.89,1035,247,RP791352
2025,2018-03-15,06:16:28,deposito,172.52,325,183,ZV821070
2026,2026-04-18,17:49:17,saldo,,957,155,dx290892
2027,2026-03-10,12:01:27,prelievo,34.57,69,114,va318500
2028,2025-01-14,23:24:40,deposito,23.8,1064,78,fZ215909
2029,2024-11-18,00:20:08,prelievo,54.15,1184,80,XG080279
2030,2025-07-08,03:39:04,saldo,,30,180,ni811078
2031,2014-05-09,16:27:16,prelievo,117.42,960,214,oq084099
2032,2021-12-18,05:19:48,lista_movimenti,,631,129,rU109008
2033,2019-11-15,15:10:42,prelievo,93.29,819,105,Mx179729
2034,2024-02-14,13:26:50,lista_movimenti,,143,63,AD690345
2035,2025-03-06,17:19:57,deposito,125.1,709,230,Fq907553
2036,2025-04-26,13:37:04,lista_movimenti,,111,117,ie259563
2037,2014-10-04,09:53:33,deposito,26.08,427,213,rR690371
2038,2023-05-12,02:14:04,deposito,107.59,1052,2,ib855608
2039,2018-05-24,01:24:15,deposito,103.81,405,80,yG626653
2040,2023-01-28,18:06:57,prelievo,50.64,439,61,dh030688
2041,2025-12-07,07:02:18,deposito,179.99,339,262,vj794623
2042,2020-11-19,22:29:53,deposito,199.72,241,256,tk953031
2043,2025-06-12,18:31:21,prelievo,167.25,64,185,Hl268003
2044,2022-02-07,20:43:14,prelievo,55.6,315,238,LL409499
2045,2025-07-24,22:06:29,deposito,50.2,915,267,Dl823981
2046,2025-06-28,17:39:41,deposito,137.54,506,275,iO707360
2047,2022-10-27,15:47:53,deposito,32.38,485,41,Eu704908
2048,2025-07-31,17:22:10,prelievo,47.49,57,146,pR306488
2049,2024-10-26,14:25:50,deposito,111.12,805,41,YL880408
2050,2026-01-13,02:29:03,deposito,77.72,407,267,ou846051
2051,2025-04-23,09:49:18,prelievo,168.51,1006,261,zy401632
2052,2021-09-30,02:13:11,deposito,40.17,292,155,Ar792575
2053,2022-07-21,04:41:03,deposito,85.08,334,163,vN303032
2054,2025-08-27,17:02:59,deposito,103.95,594,8,mR705225
2055,2016-12-21,20:33:18,deposito,68.14,820,172,Ll846227
2056,2018-01-13,01:04:00,deposito,130.97,755,97,od364286
2057,2018-08-08,15:29:01,lista_movimenti,,927,84,Tl519480
2058,2023-02-14,14:14:43,prelievo,25.83,205,125,QO037403
2059,2022-02-12,07:52:07,deposito,14.1,1056,44,Su169084
2060,2019-04-01,18:30:14,prelievo,83.71,883,88,bN231002
2061,2023-07-06,14:19:56,deposito,112.96,741,296,Jx955965
2062,2026-03-16,21:37:20,saldo,,1019,122,hX191650
2063,2020-10-17,03:33:52,lista_movimenti,,324,62,tN450687
2064,2025-08-05,08:19:55,deposito,92.5,614,121,oz242210
2065,2016-04-08,12:57:27,prelievo,123.17,622,118,VV522018
2066,2023-06-08,14:42:17,deposito,51.26,641,237,mE154071
2067,2024-03-02,17:40:07,deposito,162.66,1127,82,Js852008
2068,2024-03-21,11:31:51,prelievo,65.95,630,262,sZ944215
2069,2022-11-16,07:12:44,deposito,19.74,39,220,no127180
2070,2022-02-16,00:07:46,saldo,,31,272,ff382517
2071,2023-10-28,13:33:46,saldo,,265,24,Go119412
2072,2024-07-21,03:27:24,prelievo,20.49,709,54,Fq907553
2073,2025-05-30,07:46:25,saldo,,915,257,Dl823981
2074,2025-08-13,03:19:45,deposito,120.12,427,139,rR690371
2075,2021-11-11,12:37:58,deposito,150.66,910,262,PS396027
2076,2024-11-20,07:05:52,prelievo,85.37,305,243,Bn256975
2077,2018-03-03,13:39:21,deposito,135.31,56,35,tU939894
2078,2025-06-19,13:50:03,deposito,95.19,15,176,jB657538
2079,2024-04-03,23:05:26,prelievo,98.02,42,236,qK999153
2080,2017-03-26,09:20:28,deposito,138.7,742,77,lp299919
2081,2025-06-03,16:10:17,deposito,146.6,968,185,aI451523
2082,2025-01-23,10:06:00,prelievo,45.81,767,192,Zy871123
2083,2023-09-27,02:22:43,prelievo,144.03,840,133,zN382122
2084,2018-09-15,13:21:27,prelievo,116.6,11,92,KG745447
2085,2025-04-03,00:57:08,deposito,190.98,688,160,eC443010
2086,2024-12-20,19:19:40,deposito,102.43,558,289,gm972297
2087,2018-12-09,10:22:29,deposito,165.0,620,104,pO809799
2088,2026-04-29,14:29:48,lista_movimenti,,548,3,Dk622946
2089,2018-01-12,16:17:29,lista_movimenti,,881,89,qB159907
2090,2024-10-16,00:33:33,saldo,,870,62,Zb761079
2091,2019-06-02,03:44:36,prelievo,182.37,730,209,xR829998
2092,2021-09-29,16:22:58,deposito,117.67,19,9,of763649
2093,2022-10-21,20:04:30,deposito,173.76,901,174,ne782614
2094,2019-11-03,08:37:30,prelievo,174.6,933,256,qi152358
2095,2025-04-08,13:46:15,prelievo,177.78,602,234,gf933360
2096,2020-10-12,14:25:17,deposito,150.55,1060,158,LP297243
2097,2025-03-02,15:01:20,saldo,,1029,124,mt182957
2098,2024-03-07,18:20:07,prelievo,114.77,920,266,OI004683
2099,2022-11-29,06:52:02,prelievo,186.65,721,34,tO887956
2100,2025-06-07,01:14:57,lista_movimenti,,512,31,Pq349201
2101,2025-01-05,20:58:10,saldo,,1009,67,ho830970
2102,2024-09-02,01:18:03,prelievo,189.86,797,275,OQ112816
2103,2023-04-20,00:50:03,deposito,46.75,311,13,od612541
2104,2024-11-26,21:04:24,prelievo,188.25,402,170,kC493574
2105,2019-08-05,01:44:01,prelievo,60.43,662,159,Mq228210
2106,2024-08-20,13:23:21,prelievo,199.28,376,232,IL775506
2107,2025-10-08,08:13:19,deposito,14.87,547,270,ax808967
2108,2025-11-29,03:14:41,lista_movimenti,,309,33,AY709126
2109,2023-01-15,23:42:44,saldo,,29,104,cO966688
2110,2026-01-07,00:02:18,deposito,112.06,1127,214,Js852008
2111,2021-09-15,01:18:50,prelievo,111.65,169,64,oQ579185
2112,2022-06-22,11:02:07,saldo,,704,162,LY958187
2113,2024-04-24,16:52:43,prelievo,120.36,109,297,Fk387716
2114,2019-06-09,04:29:33,deposito,159.3,381,108,Ta801186
2115,2024-08-24,13:02:36,deposito,187.55,715,43,EY159838
2116,2016-10-02,02:08:03,saldo,,349,67,pU658355
2117,2023-11-29,10:25:14,prelievo,14.15,887,102,LQ256301
2118,2020-07-20,17:09:28,saldo,,550,286,YR440769
2119,2023-11-04,10:59:25,deposito,150.59,500,62,Tq465040
2120,2020-05-06,13:06:38,deposito,152.18,1158,118,DB955466
2121,2017-12-12,11:41:00,deposito,90.83,736,45,Wv009407
2122,2020-07-08,12:45:48,prelievo,82.68,755,293,od364286
2123,2021-02-17,18:58:06,prelievo,162.19,173,70,he314403
2124,2015-09-07,11:39:06,saldo,,91,283,qw964992
2125,2024-10-12,04:11:21,deposito,183.26,232,183,eA275928
2126,2015-08-17,14:52:22,prelievo,148.08,796,103,fP140046
2127,2023-11-06,13:09:51,deposito,102.09,1073,251,Xy877460
2128,2026-05-09,21:45:28,prelievo,153.38,514,22,Ps863192
2129,2017-09-02,17:24:25,prelievo,87.66,694,240,gn819449
2130,2022-07-27,03:54:23,deposito,190.56,816,277,Pv978155
2131,2025-11-16,20:54:24,deposito,26.34,865,191,Is436878
2132,2025-12-26,07:39:34,saldo,,1083,156,Ic271140
2133,2013-11-18,23:55:58,deposito,107.92,1025,105,oT570600
2134,2024-04-22,00:10:11,prelievo,183.05,911,205,vn550233
2135,2014-09-20,06:06:55,prelievo,194.89,659,162,pS222156
2136,2024-01-05,11:04:20,deposito,76.55,1101,230,dm931013
2137,2025-11-04,13:41:36,deposito,58.56,815,207,fS722070
2138,2023-12-09,15:45:31,prelievo,192.98,1085,215,qj150655
2139,2018-09-28,09:16:08,prelievo,187.24,570,164,TB016748
2140,2016-08-14,06:05:03,lista_movimenti,,811,85,XA486278
2141,2018-02-20,15:29:56,prelievo,128.24,785,50,sY154948
2142,2016-03-15,01:29:00,deposito,135.59,1164,17,PY170633
2143,2024-01-25,06:47:58,prelievo,65.45,204,84,md202995
2144,2022-12-20,09:23:00,lista_movimenti,,837,65,iq967330
2145,2024-12-16,09:26:17,prelievo,153.94,222,222,yV021163
2146,2024-04-12,22:34:06,lista_movimenti,,360,39,kc955766
2147,2013-01-11,18:21:17,deposito,76.64,1057,262,CP061307
2148,2023-01-07,07:39:40,lista_movimenti,,884,192,Th922611
2149,2025-04-16,15:59:20,saldo,,175,254,LD982891
2150,2023-08-23,05:05:57,lista_movimenti,,327,52,Gj834453
2151,2014-05-05,06:23:54,prelievo,63.86,998,50,bI476030
2152,2021-03-03,14:37:28,deposito,124.16,1047,227,WV167333
2153,2025-11-22,12:04:12,deposito,118.46,111,50,ie259563
2154,2026-02-20,00:54:48,saldo,,744,253,WE256076
2155,2021-09-27,08:32:16,deposito,36.99,975,89,Ji594920
2156,2026-05-10,06:43:29,prelievo,95.96,404,134,ak093372
2157,2022-07-13,06:17:38,prelievo,69.32,661,110,RF432548
2158,2025-04-15,15:12:25,prelievo,175.43,1169,16,lf698830
2159,2017-05-27,14:58:35,prelievo,186.25,105,130,xP495035
2160,2023-04-10,19:35:42,deposito,71.06,311,287,od612541
2161,2022-05-26,05:37:48,prelievo,30.43,555,275,Bc160849
2162,2017-06-07,10:39:08,deposito,23.02,131,164,GT579522
2163,2021-12-23,09:41:20,prelievo,75.72,1029,77,mt182957
2164,2025-04-04,00:10:51,prelievo,128.93,342,128,NC797332
2165,2018-08-05,22:21:47,deposito,75.52,132,262,pm475372
2166,2023-08-19,02:24:37,saldo,,759,144,cs986645
2167,2021-10-01,22:19:47,prelievo,59.77,955,218,Ll242885
2168,2025-10-23,10:11:02,prelievo,121.06,541,157,Lg922679
2169,2022-01-28,01:12:08,prelievo,185.1,931,186,FE691835
2170,2022-04-19,17:56:34,prelievo,58.02,490,75,AA132680
2171,2022-08-24,05:56:17,deposito,79.63,627,93,IQ700373
2172,2017-10-01,09:42:15,deposito,53.17,319,145,nC549438
2173,2020-09-09,03:02:06,deposito,15.42,985,51,tC026274
2174,2024-01-04,22:29:05,prelievo,142.03,204,45,md202995
2175,2025-09-08,19:15:33,deposito,25.94,1100,78,gI125795
2176,2020-06-20,10:53:56,deposito,28.85,106,234,QS406929
2177,2022-02-28,23:15:03,prelievo,54.1,476,66,Qp302990
2178,2024-11-08,22:51:11,lista_movimenti,,892,236,gt912771
2179,2019-03-08,07:26:07,prelievo,16.54,1119,127,Se418183
2180,2018-09-29,16:16:42,prelievo,47.99,960,157,oq084099
2181,2025-10-11,20:49:46,deposito,66.01,840,87,zN382122
2182,2023-05-29,23:00:54,prelievo,144.29,788,140,Fc865300
2183,2022-04-29,14:57:40,deposito,44.43,528,35,QI658949
2184,2022-03-05,20:12:04,lista_movimenti,,185,124,FI746949
2185,2026-04-03,21:57:00,prelievo,60.98,1146,216,iW785381
2186,2019-03-15,21:52:44,lista_movimenti,,13,45,iO337994
2187,2022-09-19,06:59:42,deposito,97.2,12,5,dJ053367
2188,2017-03-27,09:56:35,saldo,,666,19,iD191270
2189,2021-11-17,23:22:17,saldo,,952,159,ix583690
2190,2024-06-04,23:04:32,lista_movimenti,,55,162,Qy023469
2191,2022-10-29,03:05:09,prelievo,62.86,1100,88,gI125795
2192,2026-01-18,23:57:32,saldo,,444,296,Id610604
2193,2018-10-17,12:53:05,prelievo,138.78,435,213,Eu853472
2194,2025-03-23,06:08:42,lista_movimenti,,271,110,iC021125
2195,2018-05-30,21:04:20,deposito,139.93,11,10,KG745447
2196,2021-05-22,01:16:23,deposito,120.44,634,106,ip982341
2197,2026-04-02,21:49:02,saldo,,549,235,nX547241
2198,2026-01-28,11:46:28,prelievo,69.58,667,59,Un523687
2199,2025-08-15,20:51:05,deposito,154.3,506,145,iO707360
2200,2021-10-12,17:57:42,saldo,,895,195,Jj492450
2201,2021-07-06,05:00:41,deposito,111.53,660,14,jY201836
2202,2021-04-19,09:12:14,deposito,55.03,877,231,ns785532
2203,2025-05-11,10:08:54,prelievo,194.16,744,237,WE256076
2204,2022-07-26,23:19:59,prelievo,47.15,1060,211,LP297243
2205,2024-07-20,13:08:44,prelievo,84.56,21,278,Ct779098
2206,2014-12-02,18:36:44,deposito,185.16,209,58,mE300044
2207,2026-01-31,16:57:57,lista_movimenti,,489,126,zY827523
2208,2025-10-01,23:05:47,deposito,95.23,323,35,kD420204
2209,2019-03-06,22:58:13,deposito,152.15,128,295,Te795155
2210,2020-12-30,02:08:08,saldo,,1178,129,Bi015409
2211,2021-01-21,07:08:15,prelievo,193.09,289,146,Mo655144
2212,2023-04-10,11:17:51,deposito,56.47,465,166,bv415201
2213,2021-09-17,10:25:30,prelievo,26.57,1152,275,KC264572
2214,2025-07-22,10:09:13,deposito,64.83,548,187,Dk622946
2215,2023-04-25,10:23:49,deposito,43.68,481,241,eL802352
2216,2021-08-23,13:24:12,prelievo,111.29,230,206,Pa383066
2217,2022-01-23,21:48:41,saldo,,88,3,Jv325918
2218,2020-06-09,01:37:24,saldo,,210,153,jQ847812
2219,2015-05-13,01:20:16,prelievo,22.17,584,113,yx786339
2220,2014-01-25,22:33:07,deposito,22.29,740,73,XL707137
2221,2025-04-24,15:41:01,deposito,135.91,214,145,fO616493
2222,2025-10-27,01:01:11,prelievo,119.63,628,236,Wt037433
2223,2023-10-15,01:27:16,prelievo,103.59,879,176,jd038208
2224,2015-07-22,07:20:36,deposito,139.15,551,272,JH833801
2225,2019-10-12,11:35:37,deposito,96.97,1144,223,vg612522
2226,2024-10-02,19:51:42,prelievo,104.37,726,128,cf448188
2227,2023-08-24,05:27:54,prelievo,126.11,118,226,LR374410
2228,2015-08-27,15:05:21,prelievo,181.67,774,270,ph732639
2229,2024-02-26,21:13:38,prelievo,117.02,1169,70,lf698830
2230,2026-05-08,14:32:31,saldo,,39,289,no127180
2231,2023-07-21,15:18:57,deposito,89.85,362,159,gF507004
2232,2022-09-27,10:27:33,deposito,143.83,222,188,yV021163
2233,2022-03-28,00:48:44,saldo,,1146,212,iW785381
2234,2019-09-27,07:06:36,deposito,44.23,892,135,gt912771
2235,2020-05-06,21:55:52,deposito,133.34,766,30,mz076429
2236,2026-05-01,12:16:13,deposito,143.25,703,28,hk369377
2237,2025-01-01,06:32:27,prelievo,120.87,366,58,Ux779634
2238,2023-02-22,08:11:56,prelievo,24.25,660,170,jY201836
2239,2022-03-12,05:51:53,saldo,,926,98,ca711552
2240,2021-06-22,20:20:32,lista_movimenti,,419,65,Dg673357
2241,2026-04-03,11:27:51,prelievo,29.6,224,183,OE411324
2242,2020-03-22,23:16:34,prelievo,161.61,535,47,Bu222421
2243,2024-02-13,06:33:18,deposito,53.03,575,35,cX077975
2244,2025-08-28,07:54:23,prelievo,116.67,805,136,YL880408
2245,2024-04-11,09:45:05,deposito,65.68,1162,293,Qo689553
2246,2022-02-12,20:58:48,deposito,71.84,237,209,AK157155
2247,2017-11-01,07:19:46,deposito,42.66,951,152,pr814805
2248,2021-10-11,18:20:30,lista_movimenti,,542,242,cY205780
2249,2019-11-20,12:11:08,prelievo,72.06,564,200,jw059766
2250,2025-10-28,16:48:31,lista_movimenti,,115,147,Wt107337
2251,2021-10-02,10:09:30,deposito,76.83,51,106,Lq932284
2252,2024-06-08,19:47:39,lista_movimenti,,1119,260,Se418183
2253,2021-08-21,01:10:33,saldo,,77,227,Wu835472
2254,2023-09-09,16:54:12,saldo,,157,144,qh574390
2255,2017-07-31,19:11:33,deposito,136.81,1063,261,ml256657
2256,2018-11-02,12:58:28,lista_movimenti,,563,139,RL118842
2257,2022-04-14,06:39:55,saldo,,502,96,aT559634
2258,2025-09-11,11:58:15,prelievo,167.72,789,57,IB961263
2259,2024-09-20,12:09:03,lista_movimenti,,21,195,Ct779098
2260,2025-01-15,16:02:20,deposito,60.97,512,224,Pq349201
2261,2025-04-05,17:50:22,deposito,80.5,1057,241,CP061307
2262,2025-12-14,14:09:10,deposito,199.43,259,189,JU585456
2263,2018-04-17,13:12:12,prelievo,128.65,490,195,AA132680
2264,2023-09-09,00:41:38,saldo,,127,192,tw866985
2265,2016-03-16,07:49:29,lista_movimenti,,1080,193,Ts093269
2266,2025-11-02,15:44:54,prelievo,164.96,1020,75,PZ465362
2267,2021-05-29,01:37:32,prelievo,15.57,1098,194,dI033495
2268,2023-12-03,15:17:43,deposito,128.12,976,246,Pq679811
2269,2023-11-05,09:39:15,lista_movimenti,,204,254,md202995
2270,2025-09-14,15:12:49,saldo,,869,190,Uq601587
2271,2018-03-19,17:25:06,lista_movimenti,,764,218,mq975973
2272,2023-03-01,21:27:15,prelievo,128.8,831,22,iz149965
2273,2025-11-03,11:40:35,prelievo,101.29,125,37,lB640278
2274,2018-01-05,05:30:07,deposito,59.16,428,173,Mh809725
2275,2011-12-27,23:19:47,prelievo,41.25,219,179,qd982333
2276,2022-04-13,14:31:50,saldo,,829,236,jU828444
2277,2024-02-17,22:31:07,prelievo,61.18,848,271,wP590147
2278,2025-06-13,06:42:45,saldo,,266,111,SS418065
2279,2025-07-17,08:08:13,deposito,170.65,524,26,ya473582
2280,2018-05-22,00:05:47,deposito,19.63,833,120,om958353
2281,2021-02-25,12:50:00,prelievo,127.01,648,2,Wp703127
2282,2026-01-10,19:14:01,deposito,174.8,673,178,yu363595
2283,2021-06-22,07:54:47,prelievo,188.3,1098,187,dI033495
2284,2026-01-16,06:47:23,prelievo,10.01,368,264,hD686501
2285,2014-12-13,18:42:43,prelievo,61.0,1078,248,DJ329704
2286,2021-08-19,18:43:00,saldo,,640,20,NG037912
2287,2022-06-18,18:51:22,deposito,56.08,375,175,la332278
2288,2025-08-06,10:00:32,saldo,,319,107,nC549438
2289,2026-03-04,10:00:44,deposito,30.25,594,49,mR705225
2290,2024-11-26,08:55:22,lista_movimenti,,572,169,Ek871018
2291,2018-02-26,20:32:01,lista_movimenti,,32,95,Ig173763
2292,2021-12-03,05:02:45,lista_movimenti,,51,254,Lq932284
2293,2021-12-29,10:02:20,deposito,196.46,180,90,xD625304
2294,2023-03-24,09:15:54,saldo,,705,249,qu870265
2295,2023-03-15,18:05:27,saldo,,907,231,Si656249
2296,2025-08-04,08:49:58,saldo,,1162,45,Qo689553
2297,2024-01-23,02:36:47,lista_movimenti,,893,30,Hk597267
2298,2020-06-18,21:12:27,prelievo,92.38,835,239,un560535
2299,2018-12-26,09:33:20,prelievo,157.93,674,95,yU404660
2300,2026-05-05,13:11:18,prelievo,80.05,1084,92,wM087977
2301,2018-03-16,17:17:19,deposito,76.91,819,150,Mx179729
2302,2023-10-03,23:05:15,prelievo,161.39,475,277,RA652206
2303,2022-10-12,04:16:44,prelievo,94.58,311,221,od612541
2304,2015-10-06,08:41:14,deposito,42.51,1110,284,PU824490
2305,2024-04-10,12:46:32,deposito,156.96,586,237,HB012003
2306,2014-06-28,10:10:21,prelievo,174.92,704,201,LY958187
2307,2020-10-13,04:34:27,deposito,177.73,994,238,xP651802
2308,2025-09-08,10:32:35,prelievo,63.85,857,199,gC043514
2309,2026-02-12,17:28:02,deposito,104.44,119,11,Jf571094
2310,2024-05-09,15:30:01,deposito,87.22,933,5,qi152358
2311,2013-04-03,06:13:37,prelievo,57.62,873,33,TX476836
2312,2025-07-24,09:49:01,saldo,,385,196,UK443397
2313,2016-05-24,13:35:40,prelievo,197.72,1072,130,fX001016
2314,2023-09-13,02:45:00,deposito,56.96,1054,187,Xl943099
2315,2023-11-02,09:14:43,saldo,,1128,36,LA512435
2316,2025-06-26,16:51:31,prelievo,55.73,588,62,GW723676
2317,2023-03-05,00:57:46,deposito,62.11,1114,263,Si374605
2318,2026-05-13,04:13:50,deposito,136.54,906,154,it130049
2319,2024-05-07,07:10:21,deposito,182.75,1108,4,Ur630330
2320,2019-11-25,21:49:02,deposito,91.46,989,183,kW532191
2321,2020-11-30,23:21:08,lista_movimenti,,635,243,nt802629
2322,2018-05-17,03:47:25,lista_movimenti,,753,53,xI712968
2323,2024-03-10,17:33:49,saldo,,395,291,uc759901
2324,2023-10-05,00:27:39,deposito,73.69,990,141,hc253896
2325,2024-11-18,21:35:15,saldo,,822,25,uJ519016
2326,2026-01-21,14:04:13,prelievo,194.02,1140,106,Kw431712
2327,2018-02-06,21:38:37,deposito,90.21,347,223,oR911147
2328,2022-05-19,00:41:25,lista_movimenti,,1039,83,DN145486
2329,2024-07-23,17:42:10,deposito,112.2,483,37,RF112903
2330,2025-11-21,19:13:58,prelievo,90.34,1020,38,PZ465362
2331,2023-03-30,11:38:15,saldo,,1185,282,tx806053
2332,2019-11-14,19:26:32,lista_movimenti,,490,211,AA132680
2333,2019-09-21,18:53:11,prelievo,100.72,259,293,JU585456
2334,2017-12-06,16:35:43,prelievo,18.76,223,169,KC959413
2335,2025-02-03,12:28:31,deposito,42.04,906,200,it130049
2336,2023-01-10,07:53:58,prelievo,92.03,1139,279,hf149424
2337,2026-01-01,04:38:34,prelievo,156.55,693,170,SV695472
2338,2021-09-19,16:01:42,prelievo,99.25,193,108,sF138373
2339,2025-06-27,20:46:28,deposito,36.51,885,161,kD004578
2340,2019-07-10,14:25:54,prelievo,162.51,25,279,AQ934320
2341,2021-02-07,06:54:50,saldo,,137,159,Hx279400
2342,2022-02-09,17:10:19,prelievo,31.04,88,29,Jv325918
2343,2024-05-01,02:05:25,prelievo,126.51,392,161,EF103007
2344,2023-06-18,21:12:18,deposito,107.92,426,207,rl162896
2345,2022-03-08,03:55:49,saldo,,846,161,QS796335
2346,2022-01-25,05:44:27,deposito,94.71,796,247,fP140046
2347,2025-01-09,11:17:23,lista_movimenti,,258,298,CX555309
2348,2019-09-20,21:55:26,deposito,26.95,229,152,Of817113
2349,2020-10-05,07:19:17,prelievo,12.25,824,189,OD472528
2350,2025-04-19,17:42:19,saldo,,673,21,yu363595
2351,2020-07-14,08:45:20,prelievo,174.87,693,65,SV695472
2352,2026-04-10,04:41:54,lista_movimenti,,64,19,Hl268003
2353,2025-02-03,18:50:25,deposito,60.53,400,174,bc820268
2354,2024-10-26,18:41:00,prelievo,108.18,753,292,xI712968
2355,2020-05-21,03:46:54,prelievo,193.49,1171,202,Pb698210
2356,2024-05-13,07:32:38,lista_movimenti,,98,129,dD290562
2357,2025-07-20,08:46:46,deposito,137.54,762,284,gs248964
2358,2024-05-19,20:10:00,prelievo,138.61,487,197,NS535369
2359,2023-10-01,00:52:39,lista_movimenti,,1109,127,Yg629950
2360,2023-11-05,09:24:12,prelievo,160.43,122,130,hF448006
2361,2025-10-24,08:15:26,deposito,150.77,1127,251,Js852008
2362,2024-03-29,21:20:40,prelievo,70.23,506,136,iO707360
2363,2023-02-11,18:56:09,saldo,,342,193,NC797332
2364,2012-06-21,01:58:18,lista_movimenti,,1058,43,yi644979
2365,2025-11-02,13:48:43,deposito,131.32,235,131,rG927062
2366,2025-06-15,12:10:46,deposito,179.07,1182,136,LJ127341
2367,2024-10-24,06:23:58,deposito,151.21,218,132,rA102623
2368,2017-12-14,17:37:31,lista_movimenti,,980,285,zI224770
2369,2018-10-17,17:54:45,prelievo,62.32,564,42,jw059766
2370,2022-10-15,23:53:05,prelievo,117.75,707,275,SZ857761
2371,2020-12-11,18:37:47,saldo,,248,135,VW785832
2372,2021-08-23,12:29:24,saldo,,642,246,wD928648
2373,2026-02-17,23:32:18,prelievo,173.42,957,126,dx290892
2374,2025-06-14,05:25:19,deposito,20.21,853,41,bu549157
2375,2026-04-20,00:18:14,deposito,102.12,78,114,Xc965152
2376,2023-06-23,18:32:00,prelievo,106.66,1071,220,Dk496735
2377,2023-09-01,03:54:15,deposito,49.21,137,267,Hx279400
2378,2025-01-17,12:23:31,prelievo,83.71,775,146,kN832751
2379,2022-08-26,17:41:15,prelievo,67.31,468,280,Ti017759
2380,2024-05-13,23:29:45,saldo,,1084,286,wM087977
2381,2025-11-03,07:28:27,prelievo,195.87,754,58,es330579
2382,2015-11-12,06:54:06,saldo,,789,194,IB961263
2383,2021-10-25,01:06:58,saldo,,1189,39,xu943121
2384,2014-07-29,11:11:45,saldo,,1128,222,LA512435
2385,2020-07-17,07:17:38,lista_movimenti,,981,18,Gd346720
2386,2021-09-10,06:47:54,saldo,,537,43,my407161
2387,2023-02-16,20:57:19,prelievo,160.38,470,98,Lm696540
2388,2026-03-07,15:33:40,prelievo,145.13,772,224,yu036854
2389,2025-10-06,19:04:01,deposito,16.64,138,31,bz252009
2390,2021-08-19,16:53:01,prelievo,27.34,717,43,LS493276
2391,2022-11-11,08:55:12,deposito,187.56,394,78,JZ367469
2392,2025-12-17,09:34:20,prelievo,91.28,1127,256,Js852008
2393,2022-11-04,19:54:01,prelievo,194.02,1149,70,vx314059
2394,2022-05-27,08:14:47,deposito,90.27,314,157,XR431449
2395,2022-06-04,12:52:27,deposito,99.71,949,61,tK859754
2396,2022-06-08,17:32:41,prelievo,186.77,457,170,dt046231
2397,2026-02-14,06:46:01,saldo,,377,166,bz198798
2398,2020-12-06,23:53:17,lista_movimenti,,1148,102,zH881822
2399,2024-05-04,15:35:48,deposito,177.92,1120,125,FT220278
2400,2024-10-08,13:37:14,deposito,49.26,21,66,Ct779098
2401,2025-11-22,00:48:28,saldo,,384,195,lt974760
2402,2022-09-13,17:19:03,prelievo,115.07,493,55,cA080952
2403,2022-03-24,08:17:44,saldo,,639,116,jy431161
2404,2015-08-22,15:48:17,prelievo,151.35,686,223,tL382748
2405,2018-10-30,10:02:18,prelievo,153.09,605,240,xl475440
2406,2023-01-21,10:02:46,deposito,186.6,1030,160,uL710316
2407,2020-04-04,03:11:43,deposito,176.56,597,103,Xv194202
2408,2025-05-26,10:03:49,prelievo,191.85,1,225,Kr937521
2409,2022-07-27,17:53:14,deposito,104.7,963,288,qg668102
2410,2024-07-18,08:12:08,deposito,28.93,1073,118,Xy877460
2411,2019-11-14,02:17:46,deposito,102.36,811,268,XA486278
2412,2023-06-26,13:28:06,deposito,63.13,394,50,JZ367469
2413,2018-02-01,12:17:25,prelievo,103.26,1050,185,EK361459
2414,2018-05-18,10:50:28,deposito,178.14,98,68,dD290562
2415,2023-02-07,18:30:37,prelievo,18.01,669,173,XK759483
2416,2023-10-24,14:35:16,deposito,120.95,1200,172,sg130318
2417,2022-05-20,08:26:54,saldo,,962,143,of225929
2418,2020-09-05,05:14:50,prelievo,167.19,1187,23,xo128142
2419,2024-10-02,18:36:12,lista_movimenti,,716,193,BH118138
2420,2014-07-04,02:47:50,deposito,53.03,67,299,Yp484566
2421,2021-04-24,07:06:27,lista_movimenti,,311,133,od612541
2422,2018-01-14,09:44:33,saldo,,631,1,rU109008
2423,2015-04-10,08:06:55,deposito,101.4,1149,19,vx314059
2424,2024-12-23,15:51:54,prelievo,70.78,798,110,nv114486
2425,2022-09-19,22:38:13,saldo,,963,139,qg668102
2426,2025-03-26,17:52:48,deposito,172.45,286,108,co112997
2427,2021-11-13,12:29:35,saldo,,655,181,rv516182
2428,2025-01-14,21:25:34,prelievo,48.99,181,142,Aq043915
2429,2023-05-14,09:36:55,saldo,,603,193,MD910872
2430,2020-11-07,20:15:19,deposito,112.84,300,14,hP694622
2431,2026-04-25,17:18:24,deposito,30.53,694,172,gn819449
2432,2022-11-12,22:07:58,lista_movimenti,,989,300,kW532191
2433,2018-05-14,21:13:20,prelievo,25.62,1165,128,bu038748
2434,2023-09-22,00:34:59,deposito,107.81,18,265,zq360242
2435,2025-08-23,02:30:10,deposito,34.68,567,223,nW478567
2436,2023-02-16,20:19:13,prelievo,23.82,850,179,ra188057
2437,2021-07-16,07:33:03,prelievo,170.69,337,147,IK746274
2438,2025-10-23,06:14:59,prelievo,54.35,111,51,ie259563
2439,2022-01-19,02:48:18,deposito,162.74,879,226,jd038208
2440,2021-07-06,04:31:38,deposito,70.21,988,93,Dw508390
2441,2023-04-11,13:54:16,lista_movimenti,,560,260,SE534125
2442,2025-01-12,19:59:31,lista_movimenti,,1054,151,Xl943099
2443,2019-10-01,07:25:39,deposito,38.94,1152,47,KC264572
2444,2023-10-03,14:57:13,prelievo,142.16,1054,170,Xl943099
2445,2024-06-23,23:44:56,saldo,,881,190,qB159907
2446,2025-07-09,10:21:15,prelievo,36.36,841,155,AK934462
2447,2025-08-02,22:01:01,prelievo,72.67,258,11,CX555309
2448,2020-12-08,10:29:05,prelievo,118.0,737,239,SF325425
2449,2024-01-17,23:13:12,saldo,,219,288,qd982333
2450,2023-11-16,20:47:06,deposito,22.8,542,276,cY205780
2451,2025-06-08,00:30:10,prelievo,159.56,1068,176,KR910501
2452,2025-05-07,21:09:45,deposito,64.24,801,292,zx581123
2453,2023-08-05,09:45:50,prelievo,80.43,1004,275,hM518093
2454,2017-09-09,08:05:19,deposito,108.57,996,255,ZB608610
2455,2023-06-28,12:22:35,deposito,24.63,519,239,kQ808429
2456,2016-07-21,22:09:42,deposito,10.31,700,236,KZ554760
2457,2023-02-06,12:30:38,prelievo,13.92,789,262,IB961263
2458,2025-02-03,03:06:08,deposito,147.98,802,240,NO117837
2459,2024-08-04,18:44:39,prelievo,18.28,992,23,wI668856
2460,2025-06-21,15:33:50,prelievo,139.46,62,101,OQ882200
2461,2025-03-24,13:01:56,deposito,144.63,367,7,dK855155
2462,2020-12-10,18:05:03,saldo,,24,39,RU211254
2463,2020-04-04,07:16:53,deposito,91.92,639,205,jy431161
2464,2023-03-24,13:33:26,deposito,122.08,1071,47,Dk496735
2465,2025-11-29,22:56:35,deposito,126.73,6,31,Mb533097
2466,2022-11-19,19:27:57,prelievo,38.22,184,59,sb580731
2467,2023-12-20,01:28:48,lista_movimenti,,1130,297,yw999567
2468,2022-11-30,22:46:55,lista_movimenti,,212,166,aU113901
2469,2019-05-08,13:15:39,prelievo,95.21,695,184,hL257603
2470,2025-03-03,07:44:18,deposito,176.02,961,45,tH409258
2471,2019-04-26,11:53:55,lista_movimenti,,605,285,xl475440
2472,2022-02-16,11:46:02,prelievo,37.73,69,272,va318500
2473,2023-10-23,15:14:31,lista_movimenti,,115,28,Wt107337
2474,2025-04-11,06:29:48,deposito,186.76,726,34,cf448188
2475,2022-06-12,18:35:49,deposito,43.11,1071,239,Dk496735
2476,2025-04-08,23:17:33,deposito,20.08,103,60,fO984803
2477,2024-06-21,06:45:05,prelievo,70.57,652,67,DG214189
2478,2020-02-05,03:22:14,prelievo,96.7,657,187,za157578
2479,2024-09-30,03:06:11,deposito,59.43,174,240,aE852936
2480,2026-05-12,12:23:03,deposito,103.65,1119,144,Se418183
2481,2022-01-03,23:06:43,prelievo,102.92,174,60,aE852936
2482,2025-09-06,02:26:30,deposito,100.82,863,158,Pq996196
2483,2024-05-30,14:43:23,lista_movimenti,,912,121,PP822890
2484,2024-01-31,02:08:39,deposito,39.97,128,278,Te795155
2485,2013-12-11,02:12:09,deposito,152.44,160,299,kS794698
2486,2024-05-20,14:58:19,prelievo,132.31,333,77,rU458630
2487,2020-07-30,04:48:04,deposito,32.77,314,77,XR431449
2488,2025-01-27,21:55:12,deposito,14.61,762,59,gs248964
2489,2025-07-05,09:24:27,lista_movimenti,,681,116,Lg023896
2490,2016-07-05,21:40:40,deposito,178.78,212,259,aU113901
2491,2025-07-05,21:41:07,prelievo,190.49,1198,203,aq051572
2492,2025-07-19,18:17:53,deposito,32.03,844,133,UQ481602
2493,2021-01-30,08:06:57,lista_movimenti,,820,62,Ll846227
2494,2025-09-20,17:00:53,deposito,39.68,979,54,eV736470
2495,2024-06-11,03:21:12,deposito,170.42,294,49,Mh445460
2496,2024-02-10,22:01:24,deposito,55.44,1101,36,dm931013
2497,2025-01-09,05:48:59,saldo,,989,259,kW532191
2498,2024-06-26,21:34:34,lista_movimenti,,1057,222,CP061307
2499,2022-05-30,14:01:17,deposito,137.1,539,287,jt315874
2500,2017-11-14,09:43:11,prelievo,133.72,995,51,Ht135218
2501,2020-06-22,02:59:16,deposito,82.42,1130,138,yw999567
2502,2020-07-28,13:16:31,prelievo,176.06,447,152,uX775554
2503,2021-11-03,05:46:34,saldo,,907,39,Si656249
2504,2024-11-05,05:11:15,lista_movimenti,,71,94,Qq938432
2505,2024-06-01,18:44:09,prelievo,125.33,103,200,fO984803
2506,2024-02-09,09:50:38,prelievo,98.34,462,24,LB623230
2507,2023-01-28,08:59:40,prelievo,11.08,927,135,Tl519480
2508,2024-01-16,15:08:46,prelievo,53.71,989,65,kW532191
2509,2022-05-14,09:52:16,prelievo,76.61,1146,18,iW785381
2510,2015-04-26,04:42:38,prelievo,97.76,1047,293,WV167333
2511,2022-07-04,04:30:57,prelievo,196.6,535,6,Bu222421
2512,2019-08-08,02:04:41,deposito,133.54,570,66,TB016748
2513,2021-11-12,20:04:04,deposito,141.82,207,128,tV995837
2514,2014-02-24,06:21:22,lista_movimenti,,981,20,Gd346720
2515,2022-06-22,21:41:22,deposito,98.6,74,289,af822300
2516,2019-10-13,20:15:53,deposito,38.38,227,83,jl028502
2517,2023-01-21,22:23:38,deposito,54.3,411,273,PF743607
2518,2018-06-25,04:20:02,lista_movimenti,,457,32,dt046231
2519,2023-09-05,07:55:26,prelievo,103.32,811,210,XA486278
2520,2025-11-28,10:12:21,prelievo,173.72,1179,225,An452480
2521,2021-07-05,14:55:51,prelievo,106.63,483,271,RF112903
2522,2019-02-27,08:35:18,saldo,,649,300,aM947760
2523,2024-04-30,16:08:31,deposito,195.91,129,171,Uo887356
2524,2017-03-20,07:04:50,deposito,116.62,962,111,of225929
2525,2023-10-17,23:48:05,saldo,,1050,283,EK361459
2526,2021-11-13,23:39:45,prelievo,128.56,263,200,ic735384
2527,2025-12-28,14:55:49,prelievo,182.07,95,263,qs076709
2528,2024-08-06,10:01:12,saldo,,482,182,IO521520
2529,2022-10-27,00:51:13,prelievo,13.74,987,101,SU749508
2530,2015-11-26,23:04:40,prelievo,73.41,732,145,pY825420
2531,2019-06-28,02:52:28,saldo,,334,206,vN303032
2532,2022-10-11,19:32:36,prelievo,15.6,761,22,Uz099661
2533,2021-04-23,14:10:41,prelievo,106.16,321,202,Np409420
2534,2018-07-02,12:46:43,prelievo,10.13,960,132,oq084099
2535,2022-05-03,15:24:23,lista_movimenti,,267,294,cq633006
2536,2025-05-19,17:52:11,saldo,,683,297,Su580622
2537,2018-02-12,18:20:22,deposito,163.42,143,72,AD690345
2538,2025-06-06,11:41:46,deposito,99.97,652,205,DG214189
2539,2019-12-07,10:23:02,lista_movimenti,,166,155,tn798770
2540,2024-08-25,02:33:03,prelievo,39.23,497,275,Hj660331
2541,2021-02-27,17:49:22,saldo,,912,83,PP822890
2542,2023-10-14,22:23:33,prelievo,189.91,665,258,kb286657
2543,2023-01-18,06:39:13,deposito,54.53,805,133,YL880408
2544,2020-03-14,16:47:18,deposito,113.87,66,68,NG470289
2545,2021-11-14,00:48:30,deposito,30.25,202,10,zo423152
2546,2024-04-24,07:40:44,prelievo,27.32,187,180,Me898429
2547,2023-03-12,02:16:01,prelievo,63.94,373,217,UI724109
2548,2019-03-17,04:34:37,deposito,172.83,16,3,fQ207597
2549,2020-09-28,02:51:33,prelievo,112.01,862,266,Do126968
2550,2022-03-31,00:47:41,prelievo,84.36,740,99,XL707137
2551,2012-12-14,09:17:44,prelievo,69.94,256,130,RY237051
2552,2019-12-29,15:59:38,deposito,185.84,655,121,rv516182
2553,2022-01-03,23:54:52,prelievo,31.63,1171,263,Pb698210
2554,2026-03-16,03:44:15,prelievo,124.75,829,23,jU828444
2555,2025-03-04,01:56:38,lista_movimenti,,394,246,JZ367469
2556,2017-06-05,18:58:58,prelievo,149.77,76,55,jP159408
2557,2026-01-24,19:48:09,deposito,144.94,681,12,Lg023896
2558,2020-11-07,19:04:12,deposito,55.08,687,245,zk059131
2559,2024-11-22,03:41:38,prelievo,97.57,462,247,LB623230
2560,2019-12-15,13:42:05,prelievo,149.69,755,43,od364286
2561,2023-11-18,21:14:25,deposito,45.32,637,82,Hk718737
2562,2025-06-20,06:33:18,lista_movimenti,,1047,25,WV167333
2563,2018-08-29,08:38:28,prelievo,155.04,994,210,xP651802
2564,2023-12-05,20:07:56,prelievo,116.44,846,247,QS796335
2565,2018-04-26,03:57:34,prelievo,31.17,894,75,dL062242
2566,2024-03-07,02:23:35,prelievo,90.43,167,278,gG114765
2567,2023-07-31,20:35:27,deposito,23.67,44,58,mC350179
2568,2022-09-15,18:16:56,deposito,72.51,1119,143,Se418183
2569,2025-09-29,05:38:32,lista_movimenti,,14,48,zl386815
2570,2018-11-06,13:07:35,deposito,63.23,121,148,Cq701737
2571,2024-10-27,13:09:37,prelievo,167.61,731,150,hv757284
2572,2015-10-11,14:23:45,prelievo,199.53,528,289,QI658949
2573,2025-03-10,15:16:35,prelievo,70.41,921,170,Jr436756
2574,2022-08-23,05:33:06,deposito,118.94,1114,111,Si374605
2575,2019-06-03,16:37:55,deposito,89.04,1154,139,OL183343
2576,2023-08-11,01:28:13,deposito,184.52,663,81,zr716417
2577,2023-01-04,01:36:36,prelievo,43.2,181,3,Aq043915
2578,2023-04-14,20:46:22,saldo,,1028,178,Qe387737
2579,2015-05-25,11:21:02,deposito,67.03,528,66,QI658949
2580,2025-01-28,04:12:05,deposito,77.25,870,237,Zb761079
2581,2022-09-23,06:18:15,prelievo,186.52,991,45,pb041561
2582,2026-01-10,17:23:59,lista_movimenti,,223,30,KC959413
2583,2019-01-27,07:49:40,saldo,,754,134,es330579
2584,2022-05-13,15:20:25,saldo,,413,272,wI003182
2585,2025-05-22,21:25:30,prelievo,193.01,461,124,tA880229
2586,2025-01-03,04:46:13,deposito,12.88,944,197,li937953
2587,2015-04-24,18:46:45,deposito,136.78,695,187,hL257603
2588,2020-02-02,01:03:25,lista_movimenti,,1067,257,yo900724
2589,2020-09-19,02:20:04,prelievo,33.65,1044,92,hV911640
2590,2025-11-15,05:09:04,lista_movimenti,,111,123,ie259563
2591,2019-11-25,10:37:26,deposito,161.85,238,129,BA420391
2592,2017-10-20,04:27:38,deposito,176.92,724,104,Ve878154
2593,2019-02-10,15:28:00,deposito,61.31,712,141,tv905159
2594,2025-08-12,13:55:32,prelievo,175.36,123,39,UC358426
2595,2020-10-20,20:45:29,prelievo,13.76,695,88,hL257603
2596,2023-01-21,15:19:34,lista_movimenti,,1157,3,Sn660534
2597,2025-04-26,19:17:01,deposito,140.59,854,108,My114455
2598,2018-11-19,18:31:26,prelievo,89.45,172,262,oE768132
2599,2023-08-29,09:27:07,deposito,185.39,514,175,Ps863192
2600,2026-04-17,21:27:53,saldo,,970,124,qr685854
2601,2024-11-16,12:07:43,prelievo,130.4,87,150,jy557244
2602,2024-12-06,20:54:25,deposito,130.06,875,229,bY805509
2603,2024-04-21,11:35:03,deposito,46.89,762,137,gs248964
2604,2025-01-05,04:07:52,deposito,174.72,772,16,yu036854
2605,2018-03-13,00:41:24,saldo,,331,83,Yr503074
2606,2025-10-14,01:33:04,saldo,,1028,259,Qe387737
2607,2024-07-11,01:39:16,deposito,195.01,790,185,Ni496698
2608,2019-07-13,18:38:29,deposito,75.23,305,160,Bn256975
2609,2013-01-09,15:12:10,deposito,143.27,983,108,ix440725
2610,2017-02-26,08:05:10,deposito,43.03,678,174,iY549397
2611,2016-04-01,07:24:18,prelievo,174.15,966,60,ES861072
2612,2018-08-24,12:05:52,prelievo,92.18,24,128,RU211254
2613,2022-11-01,23:38:13,lista_movimenti,,208,124,jL779780
2614,2020-06-08,11:26:10,deposito,89.37,1162,99,Qo689553
2615,2023-08-28,04:40:14,prelievo,162.32,472,71,lF310232
2616,2025-04-12,09:41:52,deposito,43.83,1,279,Kr937521
2617,2019-07-05,06:05:05,deposito,139.7,481,50,eL802352
2618,2021-05-28,05:21:20,deposito,185.57,516,51,by901269
2619,2017-07-13,00:54:50,lista_movimenti,,755,60,od364286
2620,2011-12-15,03:47:55,deposito,94.69,121,198,Cq701737
2621,2024-08-10,02:59:13,deposito,160.73,225,210,mN780589
2622,2013-12-25,18:15:33,deposito,16.86,488,127,zd589532
2623,2024-02-02,17:23:49,saldo,,1071,123,Dk496735
2624,2025-12-06,15:29:45,deposito,38.41,1122,148,ua979952
2625,2024-02-26,00:11:07,deposito,145.35,988,78,Dw508390
2626,2021-06-23,22:18:17,saldo,,296,25,Yf816774
2627,2023-07-26,16:35:18,prelievo,48.12,1014,180,Kj409420
2628,2016-01-28,07:41:06,prelievo,157.39,555,158,Bc160849
2629,2024-09-07,00:46:43,lista_movimenti,,836,53,Iq692534
2630,2022-07-02,18:03:20,deposito,10.31,731,10,hv757284
2631,2025-06-08,04:38:31,prelievo,30.26,392,283,EF103007
2632,2022-04-25,22:06:29,deposito,84.96,129,200,Uo887356
2633,2023-09-06,23:43:11,prelievo,163.65,15,89,jB657538
2634,2018-09-25,14:02:25,prelievo,100.88,32,167,Ig173763
2635,2020-09-09,03:37:56,deposito,29.25,161,37,Xa470418
2636,2016-04-01,10:25:41,prelievo,154.04,740,113,XL707137
2637,2025-03-08,01:20:26,saldo,,314,44,XR431449
2638,2023-06-02,07:54:01,prelievo,76.31,436,14,el873252
2639,2017-05-18,20:11:10,deposito,146.48,951,130,pr814805
2640,2025-09-16,16:33:17,deposito,102.79,868,35,xp147975
2641,2020-08-24,06:07:22,deposito,152.41,215,6,nh269517
2642,2020-09-09,08:26:04,prelievo,184.3,311,148,od612541
2643,2022-12-29,20:43:10,deposito,19.58,720,72,Ck708951
2644,2025-09-22,05:43:35,prelievo,55.59,321,115,Np409420
2645,2023-02-15,16:59:35,prelievo,169.64,302,19,FS475878
2646,2022-10-25,06:16:07,prelievo,178.68,1182,176,LJ127341
2647,2014-12-01,08:55:06,prelievo,73.4,535,292,Bu222421
2648,2016-05-16,05:36:15,deposito,103.83,757,189,sz721489
2649,2023-06-08,06:04:06,deposito,116.27,1140,164,Kw431712
2650,2024-05-25,01:50:32,saldo,,1140,235,Kw431712
2651,2021-12-16,22:58:31,deposito,83.84,875,1,bY805509
2652,2023-08-17,23:42:43,deposito,166.07,309,54,AY709126
2653,2022-06-18,22:26:09,deposito,193.93,315,93,LL409499
2654,2012-05-25,18:06:25,prelievo,172.82,700,155,KZ554760
2655,2026-03-15,06:25:24,deposito,54.38,174,23,aE852936
2656,2026-02-07,03:48:11,lista_movimenti,,398,285,yz311053
2657,2022-08-31,19:04:32,prelievo,41.32,725,17,Qs637803
2658,2021-10-25,20:44:17,deposito,161.38,717,238,LS493276
2659,2025-05-11,05:24:38,deposito,41.64,1196,117,Lc310885
2660,2022-10-10,16:00:58,deposito,129.87,337,57,IK746274
2661,2025-03-25,07:10:12,deposito,187.99,976,165,Pq679811
2662,2025-01-14,13:17:54,lista_movimenti,,462,67,LB623230
2663,2025-09-27,08:36:27,prelievo,92.06,108,6,qB429057
2664,2016-05-11,02:24:18,prelievo,13.01,162,263,AU524344
2665,2025-02-28,15:38:07,deposito,168.63,1167,66,YV046967
2666,2020-02-21,08:55:59,prelievo,156.47,1019,186,hX191650
2667,2022-03-02,07:14:48,lista_movimenti,,702,71,bD060463
2668,2022-03-27,02:46:58,deposito,99.29,186,14,YO863486
2669,2021-03-14,05:25:17,prelievo,147.87,280,26,qp316800
2670,2026-01-15,01:01:33,deposito,138.11,705,271,qu870265
2671,2025-10-10,23:35:22,saldo,,1185,144,tx806053
2672,2026-03-01,04:27:04,prelievo,154.63,660,232,jY201836
2673,2020-01-11,20:24:25,deposito,141.61,531,158,jt809431
2674,2021-11-02,04:41:26,prelievo,53.28,941,214,Zz733033
2675,2026-02-08,17:19:04,deposito,47.6,610,3,bP156584
2676,2024-10-09,21:52:42,deposito,186.95,130,175,FM266022
2677,2017-11-22,19:28:05,prelievo,69.33,538,7,XN507608
2678,2025-08-17,21:36:19,prelievo,103.28,535,145,Bu222421
2679,2012-01-24,13:21:45,prelievo,42.13,297,294,jf983145
2680,2025-05-05,10:52:43,deposito,62.94,907,17,Si656249
2681,2019-10-05,23:34:51,prelievo,27.12,75,101,KG028766
2682,2025-07-14,05:46:47,prelievo,100.88,1183,103,YZ657359
2683,2023-11-03,02:43:37,deposito,37.52,230,10,Pa383066
2684,2020-01-09,22:22:47,prelievo,105.87,683,297,Su580622
2685,2016-05-20,22:47:37,lista_movimenti,,81,147,EJ330568
2686,2022-09-22,11:30:31,prelievo,151.8,1031,197,dv995602
2687,2020-05-24,02:19:55,deposito,122.73,739,195,yR196908
2688,2019-12-22,10:15:18,prelievo,134.57,44,34,mC350179
2689,2023-07-02,06:44:37,lista_movimenti,,725,45,Qs637803
2690,2024-01-12,16:45:23,saldo,,176,296,jK495738
2691,2020-03-11,03:47:47,prelievo,116.31,143,145,AD690345
2692,2023-12-08,21:04:31,prelievo,83.47,869,197,Uq601587
2693,2018-09-18,23:56:29,deposito,37.16,931,168,FE691835
2694,2021-11-14,13:47:56,lista_movimenti,,1158,129,DB955466
2695,2025-01-17,06:23:47,deposito,195.54,272,60,gT041205
2696,2017-12-26,17:13:53,lista_movimenti,,514,178,Ps863192
2697,2025-01-19,19:19:51,prelievo,144.14,881,171,qB159907
2698,2016-03-06,00:07:22,saldo,,855,33,tP142303
2699,2022-04-19,16:29:27,deposito,91.98,969,205,YU658427
2700,2021-09-20,08:55:18,deposito,142.93,1009,296,ho830970
2701,2021-09-30,00:07:02,deposito,122.31,580,292,Hd443222
2702,2016-11-27,11:37:08,deposito,193.47,12,237,dJ053367
2703,2014-05-29,09:38:51,deposito,76.05,12,80,dJ053367
2704,2021-12-07,15:08:07,prelievo,106.83,311,6,od612541
2705,2022-03-17,15:04:57,deposito,117.08,716,98,BH118138
2706,2025-04-25,19:58:59,prelievo,36.18,420,35,Nt155192
2707,2022-09-24,09:34:26,prelievo,24.76,230,294,Pa383066
2708,2019-10-24,10:06:41,prelievo,57.01,923,134,Io874310
2709,2021-01-17,16:11:22,prelievo,115.89,1019,233,hX191650
2710,2024-01-14,13:23:19,deposito,124.62,830,157,jq718409
2711,2023-05-14,05:42:53,deposito,62.4,691,6,Pd126645
2712,2014-07-03,15:06:42,lista_movimenti,,888,71,RN445012
2713,2012-11-24,20:37:33,prelievo,47.28,1181,202,IW372126
2714,2026-05-09,22:23:48,deposito,80.84,1084,56,wM087977
2715,2025-09-25,05:18:28,saldo,,496,85,mj431401
2716,2024-05-23,12:35:25,deposito,65.14,748,179,DB529952
2717,2024-10-01,23:06:50,prelievo,177.84,130,3,FM266022
2718,2024-01-11,14:23:42,prelievo,92.94,876,101,VE382295
2719,2017-04-01,14:42:40,lista_movimenti,,780,10,sk731686
2720,2024-08-21,02:47:53,prelievo,187.59,607,274,fu168619
2721,2023-09-25,14:12:43,lista_movimenti,,941,21,Zz733033
2722,2020-08-08,16:35:23,saldo,,927,44,Tl519480
2723,2016-05-05,12:01:03,prelievo,194.75,1133,226,yo654063
2724,2019-07-22,22:56:20,deposito,62.03,131,174,GT579522
2725,2024-09-04,13:07:14,saldo,,1077,169,mK469864
2726,2023-03-31,05:50:32,deposito,146.8,157,202,qh574390
2727,2024-11-24,10:16:35,deposito,107.43,211,245,tS675776
2728,2023-01-21,16:41:59,deposito,119.57,373,184,UI724109
2729,2023-07-12,01:38:03,prelievo,139.84,261,113,Cr073637
2730,2015-10-25,02:27:18,deposito,141.1,724,70,Ve878154
2731,2025-12-31,23:43:26,lista_movimenti,,786,299,gi657254
2732,2025-11-27,18:11:44,prelievo,79.3,75,130,KG028766
2733,2017-12-24,02:51:55,prelievo,82.44,17,82,xk238573
2734,2024-04-15,17:50:20,deposito,183.08,725,186,Qs637803
2735,2023-09-12,01:01:06,saldo,,989,116,kW532191
2736,2019-02-10,10:15:49,deposito,146.22,145,194,MF762974
2737,2026-03-16,20:46:52,deposito,140.34,338,67,wb645545
2738,2025-08-29,16:38:15,lista_movimenti,,141,104,dG623498
2739,2019-07-22,18:57:03,lista_movimenti,,1144,249,vg612522
2740,2023-11-11,07:11:40,saldo,,701,156,BM353526
2741,2024-07-03,08:19:11,prelievo,56.24,1190,192,EH922865
2742,2021-03-07,07:37:33,deposito,133.28,855,8,tP142303
2743,2024-02-02,21:11:11,lista_movimenti,,668,219,JO652237
2744,2024-11-03,00:08:46,deposito,15.47,457,130,dt046231
2745,2024-03-07,04:51:34,saldo,,804,127,NR877461
2746,2022-04-23,08:12:10,prelievo,83.63,984,97,iR911000
2747,2025-05-24,20:18:03,lista_movimenti,,1070,126,WO447305
2748,2020-07-01,23:58:50,deposito,188.91,270,87,Oy876662
2749,2023-03-05,09:28:48,prelievo,45.32,491,67,aU264587
2750,2025-08-09,00:32:26,deposito,180.61,1064,89,fZ215909
2751,2021-04-14,19:54:11,prelievo,17.01,659,176,pS222156
2752,2023-12-06,22:40:47,lista_movimenti,,225,267,mN780589
2753,2024-04-14,17:04:12,lista_movimenti,,693,32,SV695472
2754,2020-09-13,18:27:57,prelievo,172.88,788,274,Fc865300
2755,2021-10-05,01:54:15,deposito,30.05,1136,194,ei795202
2756,2018-10-13,09:38:38,prelievo,162.48,278,120,vv334835
2757,2022-03-12,17:41:26,saldo,,312,33,pL086551
2758,2025-11-04,07:10:14,lista_movimenti,,167,94,gG114765
2759,2025-09-10,03:19:15,deposito,71.59,1199,184,fD200806
2760,2024-01-02,08:33:11,prelievo,149.14,367,196,dK855155
2761,2014-05-16,09:42:06,deposito,79.79,679,218,Hr752388
2762,2021-02-02,03:25:06,saldo,,533,169,yd344027
2763,2023-07-16,05:25:42,saldo,,284,161,ZR076100
2764,2023-01-21,02:21:29,deposito,33.94,391,299,Vj240239
2765,2026-03-10,15:54:47,prelievo,15.63,404,205,ak093372
2766,2022-11-07,00:31:05,prelievo,197.52,732,240,pY825420
2767,2024-03-29,21:51:16,prelievo,113.92,1100,97,gI125795
2768,2025-05-20,18:08:20,deposito,166.04,726,187,cf448188
2769,2025-12-20,21:03:51,prelievo,144.24,159,81,ZZ571433
2770,2024-06-13,15:15:28,prelievo,45.2,187,197,Me898429
2771,2024-08-02,18:25:43,deposito,42.1,1189,210,xu943121
2772,2019-05-15,23:57:12,saldo,,603,89,MD910872
2773,2026-03-15,16:04:37,prelievo,59.88,135,146,mN857974
2774,2013-03-16,19:04:29,prelievo,134.34,1063,39,ml256657
2775,2024-02-13,02:05:15,prelievo,169.62,170,185,eM893847
2776,2024-02-15,08:27:13,saldo,,194,220,Dp752391
2777,2023-06-18,12:53:54,saldo,,946,1,EV203115
2778,2023-11-05,19:17:35,deposito,126.37,985,87,tC026274
2779,2016-07-01,17:14:26,saldo,,121,96,Cq701737
2780,2019-08-24,04:20:20,prelievo,84.4,299,136,NS978939
2781,2022-09-26,05:47:58,deposito,106.86,301,132,aU233191
2782,2012-08-30,09:14:51,lista_movimenti,,678,204,iY549397
2783,2026-01-02,05:09:34,prelievo,29.65,831,246,iz149965
2784,2024-06-12,01:16:28,saldo,,907,85,Si656249
2785,2024-01-14,09:11:47,deposito,41.41,1016,109,zU498885
2786,2022-02-23,02:26:42,deposito,93.14,986,19,tr946002
2787,2023-08-08,23:50:48,deposito,107.68,716,142,BH118138
2788,2023-02-10,22:44:43,prelievo,134.32,716,48,BH118138
2789,2018-08-12,09:04:54,lista_movimenti,,303,9,jL996308
2790,2021-03-21,04:08:59,deposito,169.12,664,125,fy283969
2791,2022-04-02,22:14:33,deposito,160.12,554,43,wi212958
2792,2025-10-19,19:32:57,deposito,26.54,1100,82,gI125795
2793,2019-03-10,12:25:37,prelievo,172.52,1175,148,eK966435
2794,2025-08-11,03:33:53,lista_movimenti,,956,83,Dm394360
2795,2024-12-17,05:07:37,prelievo,192.62,298,269,qx970106
2796,2020-04-10,19:09:05,prelievo,185.13,91,200,qw964992
2797,2025-09-20,23:36:09,lista_movimenti,,89,116,BZ035284
2798,2026-03-23,05:27:49,prelievo,155.33,1118,1,WF512285
2799,2022-10-21,01:59:31,prelievo,30.73,390,266,DK217459
2800,2018-02-02,03:43:49,deposito,105.95,132,58,pm475372
2801,2026-03-17,14:25:24,prelievo,72.32,1096,55,kl662302
2802,2025-01-30,23:15:53,prelievo,186.82,199,75,ZO150145
2803,2025-10-23,11:58:13,prelievo,139.47,629,216,Lb611362
2804,2021-01-01,20:15:28,deposito,93.29,279,5,Xh076423
2805,2018-12-06,13:01:34,deposito,108.03,99,219,XL766417
2806,2025-03-28,00:37:14,saldo,,392,46,EF103007
2807,2024-09-24,08:10:21,prelievo,22.43,47,167,ra708122
2808,2023-09-18,12:31:46,lista_movimenti,,1105,255,GC955349
2809,2021-05-04,08:54:24,deposito,125.21,617,51,au473245
2810,2015-10-14,16:35:19,deposito,179.11,166,268,tn798770
2811,2024-09-04,21:23:41,lista_movimenti,,1146,102,iW785381
2812,2024-03-22,01:18:13,deposito,38.24,589,130,xf823982
2813,2019-09-28,00:41:03,lista_movimenti,,829,283,jU828444
2814,2016-11-10,23:35:37,saldo,,864,180,PO015467
2815,2026-01-21,06:26:28,prelievo,171.14,167,176,gG114765
2816,2025-08-19,11:51:19,deposito,100.22,192,186,pj805928
2817,2023-01-31,16:43:21,saldo,,130,71,FM266022
2818,2017-12-23,19:17:53,prelievo,92.92,94,41,OG342686
2819,2026-02-23,01:09:46,prelievo,118.7,567,245,nW478567
2820,2024-11-14,14:08:19,prelievo,13.26,1140,228,Kw431712
2821,2025-11-19,17:30:17,deposito,12.0,1008,241,HX846311
2822,2019-12-14,01:26:07,deposito,43.16,271,300,iC021125
2823,2025-01-10,13:42:19,saldo,,991,249,pb041561
2824,2024-03-24,23:51:57,saldo,,38,219,il026142
2825,2023-08-29,16:10:40,deposito,124.74,1044,230,hV911640
2826,2023-02-26,18:26:26,prelievo,198.1,617,135,au473245
2827,2023-01-05,04:46:37,deposito,12.98,1031,270,dv995602
2828,2019-05-14,16:46:49,prelievo,182.99,865,227,Is436878
2829,2023-09-02,12:44:19,deposito,126.06,265,264,Go119412
2830,2015-02-05,19:25:02,prelievo,198.83,469,127,WM351496
2831,2021-03-11,18:51:50,deposito,124.68,739,54,yR196908
2832,2023-07-04,14:47:44,deposito,45.19,1034,130,ct634978
2833,2018-04-29,20:43:22,saldo,,283,62,Tp680817
2834,2026-03-21,16:41:14,deposito,171.24,475,291,RA652206
2835,2024-04-17,05:42:58,prelievo,141.64,933,142,qi152358
2836,2023-05-09,20:52:09,deposito,170.19,35,232,cc360209
2837,2015-08-21,20:58:09,deposito,17.08,929,167,fn154182
2838,2026-02-17,15:20:38,deposito,189.09,497,175,Hj660331
2839,2012-08-30,14:28:52,deposito,57.92,862,130,Do126968
2840,2022-05-16,21:08:33,saldo,,851,18,dO192214
2841,2019-09-24,18:06:06,prelievo,77.08,30,138,ni811078
2842,2025-01-17,17:50:26,saldo,,368,52,hD686501
2843,2024-07-08,00:27:35,lista_movimenti,,267,21,cq633006
2844,2025-09-30,03:26:21,deposito,69.87,577,280,wG190726
2845,2015-07-03,20:31:51,saldo,,305,46,Bn256975
2846,2013-10-01,17:17:38,deposito,66.9,263,262,ic735384
2847,2025-10-17,10:46:32,deposito,199.31,306,288,nN959712
2848,2022-05-23,13:04:24,deposito,37.24,438,153,uG743017
2849,2020-03-04,11:30:30,deposito,135.57,147,280,AK217913
2850,2018-10-17,12:17:28,prelievo,194.48,1007,240,Sj076857
2851,2023-12-17,05:43:23,saldo,,698,102,ML590757
2852,2023-09-05,16:42:00,prelievo,72.82,870,170,Zb761079
2853,2023-08-19,02:10:54,saldo,,957,269,dx290892
2854,2023-03-24,11:08:51,prelievo,18.23,41,241,PM740005
2855,2023-02-16,03:01:02,prelievo,188.24,590,29,yb347850
2856,2022-06-15,05:43:59,prelievo,97.68,44,275,mC350179
2857,2016-09-06,09:32:16,saldo,,666,233,iD191270
2858,2025-08-13,17:55:06,prelievo,97.17,1066,100,XA525353
2859,2021-09-18,04:26:02,deposito,31.83,121,101,Cq701737
2860,2022-08-29,03:47:50,saldo,,472,212,lF310232
2861,2015-02-02,23:02:17,lista_movimenti,,81,147,EJ330568
2862,2015-01-13,01:52:02,deposito,169.06,1186,161,DS360396
2863,2022-06-05,06:19:38,prelievo,178.14,245,38,Kn021481
2864,2024-11-02,05:41:12,deposito,117.85,773,176,xs062719
2865,2022-05-03,04:51:11,prelievo,93.06,98,167,dD290562
2866,2022-10-26,23:38:51,prelievo,13.88,1014,230,Kj409420
2867,2023-03-10,17:37:38,saldo,,112,178,xR685544
2868,2023-01-19,21:17:09,deposito,33.64,184,26,sb580731
2869,2014-04-04,02:57:54,saldo,,254,131,Bg227391
2870,2023-10-30,10:02:13,deposito,150.33,88,4,Jv325918
2871,2020-01-21,03:25:11,deposito,43.77,870,262,Zb761079
2872,2024-10-30,22:16:08,prelievo,89.41,715,183,EY159838
2873,2021-12-17,14:58:28,saldo,,836,284,Iq692534
2874,2023-05-12,04:59:03,deposito,13.08,288,146,aj618924
2875,2022-07-12,20:34:18,prelievo,190.36,671,118,TQ799482
2876,2023-10-07,15:01:42,lista_movimenti,,229,234,Of817113
2877,2023-01-26,19:25:28,prelievo,23.56,683,224,Su580622
2878,2019-08-11,07:44:17,deposito,132.12,584,118,yx786339
2879,2021-02-17,10:17:24,deposito,121.28,325,49,ZV821070
2880,2024-09-05,10:20:54,saldo,,479,32,cy083645
2881,2025-06-22,09:17:45,prelievo,58.78,1013,150,vY990324
2882,2021-04-02,22:31:41,deposito,73.7,603,288,MD910872
2883,2023-11-17,03:43:42,deposito,49.86,792,242,Wd120932
2884,2021-03-08,04:43:46,deposito,161.31,141,214,dG623498
2885,2025-08-20,15:19:58,prelievo,198.85,822,212,uJ519016
2886,2016-03-04,06:35:53,prelievo,100.04,166,195,tn798770
2887,2021-02-07,16:14:20,prelievo,153.55,779,70,yF840729
2888,2024-10-01,09:39:04,prelievo,94.93,1130,225,yw999567
2889,2023-03-07,03:04:59,deposito,159.48,965,170,nr798617
2890,2025-07-07,08:48:37,saldo,,1022,260,mr309085
2891,2024-09-06,20:40:45,deposito,126.65,1148,64,zH881822
2892,2022-08-18,10:35:13,lista_movimenti,,1029,246,mt182957
2893,2012-06-07,12:44:28,deposito,76.76,712,35,tv905159
2894,2017-10-16,03:32:30,prelievo,143.55,482,139,IO521520
2895,2026-04-29,02:24:34,lista_movimenti,,1123,269,Vs428980
2896,2022-11-20,16:19:14,saldo,,893,171,Hk597267
2897,2016-06-16,00:16:04,prelievo,185.13,677,157,sR730774
2898,2022-02-21,10:37:56,lista_movimenti,,546,86,Tr758097
2899,2016-01-11,00:58:06,prelievo,31.83,1131,248,HE763262
2900,2016-12-20,16:49:08,deposito,47.36,1158,290,DB955466
2901,2020-12-20,21:48:29,prelievo,14.71,742,56,lp299919
2902,2021-10-10,12:28:38,prelievo,125.74,1035,23,RP791352
2903,2019-03-06,15:34:45,lista_movimenti,,43,32,yJ510749
2904,2024-04-01,12:58:27,prelievo,21.39,1035,252,RP791352
2905,2021-04-25,09:42:28,prelievo,24.14,150,99,vN665993
2906,2024-12-25,08:38:11,lista_movimenti,,134,98,BW088293
2907,2022-11-08,16:35:53,deposito,44.16,1150,133,QG071620
2908,2025-07-23,17:59:23,lista_movimenti,,497,147,Hj660331
2909,2026-01-16,19:58:36,prelievo,35.91,311,13,od612541
2910,2025-12-06,07:52:58,prelievo,71.34,1179,224,An452480
2911,2024-07-09,03:37:41,prelievo,37.58,493,22,cA080952
2912,2015-03-03,15:58:16,prelievo,178.15,939,142,PZ716515
2913,2020-09-18,14:43:01,deposito,156.63,211,268,tS675776
2914,2025-04-08,03:34:54,deposito,84.63,116,239,ir700674
2915,2016-12-06,08:40:03,deposito,131.64,257,15,Ak784097
2916,2024-08-17,05:38:12,deposito,123.04,876,205,VE382295
2917,2023-05-19,13:30:47,deposito,196.0,536,217,Dv935647
2918,2022-06-22,04:13:26,deposito,148.65,23,217,Kv616996
2919,2023-07-28,04:38:46,lista_movimenti,,36,154,xw344115
2920,2023-05-29,20:18:37,deposito,121.08,468,179,Ti017759
2921,2020-06-03,03:09:04,prelievo,23.37,40,258,IJ886211
2922,2018-07-14,15:29:56,saldo,,32,159,Ig173763
2923,2017-05-03,04:37:58,saldo,,1175,182,eK966435
2924,2017-11-21,23:23:18,deposito,94.58,774,22,ph732639
2925,2014-10-19,07:05:06,saldo,,997,169,vS112237
2926,2023-09-01,21:55:36,saldo,,536,139,Dv935647
2927,2024-08-16,05:37:58,saldo,,1170,246,Db002824
2928,2020-12-21,16:46:20,deposito,187.24,435,153,Eu853472
2929,2013-05-05,08:20:31,deposito,169.63,248,158,VW785832
2930,2025-07-24,15:46:15,lista_movimenti,,810,49,zD075970
2931,2021-04-13,01:02:02,deposito,38.75,846,142,QS796335
2932,2022-07-30,09:52:21,saldo,,507,56,Hp708117
2933,2025-04-14,21:03:23,deposito,49.31,233,144,Yg954846
2934,2025-01-27,19:21:29,lista_movimenti,,1171,24,Pb698210
2935,2025-08-12,04:26:46,prelievo,107.11,616,222,cG636261
2936,2025-03-24,18:36:10,saldo,,1085,91,qj150655
2937,2018-03-26,10:37:08,lista_movimenti,,624,95,Fh485201
2938,2021-07-24,18:36:50,lista_movimenti,,820,220,Ll846227
2939,2024-03-10,04:40:11,prelievo,108.63,1074,15,Sc154818
2940,2025-05-25,07:38:52,deposito,22.18,306,184,nN959712
2941,2024-11-24,08:26:15,prelievo,133.53,185,230,FI746949
2942,2025-08-07,23:46:34,prelievo,170.16,750,63,eS158534
2943,2015-09-16,07:38:34,deposito,75.1,375,171,la332278
2944,2025-10-26,00:46:31,prelievo,48.36,948,125,VG308634
2945,2023-11-05,19:11:03,deposito,42.94,1017,10,qe525232
2946,2021-03-07,08:00:19,saldo,,228,121,mp276755
2947,2026-04-25,07:03:48,prelievo,27.21,147,84,AK217913
2948,2022-02-01,11:01:11,deposito,152.72,167,38,gG114765
2949,2016-12-29,03:18:00,deposito,127.54,1050,264,EK361459
2950,2024-11-17,20:13:20,lista_movimenti,,719,135,Ac326834
2951,2026-02-01,06:19:18,prelievo,139.68,317,139,dw906742
2952,2020-04-07,04:38:55,prelievo,174.35,1130,183,yw999567
2953,2016-02-16,17:21:36,deposito,199.58,1149,16,vx314059
2954,2026-02-19,11:39:24,lista_movimenti,,657,182,za157578
2955,2023-08-09,09:46:17,prelievo,184.51,290,223,Wx718192
2956,2024-06-02,07:46:14,lista_movimenti,,301,188,aU233191
2957,2024-12-04,14:08:12,deposito,173.03,786,142,gi657254
2958,2023-01-13,02:36:16,deposito,186.82,774,161,ph732639
2959,2022-03-02,18:50:09,deposito,174.03,891,150,kI528431
2960,2024-08-07,13:12:22,prelievo,133.99,1108,186,Ur630330
2961,2018-02-03,21:30:05,deposito,55.74,384,276,lt974760
2962,2017-09-05,02:12:02,prelievo,32.01,526,290,UK874121
2963,2022-12-26,16:35:13,deposito,184.63,262,199,uI667069
2964,2022-02-14,17:28:55,prelievo,109.06,523,295,Nl703697
2965,2023-08-26,16:00:34,deposito,198.19,686,46,tL382748
2966,2021-12-15,10:35:26,saldo,,42,43,qK999153
2967,2022-02-16,04:39:07,prelievo,160.33,472,84,lF310232
2968,2026-04-05,03:06:56,prelievo,191.5,960,30,oq084099
2969,2025-12-18,15:09:15,lista_movimenti,,224,146,OE411324
2970,2026-03-30,10:42:40,prelievo,47.19,1138,168,Bn553352
2971,2024-11-20,17:40:10,prelievo,91.08,175,183,LD982891
2972,2025-04-03,00:52:27,deposito,137.9,338,159,wb645545
2973,2022-10-20,04:33:58,saldo,,966,232,ES861072
2974,2021-11-26,18:14:09,prelievo,81.75,225,118,mN780589
2975,2025-12-23,10:44:03,lista_movimenti,,123,161,UC358426
2976,2019-01-18,18:52:23,deposito,17.67,650,6,AL842856
2977,2023-06-28,08:51:02,prelievo,190.19,740,131,XL707137
2978,2021-08-15,14:52:48,prelievo,15.66,362,131,gF507004
2979,2020-09-03,10:49:55,saldo,,229,91,Of817113
2980,2026-01-08,17:04:16,prelievo,181.07,594,73,mR705225
2981,2020-06-01,13:03:34,deposito,70.9,442,110,yt823356
2982,2020-09-17,19:50:23,prelievo,194.03,288,155,aj618924
2983,2026-03-02,19:09:48,deposito,161.12,8,165,mK552103
2984,2022-05-05,06:54:03,deposito,11.67,956,135,Dm394360
2985,2024-12-02,07:10:37,prelievo,170.49,90,140,Hn730442
2986,2023-01-12,07:42:37,deposito,126.69,68,136,xO594286
2987,2025-02-17,07:03:19,deposito,53.08,709,271,Fq907553
2988,2019-01-27,02:17:37,deposito,123.83,1145,84,ff119460
2989,2021-01-23,22:31:56,deposito,147.98,240,86,tX230004
2990,2018-08-25,17:38:56,deposito,51.86,1142,31,ud181367
2991,2026-02-17,22:36:39,saldo,,747,222,FG019868
2992,2019-09-19,11:32:33,prelievo,26.25,908,128,Jn777679
2993,2024-11-16,15:30:24,deposito,128.36,891,151,kI528431
2994,2019-11-21,11:56:31,deposito,184.36,851,11,dO192214
2995,2016-08-25,04:32:41,deposito,71.31,780,209,sk731686
2996,2020-04-28,17:01:05,saldo,,674,177,yU404660
2997,2024-09-02,19:46:08,deposito,87.48,1022,37,mr309085
2998,2018-08-08,05:43:29,deposito,182.86,492,103,Db015283
2999,2018-01-26,00:50:00,saldo,,620,160,pO809799
3000,2018-07-27,23:27:10,deposito,74.01,933,252,qi152358
3001,2023-08-26,10:02:13,lista_movimenti,,1074,279,Sc154818
3002,2025-12-26,13:32:55,prelievo,39.82,77,182,Wu835472
3003,2023-04-14,04:05:40,deposito,150.35,925,258,fd940196
3004,2025-09-26,04:02:03,deposito,162.11,179,76,Nk544670
3005,2016-04-22,15:14:41,prelievo,50.49,722,111,SL697117
3006,2021-01-21,21:24:19,lista_movimenti,,23,31,Kv616996
3007,2023-02-17,11:49:21,prelievo,175.85,130,228,FM266022
3008,2024-02-01,04:46:23,prelievo,133.26,69,47,va318500
3009,2024-01-16,12:30:27,deposito,83.65,319,151,nC549438
3010,2017-09-20,09:47:20,saldo,,379,183,UA644901
3011,2023-12-12,19:37:57,prelievo,17.61,147,93,AK217913
3012,2024-08-11,20:09:43,deposito,67.95,933,275,qi152358
3013,2020-11-04,19:16:04,prelievo,152.18,837,3,iq967330
3014,2025-09-19,14:48:54,saldo,,789,224,IB961263
3015,2023-11-24,17:38:28,saldo,,1106,135,yg261697
3016,2025-01-07,22:56:30,deposito,47.05,655,130,rv516182
3017,2024-06-28,02:04:25,prelievo,172.82,382,130,UR223914
3018,2015-09-13,09:00:51,deposito,49.06,33,25,nP645601
3019,2020-03-14,00:05:02,prelievo,112.76,655,278,rv516182
3020,2025-02-28,01:55:16,prelievo,98.7,286,210,co112997
3021,2018-07-03,16:16:12,prelievo,141.42,881,11,qB159907
3022,2023-03-12,19:43:16,prelievo,60.53,184,258,sb580731
3023,2019-08-22,07:56:25,prelievo,100.09,517,192,aJ952726
3024,2017-10-28,01:37:55,prelievo,13.7,718,106,Mt154953
3025,2019-10-13,23:17:19,deposito,98.85,557,17,pj936322
3026,2015-03-24,12:10:50,lista_movimenti,,427,141,rR690371
3027,2021-11-13,21:06:24,deposito,84.29,709,265,Fq907553
3028,2025-11-10,02:34:44,deposito,139.77,461,109,tA880229
3029,2013-02-05,22:13:26,lista_movimenti,,341,160,kx027099
3030,2023-08-14,14:56:30,prelievo,66.23,649,148,aM947760
3031,2021-10-14,13:23:17,prelievo,10.18,332,58,Am957427
3032,2015-03-22,01:06:54,deposito,117.91,995,112,Ht135218
3033,2026-02-21,03:24:20,prelievo,55.9,703,68,hk369377
3034,2024-05-15,18:18:28,deposito,39.02,919,59,UQ721879
3035,2026-03-02,22:12:19,deposito,65.39,578,7,eg649602
3036,2026-01-03,06:02:57,prelievo,23.01,502,167,aT559634
3037,2026-02-18,17:37:14,prelievo,145.34,54,126,Be641918
3038,2022-02-24,01:37:21,prelievo,162.05,491,254,aU264587
3039,2022-01-23,18:20:00,prelievo,111.31,986,65,tr946002
3040,2019-02-21,02:44:12,saldo,,1076,133,lh950797
3041,2024-06-29,01:06:08,deposito,10.19,322,31,lZ947762
3042,2021-01-06,16:01:43,prelievo,121.93,25,11,AQ934320
3043,2023-10-20,22:11:18,saldo,,667,111,Un523687
3044,2021-11-02,02:56:14,deposito,121.93,610,46,bP156584
3045,2026-03-16,06:30:26,saldo,,116,253,ir700674
3046,2021-08-04,03:55:34,deposito,103.24,845,18,Wl628811
3047,2018-04-22,12:08:22,deposito,37.76,678,89,iY549397
3048,2025-03-16,05:57:28,saldo,,967,162,tP509381
3049,2024-09-26,12:04:12,prelievo,73.51,577,220,wG190726
3050,2021-10-29,19:14:21,deposito,35.83,657,292,za157578
3051,2020-03-02,08:28:52,prelievo,38.8,676,252,aY201522
3052,2024-11-14,23:09:25,prelievo,115.65,325,250,ZV821070
3053,2025-10-23,22:43:58,prelievo,26.97,1048,170,kW936808
3054,2026-02-15,15:57:37,saldo,,843,12,ev147071
3055,2025-12-07,04:01:58,deposito,86.48,437,162,tw043140
3056,2023-03-27,00:23:49,deposito,81.06,1005,113,QI527743
3057,2023-09-12,20:26:36,deposito,146.36,672,17,Sx888264
3058,2025-01-19,06:17:02,deposito,128.55,955,250,Ll242885
3059,2024-11-17,11:56:20,saldo,,302,204,FS475878
3060,2018-06-24,05:38:31,prelievo,23.17,28,283,ja601436
3061,2024-04-29,03:03:05,prelievo,98.78,1198,118,aq051572
3062,2023-02-06,22:23:12,deposito,10.28,417,65,fP730877
3063,2024-01-22,16:49:20,lista_movimenti,,1139,46,hf149424
3064,2022-06-18,02:24:34,deposito,62.27,394,19,JZ367469
3065,2024-11-12,10:48:15,deposito,66.1,1000,245,FH413999
3066,2025-08-14,13:19:29,deposito,194.65,461,166,tA880229
3067,2017-01-01,11:50:04,deposito,130.08,248,14,VW785832
3068,2024-05-17,19:59:41,deposito,17.07,517,261,aJ952726
3069,2026-01-04,16:49:24,deposito,29.07,668,273,JO652237
3070,2025-11-23,11:03:10,prelievo,112.15,299,159,NS978939
3071,2024-11-08,23:37:42,lista_movimenti,,593,191,SX211034
3072,2020-02-10,04:43:40,lista_movimenti,,737,219,SF325425
3073,2024-10-15,23:54:31,deposito,39.7,414,188,iD942787
3074,2023-07-20,17:16:49,prelievo,166.18,886,242,rX171424
3075,2023-05-24,00:20:47,lista_movimenti,,230,242,Pa383066
3076,2020-11-20,07:49:54,saldo,,263,45,ic735384
3077,2026-02-10,12:56:08,prelievo,106.06,1130,26,yw999567
3078,2020-06-02,02:28:29,saldo,,133,53,dk225195
3079,2018-04-14,15:05:14,prelievo,118.2,616,2,cG636261
3080,2016-03-19,23:11:32,prelievo,81.72,22,140,WV626101
3081,2014-01-18,06:16:50,lista_movimenti,,984,188,iR911000
3082,2024-07-27,11:52:32,saldo,,535,216,Bu222421
3083,2021-02-23,19:34:59,deposito,80.93,230,52,Pa383066
3084,2016-12-24,19:33:28,deposito,41.87,833,205,om958353
3085,2025-02-12,20:58:11,saldo,,551,122,JH833801
3086,2022-08-25,16:32:06,prelievo,179.42,761,200,Uz099661
3087,2025-07-17,09:12:28,lista_movimenti,,233,143,Yg954846
3088,2022-08-07,12:31:36,prelievo,69.97,646,13,Rp412918
3089,2023-07-22,04:34:45,saldo,,282,284,lU104218
3090,2026-03-17,10:25:27,prelievo,168.89,331,272,Yr503074
3091,2024-02-21,01:02:34,deposito,144.03,888,81,RN445012
3092,2020-02-05,08:18:00,deposito,52.2,687,275,zk059131
3093,2026-05-05,22:43:28,lista_movimenti,,179,267,Nk544670
3094,2016-04-16,01:35:51,saldo,,33,46,nP645601
3095,2025-05-23,23:37:43,lista_movimenti,,617,244,au473245
3096,2012-04-26,10:20:33,prelievo,22.37,1014,186,Kj409420
3097,2025-07-28,08:30:03,deposito,131.01,899,189,vh211869
3098,2025-10-05,22:22:30,lista_movimenti,,41,218,PM740005
3099,2024-08-15,12:15:56,lista_movimenti,,668,201,JO652237
3100,2025-04-16,02:10:38,deposito,87.4,15,43,jB657538
3101,2026-04-27,09:19:08,deposito,37.13,1196,195,Lc310885
3102,2021-02-12,23:42:32,prelievo,185.92,39,247,no127180
3103,2023-09-19,11:19:29,prelievo,42.27,554,161,wi212958
3104,2016-06-22,03:47:40,prelievo,166.42,756,205,hD596588
3105,2024-02-17,02:23:56,prelievo,49.56,1070,125,WO447305
3106,2025-01-14,23:35:31,deposito,53.64,208,230,jL779780
3107,2017-09-05,02:17:33,prelievo,72.16,1197,183,Gl263960
3108,2025-10-29,01:29:04,prelievo,175.41,434,83,wk234097
3109,2018-02-02,19:50:46,prelievo,41.51,861,215,vn247656
3110,2025-06-08,08:55:50,deposito,99.5,510,161,RB463373
3111,2024-05-16,16:18:45,deposito,124.49,690,226,nV224408
3112,2024-03-06,09:41:01,deposito,182.73,588,20,GW723676
3113,2023-05-07,14:56:41,saldo,,1145,219,ff119460
3114,2020-08-03,01:34:20,lista_movimenti,,550,12,YR440769
3115,2023-07-25,00:16:51,lista_movimenti,,722,44,SL697117
3116,2015-11-03,23:27:28,saldo,,148,253,xz777284
3117,2026-04-20,07:56:48,deposito,13.05,124,125,bg952396
3118,2022-10-16,05:54:51,saldo,,443,288,mb464949
3119,2025-01-22,22:13:46,prelievo,24.93,177,223,Sa621231
3120,2020-04-24,18:26:28,prelievo,144.12,76,157,jP159408
3121,2025-02-18,11:56:02,prelievo,168.35,480,286,ut848710
3122,2024-11-18,01:23:22,prelievo,76.08,70,224,Bi629540
3123,2020-01-22,09:18:54,deposito,85.92,973,23,mG675895
3124,2025-11-23,15:13:33,deposito,185.65,526,120,UK874121
3125,2024-05-04,15:09:09,lista_movimenti,,550,284,YR440769
3126,2026-03-23,07:56:56,saldo,,363,243,tS762220
3127,2024-05-17,23:59:05,lista_movimenti,,14,111,zl386815
3128,2014-08-20,20:04:27,deposito,63.88,1131,61,HE763262
3129,2025-11-04,18:53:46,lista_movimenti,,1068,294,KR910501
3130,2024-06-06,06:40:27,prelievo,66.31,1167,97,YV046967
3131,2016-06-11,12:48:30,saldo,,756,139,hD596588
3132,2023-02-14,19:38:34,lista_movimenti,,145,160,MF762974
3133,2025-04-18,16:09:24,deposito,100.82,670,226,yh183374
3134,2024-06-11,23:16:00,deposito,142.27,1004,258,hM518093
3135,2024-05-04,20:22:59,deposito,135.99,739,287,yR196908
3136,2019-06-24,09:30:38,saldo,,877,251,ns785532
3137,2017-10-03,02:24:54,deposito,120.22,147,110,AK217913
3138,2026-03-04,11:06:00,deposito,121.86,857,172,gC043514
3139,2013-02-18,17:54:08,prelievo,117.74,658,262,FE893788
3140,2020-08-27,10:35:17,prelievo,65.52,1128,269,LA512435
3141,2020-01-24,01:09:05,prelievo,19.34,517,230,aJ952726
3142,2025-04-01,11:31:11,deposito,60.05,587,126,Me267156
3143,2023-07-03,01:44:23,prelievo,126.63,352,190,Yo360911
3144,2025-12-24,13:56:39,prelievo,52.84,444,138,Id610604
3145,2020-07-30,09:05:40,deposito,10.32,605,148,xl475440
3146,2019-11-11,10:26:18,lista_movimenti,,1047,10,WV167333
3147,2020-09-23,06:39:58,prelievo,187.99,161,215,Xa470418
3148,2023-06-15,05:05:12,deposito,104.31,433,36,Ss272605
3149,2020-04-24,22:00:01,deposito,62.95,227,280,jl028502
3150,2024-04-15,20:50:41,deposito,180.31,907,150,Si656249
3151,2021-03-17,00:11:56,lista_movimenti,,617,33,au473245
3152,2024-12-28,10:47:05,saldo,,852,234,gB355956
3153,2024-10-30,19:53:29,saldo,,1031,161,dv995602
3154,2025-09-12,03:10:59,saldo,,2,219,nO423589
3155,2014-12-27,08:30:59,deposito,43.36,737,184,SF325425
3156,2020-06-22,20:12:33,deposito,195.33,841,57,AK934462
3157,2022-03-21,17:29:07,deposito,38.88,602,21,gf933360
3158,2025-09-19,20:07:15,lista_movimenti,,1048,288,kW936808
3159,2025-04-12,02:53:06,deposito,58.96,224,217,OE411324
3160,2025-10-20,12:53:42,saldo,,554,194,wi212958
3161,2024-12-03,12:45:33,prelievo,165.23,1010,17,kK578071
3162,2022-02-24,03:50:45,deposito,177.32,815,258,fS722070
3163,2020-08-01,08:16:58,prelievo,151.41,176,286,jK495738
3164,2020-09-23,04:53:58,lista_movimenti,,962,24,of225929
3165,2021-10-10,16:44:07,deposito,94.19,230,281,Pa383066
3166,2022-08-12,08:16:07,prelievo,109.51,107,208,ig289585
3167,2021-09-07,06:34:52,prelievo,190.26,196,9,Bx779941
3168,2025-12-11,17:19:48,prelievo,160.85,1010,130,kK578071
3169,2014-06-19,22:36:04,deposito,195.61,110,245,vh862598
3170,2026-03-02,17:46:01,saldo,,266,90,SS418065
3171,2025-01-01,12:43:29,prelievo,177.71,309,73,AY709126
3172,2023-08-01,07:02:33,deposito,88.38,292,22,Ar792575
3173,2018-08-17,07:44:13,deposito,163.18,1188,299,Wy463276
3174,2013-04-02,14:00:27,deposito,109.71,712,214,tv905159
3175,2013-01-25,03:44:36,deposito,168.4,1016,16,zU498885
3176,2019-05-16,16:54:37,saldo,,116,269,ir700674
3177,2025-11-26,01:10:53,saldo,,759,149,cs986645
3178,2018-10-25,17:25:19,prelievo,135.84,514,64,Ps863192
3179,2025-12-13,08:10:58,deposito,89.75,868,199,xp147975
3180,2024-12-27,03:40:59,prelievo,84.12,1084,287,wM087977
3181,2024-08-23,13:18:43,deposito,120.85,359,47,kD916717
3182,2026-02-14,02:51:17,prelievo,179.38,1187,273,xo128142
3183,2025-02-13,01:39:12,deposito,193.81,907,52,Si656249
3184,2023-02-24,07:03:13,lista_movimenti,,148,233,xz777284
3185,2025-06-24,03:37:13,lista_movimenti,,175,267,LD982891
3186,2023-06-26,04:09:33,prelievo,46.19,336,226,Tq273933
3187,2023-08-13,06:48:00,deposito,168.94,1129,110,EP263695
3188,2019-05-19,15:45:49,saldo,,557,49,pj936322
3189,2026-01-19,00:53:07,lista_movimenti,,746,48,OZ333071
3190,2023-06-29,03:05:32,lista_movimenti,,397,44,PQ193294
3191,2020-06-16,00:10:50,deposito,34.51,1179,121,An452480
3192,2023-03-28,18:12:00,prelievo,110.19,241,165,tk953031
3193,2026-04-14,10:42:37,prelievo,196.49,533,176,yd344027
3194,2025-06-12,23:24:37,deposito,141.57,777,55,Pa086728
3195,2024-05-21,21:29:05,prelievo,174.26,1115,222,sg760354
3196,2024-09-14,08:50:31,prelievo,176.42,94,46,OG342686
3197,2025-09-16,19:07:30,deposito,55.12,532,16,yM087648
3198,2026-02-05,15:14:29,deposito,94.79,773,58,xs062719
3199,2022-01-11,09:12:03,deposito,194.47,1123,134,Vs428980
3200,2022-09-23,20:17:03,deposito,27.24,825,5,DJ671866
3201,2025-03-20,04:05:42,lista_movimenti,,943,216,BN801139
3202,2020-12-23,20:46:16,prelievo,139.0,603,266,MD910872
3203,2019-08-05,06:31:32,lista_movimenti,,770,233,th041409
3204,2024-07-08,15:17:35,deposito,55.24,725,274,Qs637803
3205,2025-06-15,00:48:33,prelievo,51.46,496,248,mj431401
3206,2023-05-23,04:06:12,prelievo,44.25,866,170,Vx711810
3207,2025-12-15,18:44:53,deposito,163.01,265,222,Go119412
3208,2026-01-07,17:48:08,prelievo,123.24,1111,11,Ua519335
3209,2024-12-27,06:31:35,deposito,80.6,1156,223,CE752078
3210,2024-03-04,16:30:21,deposito,145.61,199,125,ZO150145
3211,2017-08-11,10:05:55,deposito,135.72,427,12,rR690371
3212,2019-10-22,13:17:52,saldo,,172,298,oE768132
3213,2025-07-16,11:26:44,saldo,,703,232,hk369377
3214,2023-04-23,08:49:09,lista_movimenti,,567,206,nW478567
3215,2025-11-26,10:59:18,prelievo,69.83,487,274,NS535369
3216,2022-07-29,21:42:10,deposito,109.91,528,218,QI658949
3217,2025-09-01,14:22:46,lista_movimenti,,798,280,nv114486
3218,2023-01-12,00:46:40,prelievo,77.67,481,189,eL802352
3219,2023-04-23,12:15:30,deposito,53.74,96,116,WN062639
3220,2025-11-15,15:00:28,saldo,,593,183,SX211034
3221,2024-04-21,19:13:42,prelievo,93.95,449,6,Kf023732
3222,2024-07-14,19:03:47,deposito,50.54,1153,93,YW550301
3223,2025-08-05,23:42:01,prelievo,28.59,995,206,Ht135218
3224,2025-01-10,19:53:11,prelievo,83.45,294,143,Mh445460
3225,2019-09-30,02:58:50,prelievo,127.13,4,268,MO361219
3226,2020-10-06,01:31:29,lista_movimenti,,980,204,zI224770
3227,2022-05-19,17:36:52,prelievo,105.52,650,174,AL842856
3228,2025-07-05,02:04:06,prelievo,104.16,1050,53,EK361459
3229,2025-02-11,04:08:33,prelievo,146.66,1131,105,HE763262
3230,2025-07-24,22:42:42,deposito,159.5,530,35,th109211
3231,2025-12-29,16:08:19,deposito,127.06,393,72,nl962340
3232,2026-01-12,17:13:14,lista_movimenti,,874,74,vE764859
3233,2022-07-28,21:06:59,deposito,70.22,684,285,yb536196
3234,2020-11-11,01:19:33,deposito,171.08,436,85,el873252
3235,2025-09-04,17:49:23,deposito,27.92,918,252,nV284576
3236,2026-03-16,01:13:51,deposito,125.57,988,54,Dw508390
3237,2022-03-28,09:26:13,deposito,108.88,328,206,TR808793
3238,2025-11-14,15:26:17,saldo,,918,254,nV284576
3239,2025-03-27,04:28:24,prelievo,22.72,320,66,Ut663071
3240,2023-07-04,15:06:50,deposito,114.76,560,168,SE534125
3241,2026-03-21,12:15:11,deposito,94.92,964,75,dv617920
3242,2025-01-17,09:10:13,prelievo,114.79,1120,230,FT220278
3243,2024-04-13,19:35:02,saldo,,656,280,VY118399
3244,2023-12-07,01:16:55,prelievo,82.5,1069,150,dd680235
3245,2024-05-06,15:11:50,deposito,12.46,908,264,Jn777679
3246,2021-10-30,22:43:06,saldo,,740,267,XL707137
3247,2023-07-09,22:34:34,deposito,125.57,882,35,Rm212158
3248,2021-12-02,02:58:11,deposito,72.15,369,141,RR124856
3249,2015-09-18,17:31:53,lista_movimenti,,686,32,tL382748
3250,2021-10-06,15:01:38,deposito,58.72,910,114,PS396027
3251,2022-07-14,09:26:59,deposito,96.07,936,230,mH874415
3252,2022-04-14,08:19:32,prelievo,52.8,1043,273,Sz782800
3253,2026-04-21,16:50:59,lista_movimenti,,886,121,rX171424
3254,2022-07-08,19:50:34,prelievo,180.68,204,190,md202995
3255,2023-02-21,08:04:56,deposito,139.82,376,266,IL775506
3256,2023-06-14,06:25:17,prelievo,36.6,98,188,dD290562
3257,2021-10-27,05:35:04,prelievo,32.82,282,40,lU104218
3258,2024-10-02,15:17:32,prelievo,116.08,1084,3,wM087977
3259,2020-09-16,11:00:19,prelievo,154.02,419,268,Dg673357
3260,2019-06-28,12:57:53,deposito,15.57,489,51,zY827523
3261,2024-08-09,16:24:12,prelievo,71.68,62,230,OQ882200
3262,2017-02-14,13:27:47,prelievo,131.64,584,229,yx786339
3263,2024-04-26,04:00:58,deposito,32.96,698,240,ML590757
3264,2019-06-30,21:49:36,lista_movimenti,,1144,28,vg612522
3265,2024-10-22,20:33:35,deposito,90.13,1061,120,na289629
3266,2023-04-24,12:52:18,lista_movimenti,,209,134,mE300044
3267,2018-07-07,01:31:12,prelievo,121.78,318,61,iq314937
3268,2024-01-12,07:21:10,deposito,193.76,417,199,fP730877
3269,2022-12-09,05:51:23,deposito,11.16,185,55,FI746949
3270,2022-02-21,08:24:53,prelievo,113.02,689,137,QV748078
3271,2025-04-27,21:29:12,prelievo,135.31,179,165,Nk544670
3272,2016-07-25,21:03:50,deposito,66.85,934,22,AK622148
3273,2019-10-27,14:14:55,prelievo,168.26,319,242,nC549438
3274,2015-10-26,08:55:42,saldo,,1151,201,Cj237248
3275,2025-01-23,01:33:27,prelievo,53.63,1031,293,dv995602
3276,2017-06-26,13:53:09,prelievo,191.73,4,297,MO361219
3277,2024-07-14,13:56:47,prelievo,145.37,69,27,va318500
3278,2021-09-01,05:47:42,prelievo,172.33,877,142,ns785532
3279,2022-09-19,16:36:08,deposito,65.43,670,262,yh183374
3280,2020-11-23,05:12:47,saldo,,247,36,wz717652
3281,2023-01-04,03:57:58,prelievo,39.17,223,29,KC959413
3282,2024-02-14,08:15:57,deposito,27.99,398,204,yz311053
3283,2024-01-29,06:22:20,prelievo,76.86,1165,155,bu038748
3284,2018-09-24,02:27:08,saldo,,48,122,cd763882
3285,2018-11-06,06:40:30,saldo,,321,141,Np409420
3286,2025-06-18,23:18:06,deposito,24.39,740,149,XL707137
3287,2025-08-05,03:48:48,deposito,197.39,322,69,lZ947762
3288,2019-12-17,04:23:37,prelievo,153.87,678,77,iY549397
3289,2021-07-26,08:12:50,deposito,93.54,991,37,pb041561
3290,2024-03-11,20:02:45,prelievo,167.12,640,12,NG037912
3291,2023-10-22,09:01:28,lista_movimenti,,355,141,aw417136
3292,2017-01-21,16:34:08,lista_movimenti,,94,9,OG342686
3293,2023-07-07,12:21:46,deposito,52.9,902,258,Or390873
3294,2024-11-01,17:17:47,deposito,163.96,786,182,gi657254
3295,2015-10-01,21:24:04,lista_movimenti,,22,300,WV626101
3296,2025-03-04,15:09:25,prelievo,100.52,1119,119,Se418183
3297,2024-08-19,11:46:24,prelievo,61.85,853,115,bu549157
3298,2017-12-26,08:59:02,lista_movimenti,,442,216,yt823356
3299,2025-03-12,04:00:28,prelievo,163.21,1074,32,Sc154818
3300,2024-10-10,21:23:51,prelievo,109.56,762,65,gs248964
3301,2025-11-17,11:53:42,lista_movimenti,,993,144,XY407086
3302,2023-06-09,09:23:28,saldo,,1140,161,Kw431712
3303,2018-02-09,19:58:26,deposito,141.09,419,131,Dg673357
3304,2022-04-04,16:19:53,prelievo,70.53,481,221,eL802352
3305,2019-01-21,04:37:38,prelievo,67.14,314,272,XR431449
3306,2019-04-26,09:46:55,deposito,174.06,16,252,fQ207597
3307,2026-04-16,23:36:09,lista_movimenti,,323,42,kD420204
3308,2018-04-21,17:09:21,lista_movimenti,,670,96,yh183374
3309,2016-02-17,16:06:31,deposito,86.51,1133,182,yo654063
3310,2019-10-05,13:57:38,prelievo,49.58,210,281,jQ847812
3311,2025-11-11,13:44:58,prelievo,80.95,982,247,mG363466
3312,2021-08-18,16:46:11,deposito,100.79,862,89,Do126968
3313,2024-09-22,02:02:59,lista_movimenti,,494,32,Wz067907
3314,2025-05-20,06:04:14,lista_movimenti,,1135,288,fY528082
3315,2020-12-11,02:39:29,deposito,74.16,33,200,nP645601
3316,2025-10-06,08:26:44,saldo,,111,283,ie259563
3317,2023-06-22,23:14:28,deposito,72.81,268,130,QY333112
3318,2024-12-12,13:47:07,prelievo,118.23,318,52,iq314937
3319,2022-02-19,13:57:47,lista_movimenti,,784,181,ye543388
3320,2025-09-18,16:05:19,prelievo,167.74,593,163,SX211034
3321,2026-02-22,02:45:57,deposito,181.36,1135,83,fY528082
3322,2014-05-20,23:00:07,deposito,158.76,143,281,AD690345
3323,2023-07-22,21:12:40,lista_movimenti,,247,31,wz717652
3324,2022-11-22,07:13:50,lista_movimenti,,887,116,LQ256301
3325,2025-07-29,07:41:26,prelievo,127.66,991,238,pb041561
3326,2025-01-21,00:39:56,deposito,104.76,711,83,pu458971
3327,2022-06-09,23:04:17,prelievo,58.88,679,244,Hr752388
3328,2017-04-22,21:57:04,lista_movimenti,,751,84,Bh940343
3329,2022-02-26,15:28:19,deposito,140.2,652,297,DG214189
3330,2023-07-05,11:05:17,prelievo,111.06,141,103,dG623498
3331,2023-09-30,22:33:58,deposito,105.95,1053,109,CB045667
3332,2026-04-11,09:05:47,saldo,,204,154,md202995
3333,2016-09-30,09:12:46,prelievo,75.37,615,122,Wu128114
3334,2024-05-04,14:16:57,prelievo,41.23,822,106,uJ519016
3335,2021-03-19,18:54:12,deposito,112.64,1057,75,CP061307
3336,2021-04-24,15:04:51,prelievo,134.18,169,281,oQ579185
3337,2021-06-30,05:00:43,prelievo,163.65,1030,293,uL710316
3338,2019-07-14,03:52:13,saldo,,435,63,Eu853472
3339,2018-07-14,04:29:39,lista_movimenti,,442,267,yt823356
3340,2018-03-30,09:09:27,deposito,75.26,322,225,lZ947762
3341,2018-08-03,22:59:10,prelievo,53.3,28,117,ja601436
3342,2022-06-29,06:10:11,deposito,193.57,838,102,bu178332
3343,2025-10-12,11:19:12,deposito,113.19,266,75,SS418065
3344,2020-10-14,17:40:23,deposito,197.61,1020,8,PZ465362
3345,2024-02-21,05:42:26,prelievo,112.84,953,281,bj490623
3346,2022-04-03,12:33:26,saldo,,175,144,LD982891
3347,2020-06-13,06:37:44,deposito,174.59,925,72,fd940196
3348,2023-11-30,13:14:36,lista_movimenti,,370,183,LZ730487
3349,2023-07-20,09:03:46,prelievo,19.43,1095,263,Ao945467
3350,2023-10-04,10:10:56,prelievo,115.7,128,99,Te795155
3351,2019-06-29,08:45:14,prelievo,195.07,1197,19,Gl263960
3352,2023-06-20,23:43:50,deposito,164.07,818,12,yZ059854
3353,2020-07-22,21:49:18,prelievo,185.17,288,56,aj618924
3354,2025-04-29,04:33:04,prelievo,34.55,250,199,BA681787
3355,2023-07-19,15:23:51,deposito,111.75,170,116,eM893847
3356,2025-02-16,12:27:07,deposito,28.07,804,203,NR877461
3357,2014-02-13,19:20:01,deposito,126.39,276,186,fX504249
3358,2017-10-02,22:30:09,deposito,178.11,670,264,yh183374
3359,2025-08-27,11:59:53,deposito,133.84,1048,273,kW936808
3360,2022-06-12,14:20:00,prelievo,53.58,298,87,qx970106
3361,2025-05-29,18:37:51,prelievo,34.59,123,172,UC358426
3362,2022-08-02,05:23:50,prelievo,39.33,435,287,Eu853472
3363,2025-12-20,21:44:37,prelievo,42.01,1035,260,RP791352
3364,2025-01-12,11:45:49,prelievo,177.34,460,16,Pa566847
3365,2015-07-16,17:36:50,prelievo,95.22,695,62,hL257603
3366,2016-07-12,14:09:37,lista_movimenti,,864,100,PO015467
3367,2014-09-08,00:35:30,prelievo,108.38,1072,150,fX001016
3368,2021-07-27,08:08:11,deposito,163.67,724,259,Ve878154
3369,2025-02-10,09:22:15,deposito,127.52,802,243,NO117837
3370,2018-12-31,05:05:42,saldo,,820,190,Ll846227
3371,2026-03-08,09:09:32,lista_movimenti,,506,211,iO707360
3372,2021-03-21,10:58:12,saldo,,251,227,KJ865738
3373,2025-12-14,21:04:55,deposito,185.32,703,251,hk369377
3374,2015-10-12,16:37:02,deposito,73.71,478,175,Tq800248
3375,2020-12-14,09:24:43,lista_movimenti,,407,131,ou846051
3376,2025-10-26,22:11:44,prelievo,71.21,320,116,Ut663071
3377,2016-11-28,15:42:38,prelievo,37.17,1044,14,hV911640
3378,2017-11-29,00:56:58,lista_movimenti,,287,249,Jf320281
3379,2022-09-18,01:40:57,prelievo,91.37,971,63,Nm431440
3380,2021-06-27,03:02:54,saldo,,702,299,bD060463
3381,2023-11-13,20:01:54,saldo,,130,20,FM266022
3382,2021-05-09,12:35:20,prelievo,32.03,615,230,Wu128114
3383,2015-11-25,09:46:01,prelievo,165.0,888,165,RN445012
3384,2015-11-23,13:30:30,deposito,62.25,1170,32,Db002824
3385,2022-05-05,04:13:37,saldo,,1171,250,Pb698210
3386,2025-08-10,08:19:52,prelievo,102.44,715,64,EY159838
3387,2024-04-27,23:16:06,prelievo,10.87,445,277,tW445386
3388,2018-03-05,03:58:58,prelievo,57.41,110,4,vh862598
3389,2023-01-10,08:47:46,deposito,58.86,204,229,md202995
3390,2025-08-23,15:41:06,prelievo,108.36,436,172,el873252
3391,2017-02-20,03:25:56,prelievo,146.35,920,41,OI004683
3392,2024-12-20,23:24:06,deposito,162.41,886,218,rX171424
3393,2025-11-25,12:47:50,prelievo,159.96,78,265,Xc965152
3394,2021-02-04,23:58:31,saldo,,438,124,uG743017
3395,2025-01-30,08:33:27,lista_movimenti,,482,286,IO521520
3396,2025-08-14,21:09:46,deposito,185.34,1070,289,WO447305
3397,2025-12-28,19:49:09,prelievo,51.22,973,128,mG675895
3398,2017-10-03,01:28:37,deposito,96.82,785,295,sY154948
3399,2018-08-29,11:28:38,deposito,136.95,878,130,IC398346
3400,2020-03-03,12:29:09,prelievo,161.82,292,299,Ar792575
3401,2023-05-27,20:53:37,lista_movimenti,,662,208,Mq228210
3402,2025-10-23,06:58:35,deposito,79.99,505,150,dl073667
3403,2022-09-25,11:34:10,deposito,198.36,45,5,aW776807
3404,2022-12-04,06:27:59,prelievo,140.64,169,198,oQ579185
3405,2018-05-12,16:57:15,deposito,45.67,163,167,kF660628
3406,2021-06-14,04:54:04,saldo,,737,285,SF325425
3407,2021-05-21,19:52:14,prelievo,96.85,222,210,yV021163
3408,2024-05-25,10:41:00,lista_movimenti,,360,294,kc955766
3409,2017-12-09,00:50:18,lista_movimenti,,125,286,lB640278
3410,2020-09-23,08:55:24,saldo,,934,169,AK622148
3411,2023-07-02,23:44:18,deposito,64.41,886,226,rX171424
3412,2022-05-24,17:13:44,deposito,29.14,519,113,kQ808429
3413,2022-11-11,23:11:52,deposito,117.53,1003,27,oD483039
3414,2024-06-03,09:17:04,deposito,97.18,440,2,Ka451311
3415,2018-10-24,10:16:04,saldo,,718,191,Mt154953
3416,2018-04-22,01:37:23,prelievo,167.03,982,55,mG363466
3417,2013-11-30,23:52:05,saldo,,87,212,jy557244
3418,2022-09-29,15:09:24,deposito,115.84,1191,124,zh260869
3419,2019-05-24,01:57:32,prelievo,199.21,1132,95,wq263671
3420,2020-11-11,07:51:37,deposito,146.42,724,119,Ve878154
3421,2025-05-20,18:58:55,deposito,106.97,279,2,Xh076423
3422,2022-07-12,09:55:05,lista_movimenti,,1073,53,Xy877460
3423,2024-10-05,14:28:48,prelievo,100.42,589,244,xf823982
3424,2024-01-22,17:20:25,deposito,44.07,1054,267,Xl943099
3425,2024-04-26,11:44:56,deposito,88.13,38,277,il026142
3426,2026-01-23,08:58:47,deposito,77.77,899,4,vh211869
3427,2025-10-17,08:18:20,deposito,36.77,882,167,Rm212158
3428,2025-03-21,10:35:35,prelievo,22.42,985,300,tC026274
3429,2022-12-28,01:47:21,deposito,49.85,304,264,TN543457
3430,2022-10-09,23:05:54,prelievo,174.38,887,223,LQ256301
3431,2025-04-05,10:38:16,deposito,146.6,491,238,aU264587
3432,2015-02-06,18:05:14,deposito,72.07,43,287,yJ510749
3433,2019-02-03,01:17:06,prelievo,183.98,1003,122,oD483039
3434,2020-11-27,23:58:20,deposito,74.61,1179,209,An452480
3435,2024-07-03,17:45:58,deposito,154.61,825,238,DJ671866
3436,2018-07-23,07:32:08,saldo,,357,117,wa254369
3437,2021-11-10,21:33:41,lista_movimenti,,1121,212,Eu287784
3438,2020-12-27,17:09:16,saldo,,491,195,aU264587
3439,2019-04-16,03:56:50,deposito,109.52,1019,103,hX191650
3440,2024-05-27,12:50:50,prelievo,23.73,323,23,kD420204
3441,2024-01-08,22:38:32,deposito,54.25,139,36,PS548595
3442,2023-01-31,02:43:24,deposito,24.06,994,16,xP651802
3443,2019-11-24,20:13:48,deposito,131.17,35,145,cc360209
3444,2016-07-09,03:55:59,prelievo,121.85,271,137,iC021125
3445,2020-01-27,06:43:09,deposito,175.46,349,138,pU658355
3446,2024-01-21,20:59:43,lista_movimenti,,989,85,kW532191
3447,2020-04-20,10:15:45,deposito,180.8,1178,176,Bi015409
3448,2023-03-20,05:25:30,deposito,199.95,1032,66,tF004375
3449,2020-10-20,02:09:45,prelievo,71.31,24,201,RU211254
3450,2020-04-15,12:35:56,deposito,15.7,955,118,Ll242885
3451,2023-02-02,16:21:36,prelievo,136.79,11,72,KG745447
3452,2025-11-30,00:19:44,prelievo,67.11,117,1,sM581489
3453,2025-09-08,11:22:27,deposito,26.12,652,275,DG214189
3454,2019-04-19,16:46:12,deposito,11.81,348,31,qd961534
3455,2024-04-25,09:02:46,lista_movimenti,,185,233,FI746949
3456,2023-03-21,04:09:54,prelievo,128.31,1184,161,XG080279
3457,2023-04-24,23:15:34,prelievo,160.13,88,106,Jv325918
3458,2021-06-29,05:49:29,lista_movimenti,,1157,31,Sn660534
3459,2025-03-18,18:18:31,deposito,129.36,122,283,hF448006
3460,2023-03-15,06:31:35,prelievo,157.84,85,280,Mh980046
3461,2022-08-04,03:21:45,prelievo,162.95,869,276,Uq601587
3462,2024-09-03,13:55:56,prelievo,156.22,402,105,kC493574
3463,2022-07-22,04:32:42,prelievo,63.18,193,7,sF138373
3464,2022-08-06,02:11:25,deposito,81.85,657,23,za157578
3465,2025-02-19,16:05:47,deposito,157.51,272,285,gT041205
3466,2024-12-17,18:46:43,saldo,,406,60,Ie418523
3467,2023-12-24,14:37:13,deposito,65.31,449,38,Kf023732
3468,2023-07-13,09:49:01,lista_movimenti,,1195,283,Cc879609
3469,2023-10-26,01:56:07,deposito,52.28,402,62,kC493574
3470,2020-08-24,11:22:28,deposito,19.91,154,193,CX234092
3471,2023-01-16,12:21:58,saldo,,1149,219,vx314059
3472,2022-08-31,01:48:56,prelievo,75.87,510,129,RB463373
3473,2021-01-21,11:34:33,deposito,95.0,138,237,bz252009
3474,2021-07-27,11:38:43,deposito,38.11,1043,76,Sz782800
3475,2018-09-16,00:03:31,prelievo,143.61,1038,257,nr789322
3476,2020-12-13,17:21:43,prelievo,18.83,717,198,LS493276
3477,2022-07-10,16:08:07,deposito,141.56,210,200,jQ847812
3478,2025-05-04,02:35:12,deposito,157.92,572,128,Ek871018
3479,2021-09-07,10:59:32,prelievo,134.36,366,152,Ux779634
3480,2025-03-26,16:28:47,prelievo,194.5,224,268,OE411324
3481,2015-01-07,08:31:02,lista_movimenti,,33,242,nP645601
3482,2023-08-18,19:18:48,deposito,109.49,1155,93,wh954331
3483,2023-12-28,23:53:12,saldo,,615,98,Wu128114
3484,2023-08-12,08:47:31,deposito,167.04,719,68,Ac326834
3485,2023-03-04,21:09:03,prelievo,118.4,1120,99,FT220278
3486,2022-12-05,19:09:19,prelievo,44.96,284,157,ZR076100
3487,2022-03-04,23:44:11,lista_movimenti,,133,259,dk225195
3488,2025-10-08,10:15:18,saldo,,139,242,PS548595
3489,2025-01-06,10:48:20,saldo,,726,232,cf448188
3490,2020-05-12,21:05:14,prelievo,138.25,962,145,of225929
3491,2025-05-22,00:00:36,deposito,99.96,311,285,od612541
3492,2024-04-19,18:27:39,prelievo,32.6,1034,277,ct634978
3493,2020-11-20,07:40:53,prelievo,191.82,297,68,jf983145
3494,2022-12-09,05:04:17,prelievo,96.97,368,189,hD686501
3495,2026-03-20,05:17:02,lista_movimenti,,1117,123,zy090818
3496,2026-03-07,23:04:17,deposito,44.66,964,296,dv617920
3497,2012-03-14,03:42:03,deposito,23.79,469,67,WM351496
3498,2023-07-23,05:01:27,saldo,,199,122,ZO150145
3499,2017-07-03,05:08:44,deposito,193.12,1021,184,FN134404
3500,2021-04-06,15:55:05,deposito,112.66,389,163,lU144500
3501,2023-10-29,20:24:52,prelievo,117.29,255,52,xg784797
3502,2026-02-03,04:43:15,lista_movimenti,,629,139,Lb611362
3503,2024-11-25,23:32:36,deposito,75.51,909,4,qy515003
3504,2020-10-02,17:45:27,prelievo,91.03,390,238,DK217459
3505,2025-02-01,13:57:31,deposito,88.57,769,138,WC073087
3506,2024-11-01,22:28:39,lista_movimenti,,735,20,DN152459
3507,2025-06-07,16:02:21,prelievo,115.56,78,271,Xc965152
3508,2022-11-22,06:45:35,deposito,145.65,615,207,Wu128114
3509,2023-10-26,19:05:29,prelievo,82.05,497,41,Hj660331
3510,2025-08-02,02:14:46,deposito,198.74,233,268,Yg954846
3511,2017-07-16,05:41:00,prelievo,88.91,578,11,eg649602
3512,2015-01-27,18:23:15,prelievo,38.14,322,150,lZ947762
3513,2024-01-02,20:36:36,prelievo,153.84,762,183,gs248964
3514,2018-03-15,03:02:27,lista_movimenti,,1016,139,zU498885
3515,2024-07-13,06:18:01,saldo,,123,224,UC358426
3516,2019-08-06,09:49:23,prelievo,147.91,1011,134,kj751268
3517,2025-06-11,18:44:31,prelievo,35.68,244,114,Fu568851
3518,2020-12-04,04:36:20,saldo,,1012,224,jM558274
3519,2016-09-16,03:03:37,deposito,189.41,900,14,bv090281
3520,2023-06-18,14:53:28,prelievo,64.18,304,201,TN543457
3521,2025-07-21,08:42:38,deposito,181.86,701,161,BM353526
3522,2024-02-07,06:00:40,deposito,146.44,791,119,GG394977
3523,2023-07-09,16:38:17,saldo,,631,233,rU109008
3524,2024-12-03,21:17:57,lista_movimenti,,762,89,gs248964
3525,2023-08-01,03:05:01,saldo,,402,219,kC493574
3526,2017-11-17,22:39:55,prelievo,79.7,339,252,vj794623
3527,2021-10-14,22:22:39,deposito,149.84,411,184,PF743607
3528,2022-03-29,03:25:21,prelievo,105.92,473,207,qO539810
3529,2024-07-01,14:39:47,lista_movimenti,,565,52,PQ225368
3530,2024-01-21,20:33:19,prelievo,24.35,288,270,aj618924
3531,2023-11-28,14:45:18,deposito,122.47,364,262,Qt669114
3532,2020-09-01,17:14:46,deposito,161.46,48,196,cd763882
3533,2025-01-21,19:30:55,prelievo,73.89,1125,199,Ea443678
3534,2013-09-28,03:46:01,deposito,56.2,650,54,AL842856
3535,2012-11-28,02:08:03,deposito,50.86,469,145,WM351496
3536,2025-08-11,05:34:33,prelievo,179.24,370,14,LZ730487
3537,2017-08-24,00:53:58,deposito,104.06,991,84,pb041561
3538,2017-01-28,16:38:01,lista_movimenti,,227,122,jl028502
3539,2022-12-18,16:28:57,deposito,10.66,895,207,Jj492450
3540,2024-02-08,08:09:47,prelievo,91.58,617,210,au473245
3541,2026-01-21,15:25:51,deposito,190.78,685,127,zV186944
3542,2020-06-28,10:29:33,saldo,,105,53,xP495035
3543,2023-03-09,15:01:29,prelievo,106.58,537,9,my407161
3544,2022-12-26,21:17:17,prelievo,25.61,199,250,ZO150145
3545,2019-06-24,08:28:29,saldo,,1177,296,aq472474
3546,2025-02-17,00:52:33,saldo,,900,243,bv090281
3547,2023-12-23,05:32:26,deposito,170.96,1186,66,DS360396
3548,2025-09-21,04:51:31,lista_movimenti,,171,236,Wl128503
3549,2022-11-21,08:59:56,deposito,25.95,106,78,QS406929
3550,2020-09-22,07:00:25,saldo,,348,155,qd961534
3551,2022-05-28,09:34:03,prelievo,15.95,578,225,eg649602
3552,2025-09-11,13:27:57,prelievo,25.03,836,299,Iq692534
3553,2019-10-08,07:00:24,saldo,,639,19,jy431161
3554,2023-02-28,22:46:55,prelievo,127.38,1155,271,wh954331
3555,2023-11-22,23:17:59,saldo,,642,193,wD928648
3556,2018-05-04,13:48:31,deposito,107.04,318,272,iq314937
3557,2016-12-13,02:01:23,prelievo,160.74,1133,182,yo654063
3558,2022-11-20,15:08:48,saldo,,779,159,yF840729
3559,2025-05-27,11:52:19,prelievo,134.39,725,108,Qs637803
3560,2023-12-29,02:55:32,deposito,88.89,657,247,za157578
3561,2023-11-20,12:35:11,deposito,167.59,843,25,ev147071
3562,2024-12-22,23:48:28,lista_movimenti,,852,147,gB355956
3563,2015-08-21,12:18:13,deposito,116.83,1109,297,Yg629950
3564,2024-09-19,03:11:51,prelievo,136.59,994,78,xP651802
3565,2022-09-02,07:34:17,prelievo,77.06,482,203,IO521520
3566,2025-09-16,03:00:02,saldo,,1010,43,kK578071
3567,2022-03-21,05:04:38,prelievo,161.42,939,179,PZ716515
3568,2019-04-24,03:09:41,deposito,119.43,662,22,Mq228210
3569,2015-12-04,07:07:01,lista_movimenti,,578,53,eg649602
3570,2025-08-21,22:29:23,deposito,83.65,506,159,iO707360
3571,2018-08-23,16:47:22,prelievo,175.14,630,159,sZ944215
3572,2012-10-15,16:18:41,saldo,,81,257,EJ330568
3573,2018-08-05,19:27:20,deposito,175.46,840,87,zN382122
3574,2022-04-10,16:37:47,deposito,197.89,1197,198,Gl263960
3575,2024-04-05,15:07:39,prelievo,38.51,1070,240,WO447305
3576,2025-04-07,05:23:28,deposito,72.62,767,42,Zy871123
3577,2019-02-25,02:22:41,deposito,95.17,1059,260,Cr820090
3578,2020-07-23,22:38:08,prelievo,140.56,1067,38,yo900724
3579,2022-12-09,03:28:30,deposito,68.1,846,151,QS796335
3580,2021-07-18,13:25:30,deposito,31.88,551,152,JH833801
3581,2019-01-26,12:42:23,saldo,,815,52,fS722070
3582,2017-07-20,17:09:16,deposito,67.04,912,241,PP822890
3583,2020-07-10,18:22:08,deposito,188.48,60,75,iI917706
3584,2019-05-25,07:06:50,prelievo,77.73,317,237,dw906742
3585,2022-04-09,00:33:44,deposito,89.08,936,227,mH874415
3586,2017-09-10,12:55:11,prelievo,127.62,87,27,jy557244
3587,2024-07-28,18:06:03,prelievo,70.11,407,202,ou846051
3588,2021-11-05,19:38:05,saldo,,341,216,kx027099
3589,2022-10-24,07:11:21,deposito,38.95,756,102,hD596588
3590,2025-12-29,07:48:34,deposito,53.33,532,51,yM087648
3591,2024-12-04,19:52:10,deposito,60.54,16,223,fQ207597
3592,2017-05-25,12:36:31,saldo,,1078,242,DJ329704
3593,2023-11-04,11:35:30,saldo,,989,21,kW532191
3594,2022-12-31,00:51:04,prelievo,51.1,447,59,uX775554
3595,2023-03-23,18:15:00,saldo,,18,242,zq360242
3596,2025-04-26,22:08:00,prelievo,57.95,500,72,Tq465040
3597,2021-08-10,01:28:39,prelievo,44.38,1169,268,lf698830
3598,2022-12-22,10:59:42,deposito,68.33,506,276,iO707360
3599,2022-07-16,19:48:04,prelievo,85.57,229,41,Of817113
3600,2025-05-08,06:01:23,prelievo,77.7,1029,61,mt182957
3601,2021-12-08,09:26:16,deposito,84.4,1005,258,QI527743
3602,2024-09-03,13:34:25,lista_movimenti,,1013,154,vY990324
3603,2021-07-03,11:39:23,deposito,150.35,443,66,mb464949
3604,2023-05-09,03:57:19,deposito,122.58,346,84,qi991288
3605,2022-08-22,00:18:15,deposito,45.77,506,46,iO707360
3606,2023-02-01,15:54:58,prelievo,163.65,1032,247,tF004375
3607,2025-12-26,02:50:32,deposito,81.94,582,285,kz817746
3608,2023-06-28,19:04:45,lista_movimenti,,1011,180,kj751268
3609,2024-12-17,21:15:22,deposito,40.15,201,230,aJ017990
3610,2024-02-11,12:25:21,deposito,162.36,174,187,aE852936
3611,2025-06-17,04:14:02,prelievo,162.39,612,128,uZ310361
3612,2024-02-09,18:55:44,prelievo,163.25,838,173,bu178332
3613,2023-08-01,09:07:39,deposito,129.5,112,52,xR685544
3614,2025-12-07,00:11:24,prelievo,33.48,192,189,pj805928
3615,2016-02-02,20:57:40,lista_movimenti,,539,62,jt315874
3616,2023-05-05,18:49:47,deposito,127.26,141,275,dG623498
3617,2023-04-19,11:47:03,prelievo,33.05,720,210,Ck708951
3618,2025-12-15,15:58:09,deposito,101.49,355,60,aw417136
3619,2021-04-17,10:29:29,deposito,104.02,946,80,EV203115
3620,2015-09-19,14:55:42,saldo,,514,282,Ps863192
3621,2024-03-29,10:54:54,prelievo,72.35,1072,64,fX001016
3622,2024-03-13,23:45:25,prelievo,156.44,1190,246,EH922865
3623,2023-12-27,21:00:52,deposito,78.46,40,180,IJ886211
3624,2023-09-21,02:42:57,prelievo,192.08,593,223,SX211034
3625,2024-08-19,08:39:32,prelievo,120.8,899,12,vh211869
3626,2023-10-07,07:48:03,prelievo,159.28,926,79,ca711552
3627,2022-06-26,17:31:08,deposito,90.45,542,185,cY205780
3628,2023-02-18,05:51:56,prelievo,42.37,134,7,BW088293
3629,2021-10-06,13:22:35,prelievo,78.05,844,175,UQ481602
3630,2024-06-03,16:19:42,deposito,116.52,910,196,PS396027
3631,2023-08-31,17:18:47,deposito,49.23,656,261,VY118399
3632,2019-12-22,12:37:46,prelievo,65.53,710,138,tB382032
3633,2024-03-24,16:02:59,deposito,28.28,187,17,Me898429
3634,2019-11-11,06:21:53,prelievo,92.54,595,167,DA024366
3635,2020-03-11,00:18:24,prelievo,199.6,627,28,IQ700373
3636,2026-04-15,16:14:26,lista_movimenti,,574,169,BP056272
3637,2021-02-06,03:35:14,deposito,178.09,519,64,kQ808429
3638,2021-05-28,07:27:06,prelievo,12.98,256,241,RY237051
3639,2023-08-18,00:46:57,deposito,164.37,732,67,pY825420
3640,2017-04-18,14:46:32,deposito,166.35,754,244,es330579
3641,2025-05-03,10:32:15,lista_movimenti,,966,134,ES861072
3642,2021-06-03,14:16:20,prelievo,43.39,902,68,Or390873
3643,2022-09-02,19:19:56,lista_movimenti,,237,12,AK157155
3644,2021-11-25,14:29:28,prelievo,105.83,902,8,Or390873
3645,2015-02-03,17:41:27,saldo,,1038,195,nr789322
3646,2021-07-28,17:36:26,prelievo,104.35,1046,158,eV915408
3647,2015-03-02,15:07:55,deposito,71.74,754,41,es330579
3648,2022-09-09,07:02:51,deposito,15.24,624,278,Fh485201
3649,2016-10-05,09:20:10,prelievo,106.76,704,55,LY958187
3650,2022-02-17,06:20:41,deposito,150.83,20,108,Il304858
3651,2025-10-17,14:57:14,prelievo,144.43,1158,83,DB955466
3652,2017-02-21,14:54:24,saldo,,210,254,jQ847812
3653,2025-04-09,05:20:31,deposito,157.81,907,281,Si656249
3654,2017-08-10,18:46:34,lista_movimenti,,261,180,Cr073637
3655,2022-12-06,12:16:58,deposito,177.56,453,244,Tg814433
3656,2024-07-19,17:05:33,saldo,,860,211,Cl294650
3657,2025-02-13,23:55:28,saldo,,965,3,nr798617
3658,2023-04-19,13:12:38,prelievo,164.96,1183,173,YZ657359
3659,2025-09-10,11:16:01,deposito,46.0,513,237,eP594696
3660,2023-04-30,21:38:33,prelievo,54.96,562,113,th819559
3661,2022-05-01,07:41:42,lista_movimenti,,89,100,BZ035284
3662,2026-01-28,22:53:55,saldo,,268,190,QY333112
3663,2012-04-10,07:28:07,deposito,30.67,986,214,tr946002
3664,2026-01-05,00:38:21,deposito,27.53,390,113,DK217459
3665,2025-06-03,03:49:09,lista_movimenti,,233,96,Yg954846
3666,2025-07-29,04:44:39,prelievo,173.26,993,287,XY407086
3667,2025-06-17,04:01:40,prelievo,60.34,171,78,Wl128503
3668,2017-11-28,21:33:59,deposito,156.05,333,214,rU458630
3669,2021-02-21,06:28:44,deposito,122.82,728,54,ni405247
3670,2025-08-02,12:26:59,saldo,,868,190,xp147975
3671,2024-03-25,21:11:28,lista_movimenti,,1169,141,lf698830
3672,2024-12-09,04:32:27,deposito,90.2,642,66,wD928648
3673,2016-02-09,19:21:55,saldo,,1090,190,Re932589
3674,2025-05-12,09:06:38,prelievo,110.31,885,203,kD004578
3675,2024-05-07,07:19:33,prelievo,195.9,899,226,vh211869
3676,2025-05-12,06:58:47,prelievo,37.8,786,269,gi657254
3677,2025-08-01,21:11:45,deposito,16.38,1185,273,tx806053
3678,2024-08-14,18:21:09,deposito,66.41,762,106,gs248964
3679,2019-07-28,20:38:29,prelievo,83.61,49,124,rE279047
3680,2017-03-16,20:48:05,prelievo,181.16,140,235,BL586716
3681,2023-05-16,16:24:11,prelievo,129.25,284,231,ZR076100
3682,2022-06-07,02:32:22,deposito,70.8,1171,19,Pb698210
3683,2024-07-26,12:44:56,prelievo,160.73,984,239,iR911000
3684,2023-10-23,05:06:37,lista_movimenti,,288,24,aj618924
3685,2024-09-23,13:54:01,deposito,142.42,892,145,gt912771
3686,2025-05-23,09:24:20,deposito,43.59,505,163,dl073667
3687,2025-01-16,12:30:57,prelievo,162.2,1008,56,HX846311
3688,2021-10-13,10:51:14,deposito,36.47,925,10,fd940196
3689,2025-11-22,21:54:09,prelievo,194.62,885,34,kD004578
3690,2019-09-25,03:57:43,deposito,137.11,1165,206,bu038748
3691,2015-12-02,16:02:20,deposito,69.93,996,242,ZB608610
3692,2014-05-26,11:55:13,saldo,,19,33,of763649
3693,2019-11-15,11:35:24,deposito,102.55,900,80,bv090281
3694,2024-06-14,00:45:22,prelievo,84.94,1118,210,WF512285
3695,2025-07-19,06:12:34,saldo,,159,134,ZZ571433
3696,2014-12-15,05:40:15,deposito,109.77,697,198,dw577425
3697,2023-01-03,18:01:09,prelievo,134.24,639,240,jy431161
3698,2021-07-29,09:53:51,deposito,11.87,735,205,DN152459
3699,2018-04-30,09:37:50,prelievo,73.35,873,170,TX476836
3700,2020-10-16,00:48:44,prelievo,96.71,45,158,aW776807
3701,2022-05-02,01:42:24,prelievo,129.65,707,158,SZ857761
3702,2018-06-04,03:48:53,deposito,62.17,92,97,uV538170
3703,2020-10-04,22:57:21,prelievo,36.05,759,59,cs986645
3704,2014-04-09,03:24:20,deposito,152.05,91,292,qw964992
3705,2026-02-01,21:28:05,saldo,,1093,124,VW521589
3706,2014-05-11,02:18:15,lista_movimenti,,996,18,ZB608610
3707,2025-10-22,11:06:51,prelievo,30.32,667,103,Un523687
3708,2023-11-04,02:24:39,deposito,28.83,185,77,FI746949
3709,2025-04-06,22:58:15,prelievo,118.1,690,26,nV224408
3710,2025-01-07,01:04:35,lista_movimenti,,1043,216,Sz782800
3711,2020-11-19,18:32:27,deposito,161.91,1110,212,PU824490
3712,2023-06-22,07:10:29,deposito,171.07,817,207,Or478011
3713,2018-08-11,14:58:21,deposito,20.96,529,126,Ys874256
3714,2023-08-08,22:28:17,deposito,155.59,9,50,LA267757
3715,2019-08-02,08:48:35,prelievo,41.01,1063,249,ml256657
3716,2022-09-30,02:44:56,deposito,160.28,808,7,hm879937
3717,2020-07-20,05:33:02,deposito,191.05,1004,223,hM518093
3718,2019-08-08,14:16:34,prelievo,41.55,516,47,by901269
3719,2025-11-30,10:41:36,prelievo,19.81,23,86,Kv616996
3720,2020-11-28,13:07:48,deposito,69.78,849,90,sy775844
3721,2017-05-12,11:24:14,deposito,167.53,1021,214,FN134404
3722,2024-12-28,14:54:49,prelievo,62.99,968,41,aI451523
3723,2025-09-21,02:07:30,prelievo,190.05,798,241,nv114486
3724,2024-03-27,17:13:56,prelievo,89.82,124,2,bg952396
3725,2026-04-13,04:01:04,prelievo,39.04,96,269,WN062639
3726,2020-09-05,08:43:27,deposito,77.18,105,72,xP495035
3727,2023-12-05,18:12:16,deposito,98.95,851,49,dO192214
3728,2026-04-06,20:51:21,deposito,174.67,975,114,Ji594920
3729,2023-03-23,06:33:22,prelievo,16.37,966,14,ES861072
3730,2020-06-22,10:52:59,saldo,,465,63,bv415201
3731,2025-12-22,12:02:12,deposito,28.45,911,150,vn550233
3732,2024-06-22,01:59:23,saldo,,274,278,rQ442213
3733,2023-09-13,08:45:25,deposito,185.41,427,267,rR690371
3734,2020-03-29,11:55:48,prelievo,54.35,1129,102,EP263695
3735,2020-05-17,12:45:48,prelievo,39.26,424,33,DZ553847
3736,2024-03-12,11:27:51,deposito,25.45,392,24,EF103007
3737,2023-03-24,01:21:50,prelievo,186.02,24,292,RU211254
3738,2020-10-28,17:08:46,lista_movimenti,,219,1,qd982333
3739,2018-06-21,12:56:14,saldo,,1095,234,Ao945467
3740,2019-10-06,09:07:45,deposito,33.76,176,75,jK495738
3741,2024-05-15,15:46:02,lista_movimenti,,511,143,Rx296457
3742,2015-02-23,19:28:03,prelievo,50.11,389,172,lU144500
3743,2025-05-12,17:37:22,lista_movimenti,,460,12,Pa566847
3744,2020-07-21,08:22:24,deposito,113.5,912,213,PP822890
3745,2023-01-25,14:06:06,lista_movimenti,,971,10,Nm431440
3746,2016-06-28,22:35:49,prelievo,19.48,1014,37,Kj409420
3747,2023-06-06,21:55:55,prelievo,168.1,437,247,tw043140
3748,2021-01-21,02:07:52,saldo,,228,283,mp276755
3749,2022-06-11,02:35:57,prelievo,85.12,1184,43,XG080279
3750,2021-05-09,15:16:51,prelievo,161.68,1097,142,uq260383
3751,2018-04-04,10:36:00,prelievo,16.92,20,174,Il304858
3752,2022-06-17,14:14:55,deposito,86.14,210,52,jQ847812
3753,2023-12-11,02:29:06,saldo,,895,212,Jj492450
3754,2019-03-22,21:42:20,saldo,,116,255,ir700674
3755,2025-05-21,13:55:26,saldo,,409,178,uk018796
3756,2025-07-04,15:15:51,prelievo,177.31,551,221,JH833801
3757,2015-09-04,21:50:39,deposito,51.09,186,33,YO863486
3758,2025-03-23,11:16:18,lista_movimenti,,259,289,JU585456
3759,2025-03-31,19:52:52,deposito,72.3,242,79,kH373446
3760,2023-08-20,01:55:01,prelievo,110.65,567,103,nW478567
3761,2020-03-14,12:56:11,prelievo,180.96,866,239,Vx711810
3762,2025-03-14,03:32:52,deposito,64.38,798,103,nv114486
3763,2019-11-20,08:19:04,lista_movimenti,,160,206,kS794698
3764,2025-04-04,20:43:12,prelievo,174.43,887,248,LQ256301
3765,2019-07-23,13:14:54,deposito,68.31,331,50,Yr503074
3766,2024-11-12,03:54:45,prelievo,155.08,357,24,wa254369
3767,2024-10-23,06:56:57,prelievo,164.15,59,288,tg076802
3768,2017-11-11,11:54:10,deposito,155.83,347,222,oR911147
3769,2022-10-28,21:55:49,prelievo,56.07,445,191,tW445386
3770,2024-03-27,15:49:23,deposito,85.79,220,300,kg439144
3771,2023-05-23,15:10:24,deposito,63.15,205,98,QO037403
3772,2024-08-22,12:33:31,saldo,,122,62,hF448006
3773,2024-07-15,07:30:50,deposito,152.86,1046,93,eV915408
3774,2026-03-08,07:58:13,lista_movimenti,,1086,254,RP154564
3775,2024-03-31,21:55:43,saldo,,29,286,cO966688
3776,2021-08-02,17:09:40,lista_movimenti,,1120,56,FT220278
3777,2019-04-06,13:08:45,saldo,,551,208,JH833801
3778,2024-05-25,02:48:13,deposito,100.6,867,37,Ws149781
3779,2022-06-25,06:55:09,saldo,,605,251,xl475440
3780,2022-07-08,05:21:57,deposito,162.93,1164,113,PY170633
3781,2022-08-03,14:00:07,deposito,165.66,655,115,rv516182
3782,2026-04-16,15:17:18,deposito,52.2,266,1,SS418065
3783,2014-06-27,05:56:15,prelievo,140.97,488,62,zd589532
3784,2024-06-28,05:19:38,prelievo,129.92,148,29,xz777284
3785,2021-12-09,02:56:54,saldo,,1169,32,lf698830
3786,2024-07-08,16:18:49,lista_movimenti,,976,98,Pq679811
3787,2019-06-25,03:19:15,deposito,85.18,429,87,KG991994
3788,2025-05-04,09:26:43,deposito,176.2,449,195,Kf023732
3789,2019-03-11,16:45:09,deposito,112.36,578,256,eg649602
3790,2025-12-07,19:29:48,deposito,75.62,402,152,kC493574
3791,2017-11-26,10:57:40,lista_movimenti,,1111,282,Ua519335
3792,2025-01-14,02:34:49,saldo,,967,220,tP509381
3793,2016-08-17,00:18:59,deposito,55.35,87,37,jy557244
3794,2017-04-12,20:19:27,saldo,,355,234,aw417136
3795,2023-04-20,20:30:51,prelievo,23.39,453,299,Tg814433
3796,2023-12-29,20:09:36,prelievo,136.1,239,179,Qs838303
3797,2022-11-06,08:03:02,deposito,24.15,878,44,IC398346
3798,2019-08-07,20:59:38,prelievo,39.76,627,66,IQ700373
3799,2025-04-22,10:58:38,deposito,180.32,830,29,jq718409
3800,2022-03-29,12:47:25,prelievo,125.84,1046,265,eV915408
3801,2020-06-11,22:59:23,prelievo,109.28,292,186,Ar792575
3802,2015-04-01,09:00:34,prelievo,148.91,247,153,wz717652
3803,2013-10-31,11:59:28,prelievo,178.69,639,233,jy431161
3804,2017-02-25,18:31:46,prelievo,57.37,1181,177,IW372126
3805,2022-08-20,14:54:19,prelievo,135.29,282,247,lU104218
3806,2021-09-19,17:26:34,prelievo,42.42,1076,187,lh950797
3807,2020-01-12,21:04:21,deposito,10.8,373,230,UI724109
3808,2021-04-30,06:29:01,prelievo,29.73,728,229,ni405247
3809,2020-09-15,13:50:48,deposito,122.97,55,96,Qy023469
3810,2025-12-10,11:08:02,prelievo,31.07,682,270,iF563696
3811,2025-06-01,14:16:22,saldo,,968,3,aI451523
3812,2023-09-07,19:50:11,lista_movimenti,,934,44,AK622148
3813,2025-09-01,03:17:02,prelievo,118.01,874,168,vE764859
3814,2025-07-14,18:29:37,deposito,187.53,485,24,Eu704908
3815,2026-02-26,18:04:45,lista_movimenti,,723,155,pZ806166
3816,2018-06-10,04:45:39,saldo,,25,48,AQ934320
3817,2026-04-26,11:52:28,prelievo,10.44,594,88,mR705225
3818,2025-05-30,15:29:32,lista_movimenti,,477,255,ga917085
3819,2026-01-05,08:53:21,deposito,196.37,290,80,Wx718192
3820,2025-05-22,13:35:41,deposito,158.77,1198,283,aq051572
3821,2025-02-26,07:09:43,deposito,141.55,656,242,VY118399
3822,2025-01-05,08:05:55,prelievo,63.47,1108,178,Ur630330
3823,2016-11-12,09:53:46,deposito,120.4,1072,265,fX001016
3824,2023-05-08,06:47:56,prelievo,183.21,346,112,qi991288
3825,2021-11-12,13:10:50,deposito,111.12,1031,245,dv995602
3826,2022-06-15,23:34:40,deposito,178.59,1152,40,KC264572
3827,2024-08-28,15:36:27,deposito,72.05,259,179,JU585456
3828,2018-07-31,21:38:13,prelievo,70.65,442,60,yt823356
3829,2015-09-04,18:37:17,saldo,,448,139,BC597992
3830,2024-02-26,23:10:23,deposito,161.5,279,290,Xh076423
3831,2023-06-18,19:17:16,deposito,176.97,684,35,yb536196
3832,2025-02-02,18:38:33,lista_movimenti,,799,65,FE732602
3833,2022-11-18,06:37:49,prelievo,101.45,537,57,my407161
3834,2019-03-19,23:41:51,saldo,,342,166,NC797332
3835,2022-05-18,00:19:52,prelievo,180.41,971,11,Nm431440
3836,2021-01-03,03:58:09,saldo,,332,279,Am957427
3837,2024-11-04,07:01:57,lista_movimenti,,726,204,cf448188
3838,2017-05-27,17:53:29,deposito,130.92,912,213,PP822890
3839,2022-10-12,22:44:08,prelievo,150.62,65,268,Jv233576
3840,2023-05-12,15:28:54,prelievo,10.24,383,172,li800403
3841,2025-08-25,08:23:28,prelievo,72.66,65,175,Jv233576
3842,2023-08-24,04:58:17,deposito,172.87,337,257,IK746274
3843,2025-05-18,09:21:48,lista_movimenti,,122,194,hF448006
3844,2014-03-21,13:34:02,deposito,94.57,1063,107,ml256657
3845,2015-01-19,14:49:09,prelievo,188.29,982,165,mG363466
3846,2019-02-23,18:24:25,lista_movimenti,,861,204,vn247656
3847,2020-10-26,08:36:25,prelievo,171.49,415,231,me115735
3848,2021-08-25,19:49:30,saldo,,832,89,ce326484
3849,2019-04-02,13:24:07,saldo,,922,31,wi094558
3850,2023-12-23,01:25:33,saldo,,250,267,BA681787
3851,2023-01-25,00:23:20,deposito,194.1,645,124,Me943050
3852,2019-06-08,12:24:05,prelievo,81.37,1159,118,LT975737
3853,2026-02-21,05:52:31,prelievo,74.47,225,31,mN780589
3854,2022-03-05,11:37:28,saldo,,502,160,aT559634
3855,2024-04-10,13:30:43,deposito,26.63,1070,270,WO447305
3856,2025-09-06,18:12:46,prelievo,84.72,1010,209,kK578071
3857,2024-01-05,01:39:39,deposito,173.01,673,157,yu363595
3858,2026-01-02,05:10:40,deposito,131.51,267,107,cq633006
3859,2017-11-10,05:49:09,lista_movimenti,,249,212,HF644990
3860,2016-01-24,20:29:21,lista_movimenti,,697,31,dw577425
3861,2022-12-28,09:00:17,deposito,92.19,658,284,FE893788
3862,2024-12-13,21:26:30,prelievo,11.46,816,294,Pv978155
3863,2026-04-16,00:45:47,lista_movimenti,,1001,46,sk102317
3864,2017-05-12,06:22:07,deposito,81.08,1017,246,qe525232
3865,2022-02-13,23:21:55,deposito,173.94,453,252,Tg814433
3866,2019-10-04,14:09:52,prelievo,126.88,1153,61,YW550301
3867,2026-01-30,06:47:26,deposito,76.57,1045,69,lY513046
3868,2025-07-16,05:15:08,prelievo,117.17,870,128,Zb761079
3869,2023-04-13,04:45:44,deposito,28.79,610,75,bP156584
3870,2023-10-17,06:44:05,prelievo,107.46,235,239,rG927062
3871,2025-06-15,11:27:58,lista_movimenti,,309,257,AY709126
3872,2019-10-09,02:41:17,prelievo,156.95,1164,276,PY170633
3873,2024-12-20,03:23:31,prelievo,159.07,485,134,Eu704908
3874,2024-10-08,13:10:53,prelievo,142.16,705,73,qu870265
3875,2021-10-02,13:31:53,deposito,78.9,510,185,RB463373
3876,2015-07-14,10:57:10,prelievo,195.71,931,22,FE691835
3877,2024-10-29,16:19:13,prelievo,152.47,455,29,Wc183299
3878,2024-03-02,11:44:57,deposito,78.14,940,30,AQ212917
3879,2023-06-19,07:24:07,prelievo,191.9,496,16,mj431401
3880,2021-06-06,12:18:04,deposito,54.4,870,2,Zb761079
3881,2025-07-08,22:00:46,deposito,133.57,1025,177,oT570600
3882,2019-10-28,17:56:53,deposito,141.87,982,140,mG363466
3883,2026-03-13,03:27:41,lista_movimenti,,1190,244,EH922865
3884,2018-02-18,06:28:56,prelievo,141.63,1132,174,wq263671
3885,2022-12-19,08:37:56,deposito,56.15,377,252,bz198798
3886,2020-09-22,05:30:10,prelievo,109.58,395,148,uc759901
3887,2020-07-22,22:37:35,deposito,171.4,631,189,rU109008
3888,2025-06-24,01:01:23,prelievo,90.05,203,115,xE705573
3889,2018-05-30,18:23:50,saldo,,987,31,SU749508
3890,2025-08-22,18:23:43,lista_movimenti,,801,133,zx581123
3891,2023-03-07,22:05:23,deposito,74.57,196,85,Bx779941
3892,2023-03-09,08:56:40,deposito,140.17,259,296,JU585456
3893,2022-02-21,10:46:29,lista_movimenti,,960,122,oq084099
3894,2025-03-26,22:22:36,deposito,64.67,255,116,xg784797
3895,2024-07-26,21:58:06,prelievo,51.5,6,279,Mb533097
3896,2021-11-27,16:49:43,deposito,149.78,315,183,LL409499
3897,2022-12-29,19:27:44,deposito,37.49,479,23,cy083645
3898,2024-09-30,17:03:19,saldo,,70,48,Bi629540
3899,2019-12-05,04:49:56,deposito,118.95,456,168,bV036672
3900,2023-12-21,10:30:43,prelievo,67.61,1100,80,gI125795
3901,2023-10-14,10:46:46,deposito,26.21,456,53,bV036672
3902,2023-07-19,02:13:59,deposito,37.43,272,71,gT041205
3903,2020-05-30,13:40:11,prelievo,10.55,343,22,bA149454
3904,2024-04-29,13:54:59,lista_movimenti,,271,155,iC021125
3905,2025-11-14,05:33:59,saldo,,531,143,jt809431
3906,2025-07-27,12:05:37,prelievo,143.6,240,88,tX230004
3907,2020-09-08,08:32:37,deposito,69.86,173,200,he314403
3908,2024-10-17,09:47:40,deposito,56.04,319,124,nC549438
3909,2024-08-29,23:04:27,prelievo,171.74,496,293,mj431401
3910,2020-12-20,11:33:31,deposito,108.54,391,83,Vj240239
3911,2024-12-29,21:49:54,prelievo,54.59,1154,182,OL183343
3912,2025-07-28,12:27:51,saldo,,337,9,IK746274
3913,2022-10-04,21:20:32,prelievo,17.61,922,273,wi094558
3914,2017-04-27,23:54:21,prelievo,192.02,609,145,tJ636285
3915,2024-07-25,19:08:04,prelievo,198.67,832,158,ce326484
3916,2020-10-02,15:14:27,saldo,,893,127,Hk597267
3917,2022-03-19,13:16:20,prelievo,36.44,725,202,Qs637803
3918,2022-02-13,14:19:05,deposito,54.09,1156,277,CE752078
3919,2026-04-16,16:46:46,deposito,156.65,665,225,kb286657
3920,2026-01-19,14:38:37,lista_movimenti,,822,182,uJ519016
3921,2023-03-02,14:47:35,deposito,175.34,96,114,WN062639
3922,2024-11-28,21:27:16,prelievo,62.37,374,290,zf209365
3923,2023-01-06,22:17:36,saldo,,96,122,WN062639
3924,2023-03-30,11:15:28,prelievo,103.3,39,15,no127180
3925,2023-04-29,10:17:38,saldo,,477,129,ga917085
3926,2018-05-31,16:02:36,prelievo,15.25,600,163,ax385606
3927,2023-05-04,01:48:54,saldo,,89,190,BZ035284
3928,2024-12-01,05:56:19,deposito,120.03,854,193,My114455
3929,2024-04-16,15:58:37,prelievo,15.09,327,18,Gj834453
3930,2026-05-02,13:19:17,saldo,,101,212,IN155148
3931,2024-06-27,15:27:26,prelievo,114.98,817,98,Or478011
3932,2016-06-24,22:09:56,deposito,22.86,1011,215,kj751268
3933,2023-07-16,04:50:27,deposito,93.22,731,271,hv757284
3934,2016-08-02,09:55:54,prelievo,51.52,751,251,Bh940343
3935,2025-11-05,16:24:36,lista_movimenti,,719,125,Ac326834
3936,2022-05-06,02:13:28,prelievo,141.75,933,172,qi152358
3937,2024-12-26,00:27:47,deposito,62.57,220,148,kg439144
3938,2025-03-25,10:37:43,deposito,52.66,686,150,tL382748
3939,2022-11-22,19:52:07,prelievo,191.77,315,11,LL409499
3940,2020-06-09,11:42:37,deposito,192.44,989,290,kW532191
3941,2019-10-12,14:20:13,prelievo,16.1,34,76,DK876695
3942,2025-01-31,19:35:13,deposito,45.94,915,35,Dl823981
3943,2026-03-26,17:59:10,prelievo,154.61,672,28,Sx888264
3944,2012-10-18,09:45:04,prelievo,39.28,1164,87,PY170633
3945,2023-05-01,04:57:00,deposito,68.35,1120,4,FT220278
3946,2015-10-04,12:59:41,lista_movimenti,,389,259,lU144500
3947,2020-05-22,23:43:05,lista_movimenti,,1053,279,CB045667
3948,2021-07-06,18:29:19,deposito,150.91,893,48,Hk597267
3949,2024-07-31,00:05:26,deposito,152.02,500,265,Tq465040
3950,2022-04-13,07:06:15,deposito,104.23,1188,275,Wy463276
3951,2021-10-09,06:36:15,saldo,,493,244,cA080952
3952,2019-05-11,02:42:10,prelievo,141.15,1038,14,nr789322
3953,2020-09-14,04:55:22,prelievo,75.45,140,170,BL586716
3954,2020-02-14,23:33:03,saldo,,1148,159,zH881822
3955,2022-12-28,20:06:09,deposito,122.05,649,86,aM947760
3956,2022-10-29,06:33:54,deposito,68.42,469,268,WM351496
3957,2025-11-16,12:38:48,prelievo,155.06,910,241,PS396027
3958,2024-01-09,05:20:47,deposito,150.0,487,22,NS535369
3959,2025-05-27,22:10:29,saldo,,1000,104,FH413999
3960,2025-11-27,15:09:54,saldo,,428,40,Mh809725
3961,2025-07-19,06:01:19,deposito,64.66,301,227,aU233191
3962,2023-09-05,01:30:45,prelievo,45.27,792,171,Wd120932
3963,2026-02-05,11:51:51,deposito,132.83,393,115,nl962340
3964,2026-02-22,16:44:03,saldo,,494,151,Wz067907
3965,2023-07-25,15:10:23,deposito,70.86,1182,81,LJ127341
3966,2024-12-01,01:52:04,saldo,,244,242,Fu568851
3967,2015-06-16,05:59:39,prelievo,128.89,670,220,yh183374
3968,2022-08-06,15:18:11,prelievo,62.91,426,174,rl162896
3969,2019-12-25,10:05:04,lista_movimenti,,913,151,in303073
3970,2021-04-27,22:59:02,prelievo,55.1,495,163,sn623722
3971,2013-02-07,01:16:48,deposito,60.88,789,112,IB961263
3972,2024-03-16,19:45:01,saldo,,945,236,ml839599
3973,2026-02-15,04:34:38,saldo,,1190,228,EH922865
3974,2021-11-22,03:48:13,deposito,108.89,1034,184,ct634978
3975,2023-12-06,15:01:38,saldo,,1156,224,CE752078
3976,2025-01-07,04:29:36,prelievo,142.38,860,2,Cl294650
3977,2021-08-10,13:19:36,saldo,,646,107,Rp412918
3978,2025-11-24,21:32:50,lista_movimenti,,1057,43,CP061307
3979,2012-03-09,21:39:55,deposito,119.8,489,266,zY827523
3980,2025-10-22,11:07:10,saldo,,939,141,PZ716515
3981,2022-08-06,17:31:50,deposito,13.3,31,183,ff382517
3982,2020-11-28,12:03:09,lista_movimenti,,949,255,tK859754
3983,2019-05-28,12:20:19,lista_movimenti,,751,233,Bh940343
3984,2019-03-05,06:15:16,lista_movimenti,,1059,196,Cr820090
3985,2025-12-26,03:19:29,prelievo,71.95,266,216,SS418065
3986,2019-06-13,01:31:35,deposito,195.87,963,138,qg668102
3987,2020-10-23,19:49:45,prelievo,103.24,120,99,Ee450079
3988,2020-05-10,21:02:49,prelievo,184.47,803,283,bu243545
3989,2020-09-08,16:45:38,deposito,116.12,17,19,xk238573
3990,2017-05-31,02:31:52,prelievo,195.71,314,66,XR431449
3991,2018-03-23,17:02:14,prelievo,62.58,120,4,Ee450079
3992,2026-04-02,13:07:25,lista_movimenti,,1117,272,zy090818
3993,2023-11-13,04:40:44,deposito,94.19,1090,156,Re932589
3994,2025-11-10,08:43:42,deposito,112.82,130,156,FM266022
3995,2022-07-29,12:06:54,deposito,58.82,534,149,ue295982
3996,2016-04-26,23:01:44,deposito,50.26,160,241,kS794698
3997,2026-01-22,20:30:52,deposito,190.87,751,23,Bh940343
3998,2025-01-12,05:35:19,deposito,86.76,1001,222,sk102317
3999,2017-09-29,22:24:54,lista_movimenti,,1175,25,eK966435
4000,2019-01-11,10:46:09,saldo,,569,127,Xg998985
4001,2023-02-03,21:04:11,saldo,,948,227,VG308634
4002,2021-01-01,18:23:07,deposito,55.32,268,68,QY333112
4003,2022-06-24,11:56:10,prelievo,45.79,844,203,UQ481602
4004,2022-09-11,21:03:37,prelievo,188.4,31,15,ff382517
4005,2025-08-28,17:34:49,deposito,154.35,65,277,Jv233576
4006,2021-11-13,17:33:28,deposito,105.16,259,168,JU585456
4007,2019-10-27,08:41:04,prelievo,23.72,189,89,NM636869
4008,2024-02-04,02:04:30,lista_movimenti,,42,116,qK999153
4009,2024-07-04,11:27:06,deposito,72.66,1144,25,vg612522
4010,2020-05-06,23:27:50,deposito,160.48,740,75,XL707137
4011,2024-12-22,02:05:21,lista_movimenti,,459,89,BA662880
4012,2025-01-20,16:21:57,deposito,28.04,874,91,vE764859
4013,2024-09-29,02:24:37,deposito,146.38,411,105,PF743607
4014,2023-10-03,00:13:44,saldo,,289,194,Mo655144
4015,2022-05-12,06:45:16,prelievo,110.03,804,27,NR877461
4016,2022-10-05,21:58:03,prelievo,100.31,724,22,Ve878154
4017,2023-06-14,10:50:01,deposito,128.8,114,210,Xr318688
4018,2025-03-09,03:01:13,saldo,,392,243,EF103007
4019,2022-09-07,13:16:52,prelievo,190.14,1046,165,eV915408
4020,2023-12-13,08:42:10,prelievo,26.98,536,205,Dv935647
4021,2019-08-03,11:00:40,saldo,,835,286,un560535
4022,2014-03-06,01:29:40,deposito,70.25,538,42,XN507608
4023,2022-03-19,20:54:10,saldo,,840,131,zN382122
4024,2021-05-28,17:30:32,lista_movimenti,,304,123,TN543457
4025,2025-05-12,23:13:16,deposito,41.69,936,238,mH874415
4026,2020-12-03,15:34:33,deposito,154.25,256,60,RY237051
4027,2025-12-15,01:56:20,prelievo,41.55,101,84,IN155148
4028,2024-01-05,15:19:20,saldo,,922,116,wi094558
4029,2014-05-12,16:19:07,prelievo,97.96,407,187,ou846051
4030,2026-04-23,09:35:42,prelievo,150.37,78,139,Xc965152
4031,2016-06-19,13:29:36,deposito,12.12,952,128,ix583690
4032,2024-11-07,21:25:28,deposito,141.37,669,271,XK759483
4033,2021-11-14,07:22:31,lista_movimenti,,884,110,Th922611
4034,2024-02-24,10:05:42,prelievo,189.57,265,230,Go119412
4035,2020-05-13,02:16:22,deposito,178.95,277,244,Ye945287
4036,2020-09-08,23:41:17,saldo,,163,20,kF660628
4037,2026-03-22,19:52:06,prelievo,51.23,566,266,hE742294
4038,2024-06-29,06:26:17,prelievo,153.43,998,184,bI476030
4039,2017-06-29,05:40:40,prelievo,126.34,325,123,ZV821070
4040,2019-11-26,01:22:24,deposito,84.82,1097,227,uq260383
4041,2025-02-08,23:45:56,prelievo,63.37,1108,223,Ur630330
4042,2025-06-21,02:35:06,prelievo,141.93,410,41,rH671688
4043,2020-01-01,06:26:50,deposito,128.43,244,287,Fu568851
4044,2020-01-19,04:20:42,saldo,,933,65,qi152358
4045,2025-12-27,12:09:59,deposito,111.74,86,229,Yk695622
4046,2025-08-01,17:33:29,saldo,,235,60,rG927062
4047,2026-02-20,20:16:02,deposito,40.68,945,5,ml839599
4048,2018-05-13,14:24:15,deposito,26.99,724,109,Ve878154
4049,2015-04-30,23:58:25,lista_movimenti,,811,300,XA486278
4050,2022-10-30,02:42:58,deposito,14.98,1182,108,LJ127341
4051,2023-02-22,05:24:51,prelievo,124.53,695,4,hL257603
4052,2025-04-14,20:08:47,deposito,63.09,673,283,yu363595
4053,2023-10-24,11:55:27,deposito,56.85,570,60,TB016748
4054,2013-02-13,18:29:02,prelievo,185.32,677,23,sR730774
4055,2021-01-08,06:08:27,prelievo,159.67,931,245,FE691835
4056,2024-10-15,06:44:56,deposito,31.8,1084,25,wM087977
4057,2025-05-05,12:36:07,lista_movimenti,,171,246,Wl128503
4058,2025-10-01,04:29:11,prelievo,81.2,676,17,aY201522
4059,2024-08-28,02:02:14,prelievo,84.22,142,156,Zp331630
4060,2020-01-28,09:12:42,deposito,139.23,740,189,XL707137
4061,2025-09-26,04:26:42,deposito,144.36,242,38,kH373446
4062,2025-02-11,20:17:03,lista_movimenti,,967,263,tP509381
4063,2013-09-16,10:46:58,saldo,,743,135,Iq680726
4064,2024-04-10,14:59:53,prelievo,124.75,121,57,Cq701737
4065,2025-11-04,14:27:49,prelievo,10.12,1039,76,DN145486
4066,2022-02-09,20:12:17,deposito,148.06,85,143,Mh980046
4067,2022-09-14,06:03:05,lista_movimenti,,876,166,VE382295
4068,2024-03-26,22:11:00,deposito,68.98,1083,7,Ic271140
4069,2021-10-25,02:00:31,deposito,131.19,326,63,ML567127
4070,2026-01-19,12:45:15,lista_movimenti,,338,272,wb645545
4071,2025-09-07,19:35:22,lista_movimenti,,297,122,jf983145
4072,2022-09-11,03:13:53,deposito,108.46,825,185,DJ671866
4073,2023-02-01,17:46:10,prelievo,59.4,716,128,BH118138
4074,2018-07-18,08:03:52,deposito,185.62,322,113,lZ947762
4075,2022-01-23,14:08:46,prelievo,101.46,694,64,gn819449
4076,2025-07-01,04:58:08,deposito,150.07,867,274,Ws149781
4077,2022-12-19,10:24:52,saldo,,1116,236,mg882652
4078,2018-02-22,20:50:11,deposito,190.65,1078,143,DJ329704
4079,2024-06-13,12:39:47,saldo,,589,36,xf823982
4080,2024-03-21,23:39:53,deposito,30.51,740,3,XL707137
4081,2025-12-05,05:55:14,deposito,45.87,117,261,sM581489
4082,2024-05-11,14:49:20,deposito,149.58,554,282,wi212958
4083,2018-12-31,01:38:33,deposito,155.05,1119,251,Se418183
4084,2018-11-27,09:17:01,prelievo,84.76,732,150,pY825420
4085,2020-09-30,22:40:31,deposito,50.98,882,180,Rm212158
4086,2017-09-02,09:08:48,lista_movimenti,,1184,294,XG080279
4087,2023-01-11,00:32:17,lista_movimenti,,496,156,mj431401
4088,2025-08-16,22:11:31,prelievo,15.39,918,117,nV284576
4089,2019-10-31,20:46:55,prelievo,90.94,565,184,PQ225368
4090,2022-12-19,16:39:16,prelievo,64.38,872,26,bF048011
4091,2022-12-08,10:26:17,saldo,,362,95,gF507004
4092,2023-02-26,06:33:51,prelievo,80.47,640,38,NG037912
4093,2024-05-12,15:15:45,prelievo,91.56,530,23,th109211
4094,2022-07-23,15:56:25,deposito,112.51,253,275,uM884186
4095,2025-08-08,09:15:23,prelievo,87.61,41,10,PM740005
4096,2018-09-23,12:14:11,lista_movimenti,,140,296,BL586716
4097,2025-05-26,07:44:56,prelievo,147.38,1084,29,wM087977
4098,2014-09-10,02:42:13,saldo,,615,299,Wu128114
4099,2025-07-19,17:03:47,saldo,,888,263,RN445012
4100,2024-09-10,23:24:19,prelievo,145.38,461,103,tA880229
4101,2025-03-06,06:02:09,deposito,29.9,267,70,cq633006
4102,2026-02-13,16:42:22,deposito,105.23,572,96,Ek871018
4103,2014-11-28,05:59:37,deposito,191.07,297,170,jf983145
4104,2024-10-18,21:00:40,saldo,,233,190,Yg954846
4105,2024-06-10,22:26:15,prelievo,130.37,297,118,jf983145
4106,2022-12-28,17:55:26,prelievo,159.99,941,225,Zz733033
4107,2020-11-19,12:36:44,deposito,14.86,1189,241,xu943121
4108,2018-10-11,14:09:51,prelievo,61.88,230,45,Pa383066
4109,2018-03-18,09:44:31,prelievo,36.89,526,122,UK874121
4110,2026-01-15,09:11:08,deposito,20.64,203,287,xE705573
4111,2024-07-28,22:24:55,deposito,28.0,572,76,Ek871018
4112,2016-08-24,08:37:03,saldo,,893,201,Hk597267
4113,2024-03-27,18:11:45,lista_movimenti,,220,19,kg439144
4114,2019-02-03,17:23:47,lista_movimenti,,709,65,Fq907553
4115,2023-12-14,02:56:42,lista_movimenti,,956,31,Dm394360
4116,2025-03-31,20:41:36,deposito,199.9,852,264,gB355956
4117,2025-12-01,20:22:57,deposito,179.08,821,107,wo922446
4118,2020-12-18,14:12:31,deposito,185.31,783,291,Kh366288
4119,2021-11-04,06:05:09,deposito,173.39,245,205,Kn021481
4120,2020-12-20,17:48:33,deposito,13.01,841,65,AK934462
4121,2023-08-10,15:15:08,prelievo,170.37,457,292,dt046231
4122,2025-07-31,02:54:40,deposito,167.28,342,214,NC797332
4123,2022-12-30,13:02:20,prelievo,22.29,1129,2,EP263695
4124,2023-06-10,05:30:51,deposito,134.23,976,48,Pq679811
4125,2023-03-21,11:28:00,deposito,104.08,448,187,BC597992
4126,2023-04-11,01:09:16,prelievo,72.58,657,54,za157578
4127,2023-01-10,23:54:58,prelievo,168.65,985,194,tC026274
4128,2022-04-03,09:08:53,saldo,,129,188,Uo887356
4129,2025-04-27,07:04:28,deposito,109.6,485,286,Eu704908
4130,2023-12-20,10:35:59,deposito,92.24,1191,195,zh260869
4131,2022-01-15,08:18:41,saldo,,438,297,uG743017
4132,2025-04-19,19:28:18,prelievo,87.06,444,165,Id610604
4133,2025-12-26,22:18:20,prelievo,174.78,1144,240,vg612522
4134,2018-12-15,18:44:49,prelievo,109.73,788,55,Fc865300
4135,2018-02-23,05:42:06,deposito,119.72,397,105,PQ193294
4136,2026-02-16,12:46:28,deposito,86.84,115,17,Wt107337
4137,2025-01-04,08:50:16,deposito,86.07,315,158,LL409499
4138,2020-08-09,08:17:38,prelievo,68.06,174,162,aE852936
4139,2021-07-05,20:14:22,prelievo,153.67,832,171,ce326484
4140,2016-11-24,06:17:03,saldo,,1007,209,Sj076857
4141,2020-06-21,22:16:40,lista_movimenti,,67,83,Yp484566
4142,2021-11-02,17:32:03,deposito,39.34,394,98,JZ367469
4143,2024-06-23,04:15:08,prelievo,49.72,38,16,il026142
4144,2024-12-04,20:57:31,prelievo,25.81,385,39,UK443397
4145,2022-05-20,06:43:04,lista_movimenti,,855,194,tP142303
4146,2026-04-24,12:59:00,deposito,112.86,461,107,tA880229
4147,2021-07-13,04:02:52,deposito,164.29,1148,295,zH881822
4148,2024-11-29,04:07:46,prelievo,90.25,741,184,Jx955965
4149,2025-02-15,06:44:40,deposito,77.82,508,135,yb648820
4150,2025-06-17,02:41:23,saldo,,586,257,HB012003
4151,2026-01-14,23:48:41,prelievo,166.04,804,201,NR877461
4152,2022-01-06,22:04:07,saldo,,477,122,ga917085
4153,2026-01-11,15:43:48,saldo,,458,296,tL424108
4154,2016-04-20,04:54:36,deposito,26.84,765,11,RP715594
4155,2026-03-22,02:30:27,prelievo,16.05,628,217,Wt037433
4156,2020-03-26,07:23:33,saldo,,141,144,dG623498
4157,2021-05-21,13:33:13,lista_movimenti,,48,28,cd763882
4158,2012-09-14,02:55:35,prelievo,89.53,584,148,yx786339
4159,2024-01-17,13:46:16,deposito,142.59,1085,27,qj150655
4160,2025-02-09,10:11:19,prelievo,66.03,456,194,bV036672
4161,2018-11-14,05:50:45,deposito,198.9,1178,237,Bi015409
4162,2022-05-30,17:59:21,prelievo,192.86,161,51,Xa470418
4163,2026-01-03,16:56:39,lista_movimenti,,1098,280,dI033495
4164,2021-03-22,12:06:32,prelievo,136.01,549,271,nX547241
4165,2020-04-03,13:27:26,deposito,23.11,838,184,bu178332
4166,2024-11-26,06:27:28,prelievo,182.54,187,75,Me898429
4167,2024-12-05,22:54:23,saldo,,330,236,vB730025
4168,2024-09-29,14:33:02,prelievo,85.09,682,221,iF563696
4169,2020-01-28,15:13:47,deposito,61.04,293,19,js239010
4170,2023-01-15,06:40:58,deposito,137.62,913,277,in303073
4171,2025-08-01,18:37:39,prelievo,169.82,558,128,gm972297
4172,2023-02-26,22:44:43,deposito,76.82,1023,33,yr247876
4173,2025-08-27,10:47:50,prelievo,171.03,21,119,Ct779098
4174,2025-09-13,17:49:25,lista_movimenti,,993,267,XY407086
4175,2026-03-24,04:26:26,lista_movimenti,,631,196,rU109008
4176,2025-06-23,01:23:00,prelievo,137.09,90,202,Hn730442
4177,2021-01-13,17:46:53,deposito,79.52,641,78,mE154071
4178,2026-02-24,16:21:46,deposito,116.51,863,142,Pq996196
4179,2021-03-02,00:48:22,prelievo,188.0,649,178,aM947760
4180,2026-01-28,17:28:05,deposito,172.23,448,264,BC597992
4181,2023-09-05,09:03:10,saldo,,238,192,BA420391
4182,2024-08-20,01:34:51,prelievo,119.09,970,43,qr685854
4183,2023-09-09,01:29:35,saldo,,799,134,FE732602
4184,2025-03-08,07:37:30,deposito,190.94,739,97,yR196908
4185,2019-07-03,11:44:32,prelievo,134.28,1038,168,nr789322
4186,2025-06-12,04:14:49,prelievo,94.1,68,145,xO594286
4187,2021-01-17,20:51:11,lista_movimenti,,272,144,gT041205
4188,2023-09-28,22:50:33,prelievo,170.68,812,268,ja410389
4189,2023-05-28,16:22:53,saldo,,468,220,Ti017759
4190,2020-01-11,21:23:17,prelievo,148.14,622,217,VV522018
4191,2021-04-15,20:19:21,deposito,75.0,611,169,yp557604
4192,2023-02-15,00:39:29,prelievo,171.07,1099,96,OD153822
4193,2024-11-14,02:30:37,deposito,173.94,1136,297,ei795202
4194,2018-05-03,01:37:54,prelievo,89.66,1096,198,kl662302
4195,2025-06-08,08:49:27,prelievo,87.22,885,111,kD004578
4196,2025-11-10,18:16:38,deposito,142.26,981,147,Gd346720
4197,2021-08-03,06:47:50,prelievo,164.28,315,116,LL409499
4198,2025-11-20,06:44:16,saldo,,339,65,vj794623
4199,2024-04-29,18:53:16,saldo,,818,56,yZ059854
4200,2023-03-25,20:06:30,saldo,,754,63,es330579
4201,2025-11-02,20:19:56,deposito,89.37,117,8,sM581489
4202,2026-02-18,18:26:56,prelievo,112.74,78,78,Xc965152
4203,2022-11-06,11:59:53,deposito,47.98,743,191,Iq680726
4204,2025-07-05,15:46:10,deposito,89.94,798,57,nv114486
4205,2024-11-17,21:13:00,lista_movimenti,,18,228,zq360242
4206,2020-04-16,02:37:23,prelievo,177.99,1197,202,Gl263960
4207,2023-09-07,14:26:00,prelievo,100.87,36,1,xw344115
4208,2025-02-24,16:44:29,deposito,128.68,1094,155,Ao496677
4209,2024-12-31,05:23:30,saldo,,802,204,NO117837
4210,2020-02-11,23:48:42,prelievo,129.11,550,121,YR440769
4211,2026-01-27,10:02:40,lista_movimenti,,1068,42,KR910501
4212,2024-03-07,01:41:50,deposito,95.42,1038,238,nr789322
4213,2026-03-22,11:45:32,deposito,51.83,867,102,Ws149781
4214,2020-12-28,23:31:17,deposito,48.15,1039,114,DN145486
4215,2014-10-17,00:01:16,deposito,160.83,19,11,of763649
4216,2025-03-06,08:49:20,deposito,196.58,75,69,KG028766
4217,2024-03-30,08:34:07,saldo,,9,227,LA267757
4218,2024-03-17,08:09:01,prelievo,145.28,114,11,Xr318688
4219,2024-02-28,09:29:14,deposito,23.04,1198,40,aq051572
4220,2016-10-05,23:41:55,deposito,173.02,457,107,dt046231
4221,2014-04-23,12:33:14,saldo,,927,42,Tl519480
4222,2020-10-07,19:44:19,deposito,117.89,1159,89,LT975737
4223,2022-08-11,09:02:24,saldo,,678,30,iY549397
4224,2021-02-27,16:58:57,prelievo,123.02,1150,289,QG071620
4225,2025-04-30,23:22:00,deposito,23.98,574,132,BP056272
4226,2020-08-22,17:03:28,prelievo,13.11,931,155,FE691835
4227,2020-05-31,14:25:46,prelievo,124.15,374,187,zf209365
4228,2025-07-15,06:22:34,prelievo,22.67,117,271,sM581489
4229,2025-06-14,03:09:18,deposito,97.9,259,46,JU585456
4230,2024-01-25,21:47:49,lista_movimenti,,609,46,tJ636285
4231,2015-05-26,02:52:40,deposito,78.3,1015,54,Iv816311
4232,2019-05-04,14:10:15,prelievo,111.98,1009,62,ho830970
4233,2022-09-04,16:30:24,deposito,100.85,41,150,PM740005
4234,2021-09-08,07:57:11,lista_movimenti,,800,71,Dy649686
4235,2021-11-18,15:19:48,lista_movimenti,,204,126,md202995
4236,2025-10-22,21:54:18,prelievo,17.6,909,73,qy515003
4237,2019-05-27,20:38:29,lista_movimenti,,873,40,TX476836
4238,2021-08-10,21:30:45,prelievo,111.95,1106,254,yg261697
4239,2020-06-10,22:27:36,deposito,114.32,380,13,wb826682
4240,2022-02-14,05:48:22,deposito,191.06,914,106,VL286603
4241,2017-08-31,07:58:12,prelievo,49.43,535,67,Bu222421
4242,2016-06-29,10:32:38,deposito,196.62,866,62,Vx711810
4243,2022-06-03,05:05:43,prelievo,193.0,907,48,Si656249
4244,2015-09-13,16:04:53,prelievo,71.59,701,92,BM353526
4245,2026-04-09,12:08:28,deposito,198.46,1098,30,dI033495
4246,2015-09-18,12:09:46,deposito,177.25,110,295,vh862598
4247,2018-03-03,15:06:27,deposito,136.03,1047,146,WV167333
4248,2023-07-18,13:24:25,prelievo,65.04,301,175,aU233191
4249,2024-05-17,05:17:06,prelievo,153.88,899,192,vh211869
4250,2024-11-15,06:33:08,prelievo,81.32,968,219,aI451523
4251,2025-06-05,17:15:46,saldo,,154,10,CX234092
4252,2024-10-18,19:13:10,lista_movimenti,,706,125,FA324974
4253,2025-08-04,01:39:14,deposito,119.64,306,29,nN959712
4254,2019-10-02,01:00:17,prelievo,95.88,278,29,vv334835
4255,2024-09-12,12:17:59,deposito,166.59,530,146,th109211
4256,2024-10-02,10:09:01,deposito,71.15,670,82,yh183374
4257,2022-12-09,16:19:28,lista_movimenti,,1139,181,hf149424
4258,2019-05-26,00:40:52,deposito,26.67,1192,170,JQ672056
4259,2024-12-14,05:31:24,prelievo,43.51,536,287,Dv935647
4260,2026-03-21,02:47:10,deposito,135.1,942,108,nT639939
4261,2023-09-21,19:57:29,deposito,185.25,302,78,FS475878
4262,2025-09-14,10:19:31,prelievo,85.37,8,17,mK552103
4263,2019-05-06,06:45:37,prelievo,76.17,72,80,Sq657271
4264,2025-10-07,23:17:16,deposito,68.82,791,5,GG394977
4265,2025-07-26,01:13:55,prelievo,17.3,685,53,zV186944
4266,2021-03-29,10:09:22,deposito,165.4,482,37,IO521520
4267,2019-12-19,23:16:35,prelievo,44.26,137,82,Hx279400
4268,2022-12-29,10:58:39,saldo,,950,284,DV098714
4269,2025-11-15,15:37:23,deposito,66.14,906,27,it130049
4270,2016-10-09,19:32:01,prelievo,115.86,838,289,bu178332
4271,2025-06-19,20:59:50,prelievo,171.28,844,108,UQ481602
4272,2025-07-05,04:36:13,deposito,113.94,671,100,TQ799482
4273,2025-12-03,02:45:31,deposito,45.09,590,89,yb347850
4274,2025-08-09,23:41:52,prelievo,86.89,691,88,Pd126645
4275,2016-03-17,01:42:37,saldo,,1159,45,LT975737
4276,2015-10-27,08:56:17,prelievo,168.83,732,185,pY825420
4277,2025-09-10,04:03:31,prelievo,108.7,78,79,Xc965152
4278,2025-07-04,12:55:14,deposito,90.83,885,138,kD004578
4279,2022-09-29,13:25:50,prelievo,55.18,838,278,bu178332
4280,2018-05-28,18:11:44,deposito,130.19,489,240,zY827523
4281,2025-10-12,22:52:10,prelievo,108.4,538,147,XN507608
4282,2025-01-03,04:27:34,lista_movimenti,,387,46,Lr494654
4283,2020-11-28,00:42:51,prelievo,30.76,299,296,NS978939
4284,2014-01-18,18:42:23,lista_movimenti,,12,42,dJ053367
4285,2025-10-16,09:59:26,prelievo,119.86,348,59,qd961534
4286,2020-12-28,02:24:22,prelievo,198.07,270,173,Oy876662
4287,2025-01-23,10:05:23,saldo,,1106,91,yg261697
4288,2024-03-03,07:54:51,deposito,115.88,1012,229,jM558274
4289,2013-02-14,04:11:23,prelievo,143.95,425,25,cv644948
4290,2021-08-10,11:07:32,prelievo,106.8,229,205,Of817113
4291,2025-02-03,03:30:45,prelievo,172.74,868,109,xp147975
4292,2025-08-16,06:37:46,prelievo,106.48,280,207,qp316800
4293,2019-08-25,04:02:16,deposito,23.75,315,126,LL409499
4294,2021-05-03,02:44:15,lista_movimenti,,797,232,OQ112816
4295,2019-07-08,07:23:20,prelievo,124.09,428,128,Mh809725
4296,2021-12-23,14:20:25,saldo,,137,249,Hx279400
4297,2025-07-21,07:34:53,prelievo,142.3,532,236,yM087648
4298,2023-06-13,07:00:47,saldo,,810,294,zD075970
4299,2019-03-31,06:57:31,saldo,,436,288,el873252
4300,2024-05-07,09:28:49,prelievo,193.47,844,84,UQ481602
4301,2024-07-08,02:36:23,saldo,,1014,95,Kj409420
4302,2023-02-16,08:17:19,saldo,,665,79,kb286657
4303,2024-08-19,18:50:54,deposito,78.87,359,70,kD916717
4304,2026-03-06,02:07:43,prelievo,123.49,547,14,ax808967
4305,2025-07-16,01:28:58,deposito,115.94,967,290,tP509381
4306,2021-01-22,16:43:34,prelievo,41.36,1019,110,hX191650
4307,2023-05-09,12:14:55,lista_movimenti,,1177,94,aq472474
4308,2021-10-20,10:29:45,prelievo,160.03,1155,75,wh954331
4309,2017-05-29,12:13:06,saldo,,737,234,SF325425
4310,2021-05-01,05:46:47,deposito,153.69,283,230,Tp680817
4311,2020-11-29,02:05:58,deposito,86.1,481,175,eL802352
4312,2024-10-07,07:13:42,deposito,39.35,134,79,BW088293
4313,2024-07-16,23:02:00,saldo,,404,156,ak093372
4314,2020-09-30,11:04:41,deposito,18.32,452,88,OB971127
4315,2022-03-08,15:34:45,lista_movimenti,,936,67,mH874415
4316,2021-05-12,00:37:28,prelievo,84.49,453,285,Tg814433
4317,2024-06-05,02:03:23,lista_movimenti,,786,36,gi657254
4318,2022-08-22,20:36:44,saldo,,816,124,Pv978155
4319,2026-01-05,02:59:41,deposito,197.62,365,14,ef245200
4320,2024-06-22,11:19:56,saldo,,1144,24,vg612522
4321,2025-06-17,18:18:37,deposito,45.54,1013,292,vY990324
4322,2025-01-29,01:32:54,saldo,,572,85,Ek871018
4323,2022-09-05,03:30:03,saldo,,732,95,pY825420
4324,2025-01-10,13:27:36,saldo,,52,250,ao504679
4325,2023-01-18,01:46:12,prelievo,73.09,22,16,WV626101
4326,2021-05-01,01:07:14,prelievo,75.94,655,11,rv516182
4327,2021-10-13,18:04:06,prelievo,36.31,835,74,un560535
4328,2021-06-27,16:32:56,deposito,56.92,110,223,vh862598
4329,2023-10-14,05:31:40,lista_movimenti,,1172,53,Du611291
4330,2025-08-21,13:31:32,saldo,,852,288,gB355956
4331,2025-10-15,15:18:19,saldo,,1010,220,kK578071
4332,2025-05-09,14:44:41,deposito,134.31,732,84,pY825420
4333,2020-05-11,10:11:37,prelievo,178.82,1172,228,Du611291
4334,2022-01-28,07:32:18,deposito,196.4,120,65,Ee450079
4335,2025-01-31,12:49:50,prelievo,43.13,620,200,pO809799
4336,2023-12-10,04:00:08,prelievo,137.51,750,57,eS158534
4337,2024-11-14,16:00:07,prelievo,58.11,409,189,uk018796
4338,2025-05-20,06:22:12,prelievo,111.74,918,16,nV284576
4339,2021-06-25,00:49:34,saldo,,282,288,lU104218
4340,2014-09-20,02:50:35,prelievo,153.79,406,132,Ie418523
4341,2023-05-20,22:46:42,deposito,123.0,1059,163,Cr820090
4342,2023-01-28,19:25:29,deposito,50.28,990,107,hc253896
4343,2024-02-03,10:12:28,deposito,84.19,294,215,Mh445460
4344,2023-02-21,20:51:45,lista_movimenti,,574,166,BP056272
4345,2023-12-29,01:37:30,saldo,,1166,155,PJ564718
4346,2025-12-02,13:56:19,prelievo,44.89,620,245,pO809799
4347,2020-10-22,16:30:22,prelievo,58.39,1171,26,Pb698210
4348,2018-07-22,00:01:27,saldo,,1130,94,yw999567
4349,2015-01-16,12:31:30,prelievo,152.3,1007,264,Sj076857
4350,2022-01-07,02:14:36,prelievo,50.73,565,212,PQ225368
4351,2023-09-05,08:13:27,deposito,58.09,983,246,ix440725
4352,2016-12-14,07:24:55,prelievo,69.81,76,134,jP159408
4353,2022-02-10,00:38:40,deposito,144.87,483,15,RF112903
4354,2025-09-03,02:33:04,deposito,43.53,41,202,PM740005
4355,2020-05-23,21:56:18,prelievo,110.66,882,114,Rm212158
4356,2015-08-23,21:40:20,deposito,135.01,1178,287,Bi015409
4357,2022-05-06,22:53:48,prelievo,166.4,64,288,Hl268003
4358,2022-07-22,07:36:03,saldo,,436,151,el873252
4359,2016-10-15,17:53:17,prelievo,55.93,785,99,sY154948
4360,2025-12-03,16:19:13,prelievo,133.9,1048,136,kW936808
4361,2025-10-14,06:16:39,saldo,,363,116,tS762220
4362,2025-02-21,01:07:35,deposito,82.16,496,51,mj431401
4363,2023-05-27,21:59:24,deposito,58.01,107,135,ig289585
4364,2024-02-28,18:04:18,prelievo,159.25,997,177,vS112237
4365,2024-05-07,20:33:50,prelievo,173.22,913,201,in303073
4366,2024-09-12,03:53:24,deposito,35.25,376,174,IL775506
4367,2025-04-07,13:55:57,deposito,51.5,131,142,GT579522
4368,2021-12-11,09:03:07,saldo,,746,291,OZ333071
4369,2022-02-24,06:42:15,prelievo,133.58,88,196,Jv325918
4370,2021-09-18,04:50:48,deposito,195.11,218,215,rA102623
4371,2025-09-25,13:22:07,prelievo,149.82,375,81,la332278
4372,2022-02-04,11:29:08,prelievo,114.04,853,132,bu549157
4373,2018-03-31,19:23:46,deposito,134.58,819,50,Mx179729
4374,2019-11-03,18:40:45,deposito,64.86,1058,248,yi644979
4375,2021-06-10,08:21:20,deposito,118.69,661,166,RF432548
4376,2025-07-29,22:40:56,prelievo,175.15,971,253,Nm431440
4377,2025-05-31,16:14:58,lista_movimenti,,483,251,RF112903
4378,2023-07-13,00:52:45,prelievo,65.13,259,238,JU585456
4379,2021-06-13,00:35:44,prelievo,78.9,1060,238,LP297243
4380,2022-08-20,00:48:41,saldo,,95,183,qs076709
4381,2020-07-28,00:51:18,deposito,89.24,189,46,NM636869
4382,2023-10-13,06:26:05,prelievo,90.6,283,123,Tp680817
4383,2025-07-29,15:00:03,deposito,51.78,1046,39,eV915408
4384,2024-12-07,08:07:56,deposito,48.54,294,56,Mh445460
4385,2024-07-05,23:23:28,deposito,171.18,376,51,IL775506
4386,2020-11-10,02:14:01,deposito,55.19,1195,286,Cc879609
4387,2022-10-22,07:04:44,prelievo,199.21,850,236,ra188057
4388,2024-11-22,13:28:16,deposito,29.42,1119,172,Se418183
4389,2024-05-13,08:08:43,prelievo,174.99,695,220,hL257603
4390,2013-09-25,20:55:28,prelievo,157.77,847,292,RE367652
4391,2021-03-27,19:24:20,lista_movimenti,,869,278,Uq601587
4392,2016-12-28,08:22:52,prelievo,35.25,200,287,fP767727
4393,2023-10-03,21:18:52,prelievo,168.23,894,33,dL062242
4394,2025-04-08,07:27:05,lista_movimenti,,410,83,rH671688
4395,2024-05-31,11:02:44,prelievo,134.26,1116,109,mg882652
4396,2020-05-06,04:47:31,lista_movimenti,,784,53,ye543388
4397,2025-05-18,09:42:24,lista_movimenti,,4,286,MO361219
4398,2022-06-20,21:32:19,deposito,73.0,712,97,tv905159
4399,2022-11-29,01:45:17,deposito,115.51,596,132,jh334227
4400,2021-09-01,15:15:47,prelievo,46.02,228,40,mp276755
4401,2022-10-01,07:15:36,lista_movimenti,,150,127,vN665993
4402,2024-07-03,16:35:12,lista_movimenti,,475,63,RA652206
4403,2023-04-28,07:39:51,deposito,100.12,251,81,KJ865738
4404,2021-05-18,15:03:26,lista_movimenti,,225,243,mN780589
4405,2025-05-31,07:18:18,lista_movimenti,,214,211,fO616493
4406,2018-09-27,00:00:26,prelievo,134.53,1128,105,LA512435
4407,2022-07-17,00:14:44,prelievo,166.77,42,241,qK999153
4408,2025-12-12,13:05:53,prelievo,17.16,668,266,JO652237
4409,2019-03-15,05:36:24,prelievo,152.69,1019,225,hX191650
4410,2015-05-31,11:55:31,deposito,79.66,1133,200,yo654063
4411,2022-06-23,15:08:19,prelievo,155.23,397,65,PQ193294
4412,2017-08-10,18:20:19,saldo,,276,28,fX504249
4413,2017-12-30,16:20:58,deposito,170.01,819,69,Mx179729
4414,2020-12-18,12:10:22,prelievo,22.59,824,133,OD472528
4415,2024-12-15,21:35:58,saldo,,594,89,mR705225
4416,2024-02-18,20:48:35,saldo,,528,166,QI658949
4417,2022-06-03,20:40:05,prelievo,103.02,438,183,uG743017
4418,2015-01-04,16:58:08,saldo,,1012,143,jM558274
4419,2020-11-15,06:36:05,prelievo,174.59,943,238,BN801139
4420,2025-01-02,22:04:11,deposito,82.59,565,281,PQ225368
4421,2022-11-06,01:44:16,saldo,,227,1,jl028502
4422,2026-01-16,04:20:42,prelievo,142.22,863,205,Pq996196
4423,2023-11-08,13:32:40,deposito,193.71,884,89,Th922611
4424,2022-05-15,17:49:17,saldo,,424,250,DZ553847
4425,2016-11-25,10:28:36,prelievo,26.38,261,261,Cr073637
4426,2025-07-14,23:38:41,saldo,,703,169,hk369377
4427,2018-08-25,10:55:10,prelievo,158.21,303,213,jL996308
4428,2024-02-01,03:01:40,deposito,190.29,71,220,Qq938432
4429,2019-01-26,21:25:54,deposito,91.04,1129,76,EP263695
4430,2019-07-21,19:50:57,prelievo,45.53,910,128,PS396027
4431,2023-08-05,02:52:13,deposito,159.97,682,132,iF563696
4432,2021-07-18,23:16:03,deposito,109.18,1096,215,kl662302
4433,2024-10-30,11:58:26,deposito,44.43,174,9,aE852936
4434,2023-08-11,12:35:20,lista_movimenti,,969,254,YU658427
4435,2023-08-12,09:53:48,deposito,62.34,901,280,ne782614
4436,2022-01-15,23:55:42,deposito,118.57,656,117,VY118399
4437,2024-06-02,09:41:24,deposito,185.05,1138,245,Bn553352
4438,2023-06-27,12:16:31,prelievo,141.12,705,213,qu870265
4439,2023-08-29,01:44:39,deposito,34.12,343,294,bA149454
4440,2025-05-04,14:21:51,prelievo,94.94,548,136,Dk622946
4441,2018-04-18,07:14:40,deposito,77.92,838,103,bu178332
4442,2016-10-08,08:34:38,saldo,,1014,244,Kj409420
4443,2017-02-04,05:46:59,deposito,140.83,960,22,oq084099
4444,2023-03-13,01:38:06,saldo,,847,260,RE367652
4445,2020-12-10,17:55:53,prelievo,120.11,184,105,sb580731
4446,2019-12-28,18:54:17,saldo,,610,129,bP156584
4447,2026-04-03,21:56:15,deposito,30.93,1084,280,wM087977
4448,2026-03-21,06:02:26,prelievo,155.13,992,66,wI668856
4449,2023-01-28,19:51:51,deposito,170.58,16,133,fQ207597
4450,2017-05-20,04:46:52,saldo,,430,233,No937039
4451,2025-07-15,04:46:30,prelievo,199.38,547,168,ax808967
4452,2013-01-13,16:35:40,prelievo,177.91,271,276,iC021125
4453,2020-06-18,20:20:11,deposito,106.16,283,85,Tp680817
4454,2025-04-11,12:24:17,lista_movimenti,,314,254,XR431449
4455,2019-09-02,16:11:07,lista_movimenti,,984,62,iR911000
4456,2019-09-01,20:06:26,deposito,147.6,325,93,ZV821070
4457,2018-09-01,07:09:09,deposito,152.4,488,2,zd589532
4458,2021-11-06,07:56:41,prelievo,37.6,189,32,NM636869
4459,2016-08-17,05:42:24,saldo,,986,40,tr946002
4460,2016-12-18,17:11:48,prelievo,147.79,219,185,qd982333
4461,2022-10-24,10:09:15,deposito,183.07,114,27,Xr318688
4462,2024-05-11,07:17:26,deposito,10.87,433,247,Ss272605
4463,2022-05-27,03:28:16,prelievo,189.99,736,155,Wv009407
4464,2023-03-25,00:30:56,saldo,,663,267,zr716417
4465,2022-06-24,10:09:02,saldo,,817,253,Or478011
4466,2022-11-06,02:42:02,deposito,195.92,1060,264,LP297243
4467,2025-11-30,23:50:37,saldo,,306,255,nN959712
4468,2024-03-11,20:53:06,deposito,149.61,743,207,Iq680726
4469,2025-12-25,03:57:13,saldo,,755,59,od364286
4470,2026-02-14,17:16:35,deposito,116.44,874,261,vE764859
4471,2024-06-25,14:36:48,prelievo,144.12,346,145,qi991288
4472,2022-07-04,22:27:31,prelievo,97.72,901,272,ne782614
4473,2025-08-13,11:19:49,saldo,,389,28,lU144500
4474,2015-03-23,11:46:31,deposito,167.05,1142,157,ud181367
4475,2024-01-11,10:04:50,deposito,12.85,1070,293,WO447305
4476,2026-01-20,19:53:11,lista_movimenti,,723,62,pZ806166
4477,2024-12-30,19:24:58,prelievo,109.69,33,219,nP645601
4478,2022-10-22,18:36:57,prelievo,96.22,642,266,wD928648
4479,2020-09-18,13:44:41,saldo,,1142,208,ud181367
4480,2019-09-28,18:44:37,deposito,111.52,973,224,mG675895
4481,2019-03-05,18:52:44,deposito,61.07,1032,55,tF004375
4482,2020-04-10,22:20:37,deposito,26.13,523,242,Nl703697
4483,2021-06-07,02:50:13,prelievo,195.64,641,122,mE154071
4484,2022-10-10,13:44:57,lista_movimenti,,1011,231,kj751268
4485,2025-10-19,17:08:44,deposito,68.89,924,147,lq363376
4486,2020-08-12,09:02:35,saldo,,322,286,lZ947762
4487,2021-03-09,20:45:54,deposito,130.98,13,17,iO337994
4488,2019-06-26,11:32:09,prelievo,37.14,1188,285,Wy463276
4489,2016-05-17,22:06:33,deposito,16.2,1199,203,fD200806
4490,2022-10-04,02:36:45,deposito,174.1,1035,200,RP791352
4491,2023-10-08,22:16:27,deposito,128.51,211,148,tS675776
4492,2022-02-13,01:03:17,saldo,,729,129,yh834031
4493,2025-06-15,14:59:03,deposito,182.19,1,285,Kr937521
4494,2025-12-31,18:33:29,prelievo,112.09,614,114,oz242210
4495,2019-08-31,14:19:29,prelievo,137.72,75,57,KG028766
4496,2021-04-11,06:42:36,prelievo,194.94,765,11,RP715594
4497,2025-04-29,13:24:12,deposito,100.65,618,76,yG217061
4498,2024-12-01,19:33:48,deposito,52.38,57,56,pR306488
4499,2025-11-25,04:52:50,deposito,66.03,936,81,mH874415
4500,2026-01-20,08:08:52,deposito,178.49,220,61,kg439144
4501,2026-04-19,23:11:21,prelievo,76.71,235,274,rG927062
4502,2025-09-10,17:28:43,prelievo,144.2,1138,6,Bn553352
4503,2025-08-31,00:57:45,prelievo,143.57,1031,178,dv995602
4504,2025-10-10,09:13:28,saldo,,747,52,FG019868
4505,2025-06-25,16:53:10,prelievo,100.45,363,268,tS762220
4506,2024-11-09,03:37:02,saldo,,912,154,PP822890
4507,2021-08-09,07:31:27,prelievo,55.08,844,239,UQ481602
4508,2024-03-31,23:11:23,deposito,94.43,325,215,ZV821070
4509,2022-08-18,02:39:36,deposito,136.03,1173,205,ir077914
4510,2018-03-26,20:07:44,prelievo,25.36,1188,31,Wy463276
4511,2023-09-21,23:49:10,deposito,36.09,989,170,kW532191
4512,2018-01-17,13:48:08,prelievo,57.42,1095,17,Ao945467
4513,2024-12-13,05:54:13,saldo,,229,30,Of817113
4514,2022-04-19,18:03:16,prelievo,44.8,800,62,Dy649686
4515,2014-01-26,07:34:16,lista_movimenti,,247,299,wz717652
4516,2025-05-10,13:20:48,prelievo,104.62,668,208,JO652237
4517,2022-08-20,22:12:40,prelievo,19.93,841,164,AK934462
4518,2019-12-24,04:45:28,deposito,146.11,873,34,TX476836
4519,2025-11-07,07:18:03,deposito,118.58,122,42,hF448006
4520,2020-07-05,01:37:29,deposito,28.93,169,164,oQ579185
4521,2026-03-07,21:02:52,prelievo,126.23,267,4,cq633006
4522,2025-09-25,09:26:59,lista_movimenti,,332,149,Am957427
4523,2024-10-15,08:30:01,lista_movimenti,,201,280,aJ017990
4524,2020-12-30,15:26:55,saldo,,801,197,zx581123
4525,2024-07-11,21:27:02,saldo,,490,299,AA132680
4526,2023-08-23,13:26:57,deposito,181.52,304,11,TN543457
4527,2015-12-27,20:53:41,lista_movimenti,,397,243,PQ193294
4528,2024-11-18,14:11:15,saldo,,775,18,kN832751
4529,2022-05-15,22:49:38,prelievo,83.03,104,132,Kx181073
4530,2016-04-14,21:01:09,deposito,176.35,1071,225,Dk496735
4531,2023-05-12,22:27:02,saldo,,31,44,ff382517
4532,2016-04-02,07:44:32,prelievo,64.29,469,112,WM351496
4533,2024-08-24,11:38:41,prelievo,104.97,673,109,yu363595
4534,2024-09-15,15:21:40,saldo,,715,125,EY159838
4535,2019-05-14,02:56:19,prelievo,10.59,945,174,ml839599
4536,2023-09-14,18:08:22,deposito,69.11,258,206,CX555309
4537,2025-06-05,04:02:30,deposito,95.95,660,96,jY201836
4538,2017-06-13,05:20:57,prelievo,61.14,893,183,Hk597267
4539,2022-01-29,09:48:18,prelievo,166.65,202,123,zo423152
4540,2024-09-24,20:15:28,lista_movimenti,,11,294,KG745447
4541,2025-02-16,01:24:03,prelievo,109.22,1172,58,Du611291
4542,2020-03-17,12:20:25,deposito,145.17,1052,226,ib855608
4543,2023-12-01,17:37:53,saldo,,919,32,UQ721879
4544,2026-04-01,03:54:55,saldo,,1093,65,VW521589
4545,2022-09-23,02:23:54,prelievo,99.3,383,87,li800403
4546,2025-10-04,14:49:52,prelievo,54.69,542,124,cY205780
4547,2020-01-28,22:29:03,deposito,178.61,788,158,Fc865300
4548,2019-09-25,12:18:04,prelievo,64.25,110,29,vh862598
4549,2025-01-01,07:42:06,deposito,121.84,610,271,bP156584
4550,2025-01-26,12:59:06,deposito,194.64,1162,232,Qo689553
4551,2023-11-09,01:54:06,lista_movimenti,,1069,143,dd680235
4552,2025-09-22,01:33:32,prelievo,110.61,1063,68,ml256657
4553,2025-09-06,05:56:31,lista_movimenti,,747,279,FG019868
4554,2021-04-18,10:34:30,lista_movimenti,,1124,296,aZ655575
4555,2024-08-23,03:36:04,saldo,,68,233,xO594286
4556,2025-08-09,19:13:54,deposito,190.83,1121,29,Eu287784
4557,2015-07-09,18:34:16,deposito,149.38,405,221,yG626653
4558,2023-07-22,10:41:51,prelievo,34.59,302,271,FS475878
4559,2025-02-01,20:20:43,deposito,168.1,117,224,sM581489
4560,2024-05-15,09:17:08,prelievo,77.0,979,67,eV736470
4561,2025-07-11,05:44:14,deposito,168.75,956,173,Dm394360
4562,2019-08-02,01:49:52,prelievo,170.28,384,134,lt974760
4563,2024-10-24,10:49:02,prelievo,153.24,599,88,wp392141
4564,2023-10-26,10:51:25,prelievo,194.23,910,223,PS396027
4565,2022-05-11,11:51:13,lista_movimenti,,533,211,yd344027
4566,2024-12-10,00:33:33,deposito,60.67,969,285,YU658427
4567,2024-09-21,21:07:40,deposito,173.93,612,229,uZ310361
4568,2023-12-07,05:58:33,prelievo,54.92,797,274,OQ112816
4569,2023-11-24,02:08:03,deposito,33.56,122,10,hF448006
4570,2025-02-09,12:42:33,saldo,,835,90,un560535
4571,2022-03-13,20:38:14,deposito,166.67,105,141,xP495035
4572,2022-06-03,01:41:37,prelievo,36.07,873,269,TX476836
4573,2024-09-24,00:24:05,prelievo,121.41,618,37,yG217061
4574,2021-10-05,12:14:47,deposito,198.49,49,11,rE279047
4575,2021-10-27,21:37:43,lista_movimenti,,535,59,Bu222421
4576,2020-05-16,03:27:18,saldo,,737,235,SF325425
4577,2020-01-20,16:18:30,prelievo,198.92,1170,125,Db002824
4578,2019-11-25,11:17:28,prelievo,188.72,1172,296,Du611291
4579,2025-09-29,16:38:36,deposito,48.52,444,87,Id610604
4580,2025-12-18,20:36:27,deposito,180.67,648,183,Wp703127
4581,2012-03-25,19:01:29,deposito,126.94,712,116,tv905159
4582,2025-11-27,22:50:42,prelievo,91.46,961,165,tH409258
4583,2025-11-05,01:44:57,lista_movimenti,,812,246,ja410389
4584,2025-08-13,20:04:41,deposito,104.33,831,145,iz149965
4585,2025-07-03,22:49:50,saldo,,802,74,NO117837
4586,2025-04-17,15:10:48,prelievo,63.43,40,270,IJ886211
4587,2023-02-04,04:50:03,deposito,38.65,850,273,ra188057
4588,2018-02-11,10:21:16,prelievo,66.08,200,226,fP767727
4589,2021-10-05,02:19:19,deposito,163.43,836,198,Iq692534
4590,2025-12-27,14:23:06,prelievo,13.16,797,207,OQ112816
4591,2026-01-01,11:30:30,prelievo,198.5,236,179,rb750507
4592,2025-06-22,23:57:09,deposito,198.96,433,197,Ss272605
4593,2018-03-11,08:05:18,prelievo,197.47,951,37,pr814805
4594,2018-03-13,00:23:18,lista_movimenti,,230,242,Pa383066
4595,2022-11-09,20:03:57,prelievo,180.47,919,80,UQ721879
4596,2022-08-08,02:58:24,deposito,82.48,1044,249,hV911640
4597,2023-04-01,01:45:48,deposito,159.16,577,170,wG190726
4598,2015-04-02,03:21:47,prelievo,135.35,670,289,yh183374
4599,2023-03-06,09:20:22,deposito,191.44,551,186,JH833801
4600,2026-04-03,05:34:48,lista_movimenti,,1028,282,Qe387737
4601,2026-03-29,19:05:46,prelievo,69.83,455,258,Wc183299
4602,2025-03-19,06:20:20,deposito,193.59,535,93,Bu222421
4603,2019-06-30,17:59:02,lista_movimenti,,815,181,fS722070
4604,2024-06-16,04:04:22,lista_movimenti,,1149,147,vx314059
4605,2025-10-16,04:43:44,prelievo,166.2,65,7,Jv233576
4606,2025-10-30,10:46:27,prelievo,54.69,678,22,iY549397
4607,2022-02-25,10:33:16,deposito,30.49,235,72,rG927062
4608,2015-10-05,01:58:12,deposito,55.14,145,188,MF762974
4609,2024-10-10,00:58:52,deposito,143.4,1073,263,Xy877460
4610,2017-09-12,06:39:56,deposito,150.83,622,254,VV522018
4611,2019-05-15,20:15:34,prelievo,159.32,645,224,Me943050
4612,2020-03-28,02:27:14,prelievo,69.38,219,296,qd982333
4613,2025-08-29,21:56:57,saldo,,558,246,gm972297
4614,2020-11-02,07:25:44,saldo,,595,53,DA024366
4615,2024-01-18,16:55:35,deposito,136.97,1156,68,CE752078
4616,2020-03-04,19:16:35,prelievo,124.09,452,159,OB971127
4617,2025-12-02,06:10:06,lista_movimenti,,162,253,AU524344
4618,2024-11-27,00:49:54,deposito,194.8,681,220,Lg023896
4619,2016-03-17,04:45:20,prelievo,10.34,756,169,hD596588
4620,2024-06-01,16:20:35,prelievo,38.83,321,120,Np409420
4621,2016-09-04,16:24:25,deposito,65.82,615,276,Wu128114
4622,2026-01-21,04:30:47,deposito,151.92,1028,255,Qe387737
4623,2025-12-20,17:47:57,deposito,18.33,1189,205,xu943121
4624,2023-09-29,02:28:33,prelievo,37.2,106,290,QS406929
4625,2018-02-05,08:29:54,lista_movimenti,,200,259,fP767727
4626,2025-03-16,07:24:20,deposito,67.41,1064,225,fZ215909
4627,2024-10-30,04:24:50,deposito,88.33,177,8,Sa621231
4628,2018-02-17,11:01:18,deposito,130.88,379,186,UA644901
4629,2015-10-29,03:25:33,saldo,,150,95,vN665993
4630,2025-09-19,15:31:47,deposito,155.57,112,105,xR685544
4631,2025-11-03,02:07:00,prelievo,103.46,1045,167,lY513046
4632,2021-10-15,11:59:02,saldo,,779,224,yF840729
4633,2017-09-29,18:50:11,prelievo,78.02,840,99,zN382122
4634,2022-09-10,13:09:02,prelievo,93.67,1174,176,nN756162
4635,2020-12-22,06:17:37,saldo,,114,233,Xr318688
4636,2025-01-16,09:02:22,prelievo,139.41,1048,186,kW936808
4637,2025-08-14,13:03:12,prelievo,66.65,1167,250,YV046967
4638,2026-02-08,07:32:22,lista_movimenti,,119,48,Jf571094
4639,2024-09-30,00:58:45,lista_movimenti,,21,122,Ct779098
4640,2020-03-28,06:41:40,saldo,,995,216,Ht135218
4641,2025-10-29,21:27:17,saldo,,404,134,ak093372
4642,2025-10-12,22:33:24,deposito,47.91,532,64,yM087648
4643,2023-05-03,04:54:50,prelievo,106.99,697,68,dw577425
4644,2026-04-28,03:18:35,prelievo,192.68,130,214,FM266022
4645,2025-07-15,17:16:03,saldo,,1185,3,tx806053
4646,2025-03-15,04:20:19,prelievo,194.21,443,93,mb464949
4647,2025-06-29,09:08:16,prelievo,33.99,530,212,th109211
4648,2023-03-06,01:15:29,deposito,193.77,886,10,rX171424
4649,2021-01-01,05:49:59,prelievo,77.03,97,68,eZ785342
4650,2022-01-19,00:43:20,deposito,65.71,683,194,Su580622
4651,2025-10-12,11:03:05,deposito,66.6,775,2,kN832751
4652,2021-11-07,02:57:00,deposito,46.76,1090,59,Re932589
4653,2022-03-04,13:55:53,deposito,188.38,1130,13,yw999567
4654,2023-12-02,19:49:55,deposito,153.65,684,60,yb536196
4655,2015-02-15,12:32:47,prelievo,173.36,389,22,lU144500
4656,2025-07-01,05:32:53,lista_movimenti,,460,254,Pa566847
4657,2022-02-02,14:39:26,saldo,,281,162,rQ561181
4658,2017-10-29,20:27:33,deposito,35.67,419,110,Dg673357
4659,2025-12-15,03:29:32,deposito,89.62,449,77,Kf023732
4660,2022-04-25,20:44:29,prelievo,102.0,1020,252,PZ465362
4661,2025-11-27,20:53:03,saldo,,1010,228,kK578071
4662,2024-12-03,07:16:17,deposito,196.81,805,22,YL880408
4663,2023-04-08,21:10:26,deposito,122.63,881,5,qB159907
4664,2014-05-14,16:26:24,saldo,,375,284,la332278
4665,2021-08-26,05:58:19,deposito,21.64,15,8,jB657538
4666,2021-06-01,07:12:29,prelievo,98.02,770,209,th041409
4667,2025-08-12,17:07:52,prelievo,172.46,239,173,Qs838303
4668,2026-01-19,16:57:56,deposito,121.54,105,64,xP495035
4669,2024-09-01,04:11:25,prelievo,101.35,793,205,Rj696011
4670,2025-02-09,06:33:00,prelievo,126.13,805,80,YL880408
4671,2025-09-10,04:43:20,prelievo,20.24,992,51,wI668856
4672,2025-05-06,18:04:04,saldo,,572,227,Ek871018
4673,2019-07-12,12:58:32,saldo,,1162,192,Qo689553
4674,2020-04-05,21:27:28,prelievo,147.17,194,57,Dp752391
4675,2025-12-21,22:28:34,deposito,131.15,266,221,SS418065
4676,2019-06-01,02:31:40,saldo,,106,46,QS406929
4677,2025-05-09,20:16:07,saldo,,706,160,FA324974
4678,2020-09-07,19:30:38,prelievo,57.85,819,158,Mx179729
4679,2023-09-07,15:49:44,deposito,89.95,755,212,od364286
4680,2024-06-05,03:49:24,saldo,,1019,44,hX191650
4681,2020-11-24,15:28:24,saldo,,620,25,pO809799
4682,2020-01-31,05:03:30,prelievo,198.71,169,158,oQ579185
4683,2026-02-05,14:44:27,prelievo,146.32,228,236,mp276755
4684,2016-10-27,02:23:45,deposito,59.58,755,258,od364286
4685,2025-11-24,20:19:46,deposito,17.75,703,273,hk369377
4686,2018-07-19,23:04:55,prelievo,183.3,86,88,Yk695622
4687,2026-05-03,20:53:04,prelievo,150.03,750,211,eS158534
4688,2022-12-15,23:49:59,deposito,107.96,661,213,RF432548
4689,2024-10-10,06:19:06,lista_movimenti,,214,100,fO616493
4690,2020-01-16,22:38:40,deposito,103.43,458,127,tL424108
4691,2025-04-29,11:30:29,saldo,,976,91,Pq679811
4692,2021-07-31,12:07:37,lista_movimenti,,175,288,LD982891
4693,2020-10-04,08:31:54,deposito,138.09,1100,251,gI125795
4694,2025-09-30,09:44:12,prelievo,158.34,365,134,ef245200
4695,2022-11-07,11:06:26,prelievo,105.58,790,92,Ni496698
4696,2017-05-26,17:49:49,saldo,,679,181,Hr752388
4697,2025-05-27,08:00:52,lista_movimenti,,306,206,nN959712
4698,2024-03-23,11:29:01,saldo,,156,279,rO916416
4699,2025-04-29,00:05:18,prelievo,28.05,979,69,eV736470
4700,2024-04-07,01:55:46,saldo,,950,160,DV098714
4701,2019-11-02,11:29:10,deposito,156.06,406,119,Ie418523
4702,2012-03-05,16:05:17,prelievo,47.19,1014,238,Kj409420
4703,2025-03-23,03:42:40,deposito,139.97,352,14,Yo360911
4704,2025-06-15,05:21:54,lista_movimenti,,586,3,HB012003
4705,2024-05-06,15:20:00,lista_movimenti,,992,250,wI668856
4706,2025-01-05,01:35:32,prelievo,184.5,591,105,lP220259
4707,2025-05-03,06:57:52,deposito,169.5,323,21,kD420204
4708,2024-01-13,11:54:37,deposito,135.21,701,55,BM353526
4709,2017-02-12,19:15:52,prelievo,132.31,1124,146,aZ655575
4710,2016-07-19,06:52:34,deposito,48.99,751,70,Bh940343
4711,2019-03-07,18:11:05,saldo,,634,280,ip982341
4712,2025-12-11,17:46:02,deposito,35.87,572,218,Ek871018
4713,2018-02-15,21:12:30,prelievo,137.14,1188,47,Wy463276
4714,2023-09-19,02:29:57,deposito,33.2,567,187,nW478567
4715,2023-04-16,17:59:56,saldo,,759,9,cs986645
4716,2020-12-01,03:36:26,prelievo,86.65,1030,251,uL710316
4717,2022-07-14,04:43:42,deposito,144.29,321,121,Np409420
4718,2019-03-29,13:54:59,saldo,,716,171,BH118138
4719,2020-08-12,18:36:03,lista_movimenti,,1115,297,sg760354
4720,2025-07-02,04:08:56,deposito,139.86,85,37,Mh980046
4721,2022-05-30,13:54:03,prelievo,26.63,23,221,Kv616996
4722,2025-08-26,04:20:42,deposito,118.56,629,238,Lb611362
4723,2025-07-21,08:18:52,prelievo,36.91,346,248,qi991288
4724,2024-04-23,02:00:09,prelievo,101.86,14,72,zl386815
4725,2025-01-29,17:05:42,prelievo,11.67,933,205,qi152358
4726,2024-05-29,14:27:02,saldo,,801,121,zx581123
4727,2022-03-12,00:39:48,saldo,,707,224,SZ857761
4728,2025-02-20,04:45:29,saldo,,582,196,kz817746
4729,2024-12-31,20:59:48,deposito,60.49,785,220,sY154948
4730,2020-08-30,23:31:53,lista_movimenti,,1017,18,qe525232
4731,2022-05-30,01:22:24,prelievo,124.15,671,279,TQ799482
4732,2024-09-11,23:32:41,lista_movimenti,,96,188,WN062639
4733,2026-05-05,08:25:48,lista_movimenti,,642,286,wD928648
4734,2025-03-12,14:31:15,prelievo,147.85,33,46,nP645601
4735,2023-09-18,22:55:04,lista_movimenti,,174,192,aE852936
4736,2021-02-12,17:09:08,deposito,50.42,939,261,PZ716515
4737,2015-10-04,03:56:59,deposito,150.87,1137,176,kj341998
4738,2018-12-11,07:26:55,deposito,160.82,1109,52,Yg629950
4739,2024-07-21,20:32:14,deposito,70.97,1151,43,Cj237248
4740,2025-08-19,18:23:53,deposito,173.9,1068,221,KR910501
4741,2019-11-05,20:28:17,lista_movimenti,,95,20,qs076709
4742,2024-03-17,10:45:22,prelievo,77.28,23,159,Kv616996
4743,2024-10-04,21:28:38,prelievo,77.84,251,274,KJ865738
4744,2022-01-06,16:57:19,prelievo,186.3,128,172,Te795155
4745,2025-10-19,20:13:30,deposito,110.91,266,292,SS418065
4746,2024-09-01,14:13:21,deposito,72.79,505,32,dl073667
4747,2023-11-02,17:45:03,deposito,187.15,367,92,dK855155
4748,2023-07-16,17:29:22,deposito,54.42,599,54,wp392141
4749,2024-01-08,00:01:37,deposito,146.49,997,117,vS112237
4750,2021-01-03,21:57:39,deposito,77.92,22,265,WV626101
4751,2025-06-10,14:39:47,prelievo,143.39,771,156,UC279512
4752,2026-02-13,20:53:27,prelievo,147.07,65,275,Jv233576
4753,2026-05-03,21:55:07,prelievo,96.9,793,266,Rj696011
4754,2024-12-06,03:47:59,deposito,100.47,1059,91,Cr820090
4755,2020-05-15,18:54:12,deposito,167.38,319,189,nC549438
4756,2020-10-27,12:25:21,deposito,23.84,38,57,il026142
4757,2021-03-01,05:41:44,deposito,74.5,425,93,cv644948
4758,2024-12-31,19:43:49,prelievo,62.18,1145,261,ff119460
4759,2023-12-15,19:06:33,lista_movimenti,,39,143,no127180
4760,2025-05-30,19:15:35,prelievo,93.16,49,60,rE279047
4761,2026-01-08,23:27:09,deposito,174.3,857,119,gC043514
4762,2023-08-21,16:11:14,deposito,139.66,557,182,pj936322
4763,2023-12-30,16:49:27,prelievo,99.38,1046,200,eV915408
4764,2023-02-05,06:48:20,prelievo,16.26,1156,246,CE752078
4765,2024-12-25,13:18:05,deposito,187.45,921,284,Jr436756
4766,2017-01-02,05:21:28,deposito,59.52,526,13,UK874121
4767,2023-11-12,06:27:26,prelievo,91.12,411,47,PF743607
4768,2025-12-03,08:42:17,deposito,89.06,983,262,ix440725
4769,2025-06-29,02:39:29,deposito,71.38,1108,118,Ur630330
4770,2021-01-12,01:08:46,deposito,91.02,1003,84,oD483039
4771,2018-06-18,21:40:35,lista_movimenti,,143,149,AD690345
4772,2025-12-31,18:17:23,deposito,125.76,906,111,it130049
4773,2025-08-19,23:35:02,deposito,61.62,874,229,vE764859
4774,2026-02-24,19:41:19,deposito,132.87,130,217,FM266022
4775,2025-10-10,10:42:06,deposito,97.66,547,179,ax808967
4776,2025-11-22,09:11:49,deposito,99.33,764,261,mq975973
4777,2018-10-17,04:11:39,prelievo,63.18,135,264,mN857974
4778,2013-01-18,00:27:48,prelievo,60.24,711,158,pu458971
4779,2025-08-01,16:02:01,lista_movimenti,,766,206,mz076429
4780,2023-08-16,05:57:04,deposito,14.59,39,193,no127180
4781,2021-09-29,16:36:22,saldo,,189,127,NM636869
4782,2024-04-12,21:55:13,prelievo,139.98,1038,175,nr789322
4783,2024-02-07,23:14:07,deposito,169.87,246,266,CK473664
4784,2026-02-06,04:02:39,deposito,102.52,185,202,FI746949
4785,2016-12-25,07:47:10,deposito,132.11,232,130,eA275928
4786,2023-07-26,06:10:03,lista_movimenti,,834,71,Jn875792
4787,2022-05-14,01:24:50,prelievo,129.71,400,158,bc820268
4788,2019-06-14,12:53:21,prelievo,159.23,597,238,Xv194202
4789,2019-09-21,20:29:31,deposito,133.43,45,106,aW776807
4790,2023-11-08,19:45:02,deposito,74.01,514,280,Ps863192
4791,2021-05-15,17:58:09,prelievo,64.79,22,147,WV626101
4792,2025-07-14,01:02:28,deposito,81.25,595,243,DA024366
4793,2013-09-01,12:41:30,deposito,115.42,1080,8,Ts093269
4794,2024-07-01,02:15:16,prelievo,11.44,534,270,ue295982
4795,2024-07-12,14:59:52,prelievo,56.99,272,42,gT041205
4796,2022-05-26,09:39:55,prelievo,192.15,1156,172,CE752078
4797,2020-07-22,14:57:59,deposito,160.72,86,287,Yk695622
4798,2022-01-17,07:19:31,lista_movimenti,,31,71,ff382517
4799,2021-12-12,17:56:01,deposito,167.6,724,140,Ve878154
4800,2025-03-12,22:29:26,lista_movimenti,,1028,137,Qe387737
4801,2025-03-26,09:03:31,lista_movimenti,,825,285,DJ671866
4802,2017-12-12,00:52:27,deposito,69.39,1197,271,Gl263960
4803,2024-01-10,06:07:48,prelievo,193.0,716,96,BH118138
4804,2024-06-25,09:11:18,deposito,86.1,1086,99,RP154564
4805,2024-04-21,12:31:06,prelievo,41.91,577,249,wG190726
4806,2018-08-29,08:48:20,deposito,119.92,991,16,pb041561
4807,2023-01-06,01:53:49,deposito,78.02,506,61,iO707360
4808,2023-09-08,22:23:15,prelievo,48.56,590,163,yb347850
4809,2018-12-23,15:22:58,deposito,46.62,602,211,gf933360
4810,2015-10-25,17:54:25,prelievo,17.69,276,295,fX504249
4811,2023-04-11,09:08:00,deposito,102.97,728,45,ni405247
4812,2021-04-08,08:40:52,prelievo,196.78,785,136,sY154948
4813,2024-10-01,13:13:22,prelievo,133.54,614,246,oz242210
4814,2025-12-24,11:15:34,deposito,166.06,899,130,vh211869
4815,2020-05-20,07:06:16,saldo,,150,62,vN665993
4816,2017-07-31,02:38:48,prelievo,135.74,883,237,bN231002
4817,2025-07-31,08:22:18,deposito,34.95,1072,56,fX001016
4818,2020-04-16,08:57:16,deposito,53.14,38,158,il026142
4819,2023-06-18,05:48:23,prelievo,49.84,574,148,BP056272
4820,2023-08-25,22:42:52,lista_movimenti,,492,25,Db015283
4821,2018-01-19,23:18:24,prelievo,130.78,261,91,Cr073637
4822,2024-07-12,08:00:45,prelievo,104.31,1036,249,PA227752
4823,2017-05-26,11:39:02,prelievo,161.18,570,246,TB016748
4824,2024-04-09,10:11:41,prelievo,177.38,649,128,aM947760
4825,2020-08-20,02:17:37,deposito,39.08,869,213,Uq601587
4826,2022-10-13,11:47:04,deposito,161.34,404,66,ak093372
4827,2012-11-14,22:55:51,deposito,13.29,1124,119,aZ655575
4828,2023-05-06,04:38:09,deposito,96.2,130,177,FM266022
4829,2025-02-24,21:19:09,saldo,,1068,60,KR910501
4830,2016-04-30,01:55:01,deposito,62.49,125,272,lB640278
4831,2023-02-18,20:00:29,lista_movimenti,,23,83,Kv616996
4832,2021-11-08,04:10:05,deposito,162.85,679,262,Hr752388
4833,2025-09-28,19:24:53,prelievo,118.15,344,70,PC403663
4834,2023-07-06,17:51:31,deposito,60.29,472,11,lF310232
4835,2025-06-11,13:06:23,saldo,,220,267,kg439144
4836,2023-04-02,14:11:29,prelievo,176.59,1039,170,DN145486
4837,2025-06-01,00:25:37,deposito,147.34,1068,258,KR910501
4838,2024-12-16,16:41:26,prelievo,83.32,809,170,zG413170
4839,2024-11-17,01:40:34,saldo,,665,137,kb286657
4840,2026-01-15,21:53:45,lista_movimenti,,599,188,wp392141
4841,2026-01-15,00:08:12,saldo,,531,90,jt809431
4842,2022-12-15,07:58:23,prelievo,106.14,849,74,sy775844
4843,2020-02-08,17:59:51,deposito,84.48,259,26,JU585456
4844,2024-11-19,16:13:18,prelievo,118.0,64,126,Hl268003
4845,2025-08-26,10:31:34,prelievo,141.69,166,145,tn798770
4846,2019-08-12,23:47:02,prelievo,75.62,328,136,TR808793
4847,2025-01-24,10:06:39,deposito,27.93,706,125,FA324974
4848,2026-03-14,04:27:19,prelievo,125.94,195,70,hd867819
4849,2022-02-19,03:29:51,saldo,,189,94,NM636869
4850,2021-06-07,15:41:29,prelievo,159.56,104,54,Kx181073
4851,2018-02-13,15:35:23,saldo,,74,220,af822300
4852,2025-05-29,03:49:27,deposito,145.39,349,218,pU658355
4853,2025-01-24,07:12:46,saldo,,494,284,Wz067907
4854,2025-07-05,00:50:53,prelievo,128.18,850,26,ra188057
4855,2025-07-23,09:13:27,lista_movimenti,,1187,63,xo128142
4856,2024-11-19,06:13:57,deposito,46.03,249,170,HF644990
4857,2024-07-19,06:34:36,deposito,119.26,1057,290,CP061307
4858,2018-01-26,08:23:32,deposito,130.11,249,75,HF644990
4859,2021-05-28,02:06:55,deposito,156.63,836,118,Iq692534
4860,2026-01-01,16:03:40,deposito,133.2,688,233,eC443010
4861,2019-04-13,04:55:08,deposito,167.29,381,186,Ta801186
4862,2014-09-06,05:46:34,lista_movimenti,,240,183,tX230004
4863,2024-01-17,22:40:30,deposito,62.91,433,245,Ss272605
4864,2025-02-28,19:42:09,deposito,101.77,771,55,UC279512
4865,2021-06-26,17:35:19,saldo,,168,204,NP418890
4866,2023-06-01,03:47:56,lista_movimenti,,1156,169,CE752078
4867,2018-06-23,02:22:34,lista_movimenti,,939,123,PZ716515
4868,2025-08-31,00:23:58,saldo,,695,95,hL257603
4869,2019-08-12,01:10:28,lista_movimenti,,877,253,ns785532
4870,2020-10-09,23:21:21,lista_movimenti,,963,171,qg668102
4871,2019-06-23,21:22:20,deposito,187.53,603,12,MD910872
4872,2024-11-01,14:00:57,prelievo,11.13,546,190,Tr758097
4873,2020-08-17,20:16:17,deposito,93.98,296,13,Yf816774
4874,2025-07-04,09:21:46,saldo,,959,21,Hy807354
4875,2018-05-02,03:49:50,lista_movimenti,,895,49,Jj492450
4876,2026-03-26,18:16:46,deposito,89.76,1179,261,An452480
4877,2023-06-23,14:43:22,prelievo,53.65,28,83,ja601436
4878,2021-04-30,08:07:36,deposito,189.76,293,109,js239010
4879,2020-05-18,12:33:36,deposito,171.12,995,100,Ht135218
4880,2025-03-20,14:34:36,deposito,194.98,320,36,Ut663071
4881,2025-10-25,18:27:56,prelievo,135.34,367,31,dK855155
4882,2025-07-29,18:34:55,deposito,113.02,351,256,PM719076
4883,2025-03-22,07:48:32,deposito,44.02,837,58,iq967330
4884,2024-07-03,00:50:34,deposito,158.31,962,62,of225929
4885,2023-02-11,13:43:23,prelievo,103.08,250,26,BA681787
4886,2025-08-06,05:20:54,prelievo,72.38,1115,13,sg760354
4887,2025-09-12,04:42:46,prelievo,25.08,880,39,Go167809
4888,2022-04-17,19:40:30,lista_movimenti,,836,121,Iq692534
4889,2022-10-21,03:48:39,deposito,150.4,280,61,qp316800
4890,2025-03-30,16:39:53,prelievo,194.49,688,260,eC443010
4891,2023-11-28,22:52:22,deposito,88.36,232,32,eA275928
4892,2025-11-20,08:49:39,prelievo,118.97,455,34,Wc183299
4893,2026-02-24,03:30:06,prelievo,105.2,2,184,nO423589
4894,2026-02-25,22:25:28,deposito,139.81,127,229,tw866985
4895,2021-01-12,12:48:40,prelievo,156.59,801,96,zx581123
4896,2015-02-20,00:08:14,prelievo,88.4,1009,243,ho830970
4897,2025-03-20,19:50:22,deposito,171.14,52,238,ao504679
4898,2022-03-05,02:10:39,prelievo,103.85,524,41,ya473582
4899,2018-11-11,08:43:36,prelievo,40.05,35,244,cc360209
4900,2019-11-25,22:51:27,lista_movimenti,,137,156,Hx279400
4901,2023-12-05,20:06:38,prelievo,117.48,392,55,EF103007
4902,2012-04-15,02:19:24,deposito,48.25,55,61,Qy023469
4903,2018-11-15,04:56:32,deposito,65.97,829,86,jU828444
4904,2020-03-09,04:53:48,prelievo,164.53,297,152,jf983145
4905,2021-09-21,05:09:25,deposito,112.05,259,122,JU585456
4906,2021-08-30,03:55:37,deposito,21.04,1060,185,LP297243
4907,2024-07-16,14:10:51,deposito,21.26,192,275,pj805928
4908,2017-02-03,06:10:20,prelievo,52.61,429,117,KG991994
4909,2020-01-21,07:25:53,prelievo,68.9,296,284,Yf816774
4910,2021-07-12,06:28:37,prelievo,141.47,245,294,Kn021481
4911,2024-04-17,01:05:34,prelievo,140.48,337,211,IK746274
4912,2020-11-13,21:57:58,deposito,71.71,827,54,FF677474
4913,2019-10-10,04:35:29,deposito,154.8,630,229,sZ944215
4914,2024-10-13,03:50:37,deposito,148.8,481,16,eL802352
4915,2026-04-21,18:52:21,prelievo,68.6,306,71,nN959712
4916,2025-03-12,18:52:28,saldo,,663,153,zr716417
4917,2024-11-20,12:21:08,deposito,30.01,547,128,ax808967
4918,2022-03-25,10:11:13,prelievo,129.3,141,152,dG623498
4919,2024-01-16,08:47:17,deposito,82.61,448,82,BC597992
4920,2022-12-31,13:29:33,prelievo,132.22,274,287,rQ442213
4921,2021-04-23,01:31:48,prelievo,31.87,875,242,bY805509
4922,2022-12-18,06:44:31,prelievo,85.7,1004,240,hM518093
4923,2015-09-13,04:08:37,lista_movimenti,,987,204,SU749508
4924,2015-05-21,14:54:52,deposito,161.01,997,150,vS112237
4925,2021-04-17,08:33:54,prelievo,33.52,9,22,LA267757
4926,2026-02-07,08:45:04,lista_movimenti,,78,154,Xc965152
4927,2025-06-01,01:36:10,deposito,129.36,681,200,Lg023896
4928,2025-10-31,06:39:24,deposito,183.83,924,191,lq363376
4929,2021-01-24,04:40:11,prelievo,146.24,194,116,Dp752391
4930,2023-12-29,13:36:18,prelievo,98.15,476,299,Qp302990
4931,2025-04-21,07:00:51,prelievo,40.52,597,264,Xv194202
4932,2016-09-04,07:10:32,deposito,138.39,1092,290,Xw699483
4933,2013-03-12,02:49:10,lista_movimenti,,1137,3,kj341998
4934,2023-09-15,21:45:56,saldo,,367,195,dK855155
4935,2025-08-19,08:58:57,deposito,169.75,363,170,tS762220
4936,2016-09-18,10:21:04,saldo,,769,53,WC073087
4937,2024-07-07,07:36:30,saldo,,532,56,yM087648
4938,2020-07-27,20:32:21,prelievo,150.91,359,240,kD916717
4939,2024-09-03,12:49:38,saldo,,940,141,AQ212917
4940,2021-07-01,10:49:10,prelievo,122.57,394,8,JZ367469
4941,2024-07-03,06:00:19,prelievo,48.77,572,132,Ek871018
4942,2022-05-04,18:23:56,deposito,56.87,1098,106,dI033495
4943,2018-10-24,21:50:50,prelievo,132.3,820,236,Ll846227
4944,2023-04-16,19:42:55,deposito,15.13,877,254,ns785532
4945,2017-07-20,23:04:11,deposito,20.29,219,269,qd982333
4946,2024-03-29,15:50:17,saldo,,229,121,Of817113
4947,2025-04-14,03:37:59,saldo,,842,56,IK256002
4948,2021-06-10,19:13:40,deposito,32.83,569,292,Xg998985
4949,2026-02-13,23:46:13,prelievo,43.11,975,164,Ji594920
4950,2024-05-26,15:29:13,deposito,165.2,1060,228,LP297243
4951,2025-06-17,07:10:45,saldo,,886,291,rX171424
4952,2021-08-20,10:33:49,prelievo,58.64,925,7,fd940196
4953,2026-02-23,20:29:05,deposito,39.6,368,223,hD686501
4954,2016-10-13,18:08:10,prelievo,52.18,1092,240,Xw699483
4955,2026-01-13,19:04:47,deposito,38.7,801,120,zx581123
4956,2025-06-18,03:31:38,deposito,19.39,723,237,pZ806166
4957,2025-06-14,13:45:19,saldo,,918,195,nV284576
4958,2020-08-21,10:30:19,lista_movimenti,,603,204,MD910872
4959,2025-09-04,15:16:05,prelievo,102.01,777,238,Pa086728
4960,2014-09-04,10:27:14,prelievo,170.37,1092,183,Xw699483
4961,2023-02-07,01:30:36,saldo,,352,193,Yo360911
4962,2018-07-17,12:22:56,deposito,168.37,941,119,Zz733033
4963,2024-12-02,23:52:25,saldo,,365,178,ef245200
4964,2014-01-28,03:43:54,prelievo,20.62,478,192,Tq800248
4965,2019-04-26,12:04:46,deposito,34.06,551,14,JH833801
4966,2018-01-22,05:31:40,lista_movimenti,,1077,285,mK469864
4967,2021-06-16,22:11:44,lista_movimenti,,595,44,DA024366
4968,2020-11-21,01:59:04,prelievo,40.13,1128,219,LA512435
4969,2021-01-05,03:23:49,prelievo,166.58,627,61,IQ700373
4970,2020-10-21,19:51:27,prelievo,15.01,785,140,sY154948
4971,2022-10-28,15:17:55,deposito,187.59,16,236,fQ207597
4972,2024-03-19,15:00:28,saldo,,415,257,me115735
4973,2018-03-25,03:32:54,prelievo,70.68,1090,234,Re932589
4974,2024-08-09,18:25:21,prelievo,65.31,306,214,nN959712
4975,2023-09-03,01:50:02,lista_movimenti,,223,191,KC959413
4976,2015-02-03,06:37:22,deposito,97.26,1017,297,qe525232
4977,2021-09-01,01:20:09,lista_movimenti,,304,191,TN543457
4978,2021-03-15,10:11:23,deposito,139.61,1107,13,GG317502
4979,2025-07-17,00:33:55,deposito,198.55,582,245,kz817746
4980,2023-06-12,18:40:30,saldo,,141,144,dG623498
4981,2017-02-15,19:43:22,prelievo,187.37,150,101,vN665993
4982,2025-09-10,23:12:38,lista_movimenti,,808,159,hm879937
4983,2024-01-25,13:54:28,prelievo,118.35,652,289,DG214189
4984,2020-11-25,06:11:25,deposito,50.15,397,172,PQ193294
4985,2024-01-16,13:10:25,prelievo,157.27,1145,176,ff119460
4986,2024-01-06,11:29:46,saldo,,296,63,Yf816774
4987,2025-09-30,01:21:59,prelievo,111.08,224,113,OE411324
4988,2021-10-14,02:40:07,prelievo,115.81,383,126,li800403
4989,2016-09-20,04:17:38,saldo,,28,39,ja601436
4990,2026-04-09,10:53:34,prelievo,39.59,222,45,yV021163
4991,2016-08-05,11:07:48,prelievo,179.47,982,109,mG363466
4992,2026-05-08,11:15:41,prelievo,76.95,481,216,eL802352
4993,2022-02-12,22:48:48,lista_movimenti,,917,129,Wi768100
4994,2024-04-04,20:00:16,prelievo,118.76,530,225,th109211
4995,2025-08-09,04:23:57,prelievo,143.22,437,210,tw043140
4996,2019-10-25,23:53:00,saldo,,244,146,Fu568851
4997,2025-08-10,06:20:42,prelievo,28.16,487,113,NS535369
4998,2020-11-07,13:55:50,prelievo,198.95,945,263,ml839599
4999,2023-12-03,18:17:25,lista_movimenti,,1004,160,hM518093
5000,2016-03-17,11:29:18,lista_movimenti,,769,282,WC073087
5001,2024-12-14,19:48:43,deposito,92.83,1190,230,EH922865
5002,2025-08-28,04:01:06,deposito,11.41,445,198,tW445386
5003,2021-07-06,12:40:09,prelievo,68.0,892,223,gt912771
5004,2023-11-22,20:46:58,deposito,10.84,597,29,Xv194202
5005,2023-02-15,20:00:06,deposito,35.72,424,140,DZ553847
5006,2018-08-08,04:08:40,deposito,151.55,605,266,xl475440
5007,2018-11-12,05:06:00,saldo,,878,267,IC398346
5008,2024-04-21,07:58:16,prelievo,16.45,490,200,AA132680
5009,2024-08-31,23:36:14,deposito,169.62,353,1,OZ834844
5010,2024-11-26,15:05:23,prelievo,97.2,254,28,Bg227391
5011,2023-11-21,02:38:12,prelievo,39.17,405,281,yG626653
5012,2024-06-30,21:00:07,prelievo,89.07,493,76,cA080952
5013,2026-01-17,08:36:53,lista_movimenti,,567,143,nW478567
5014,2022-01-03,11:14:49,deposito,173.03,331,218,Yr503074
5015,2019-08-21,17:59:44,prelievo,104.12,45,16,aW776807
5016,2023-10-03,06:23:49,lista_movimenti,,644,74,qY768457
5017,2022-07-27,11:39:47,deposito,147.78,516,239,by901269
5018,2020-02-28,00:44:45,lista_movimenti,,524,233,ya473582
5019,2024-06-17,14:49:11,deposito,15.11,881,80,qB159907
5020,2018-06-23,19:52:01,saldo,,490,71,AA132680
5021,2025-10-06,20:35:51,deposito,186.99,177,140,Sa621231
5022,2024-02-20,08:50:06,prelievo,124.26,946,273,EV203115
5023,2023-05-23,06:18:40,deposito,159.69,808,213,hm879937
5024,2025-07-14,05:25:25,lista_movimenti,,900,155,bv090281
5025,2014-01-15,16:05:25,saldo,,556,291,xC321567
5026,2026-05-12,18:33:52,deposito,62.66,244,106,Fu568851
5027,2023-06-08,17:56:55,deposito,98.08,1118,13,WF512285
5028,2023-07-17,15:43:03,deposito,81.7,353,112,OZ834844
5029,2021-07-25,12:10:33,deposito,77.02,707,154,SZ857761
5030,2020-11-06,03:28:31,deposito,102.72,389,81,lU144500
5031,2025-04-03,15:27:24,prelievo,87.76,444,112,Id610604
5032,2021-05-21,19:50:47,lista_movimenti,,437,242,tw043140
5033,2024-01-09,13:29:38,deposito,69.81,420,264,Nt155192
5034,2022-06-28,05:07:31,prelievo,158.4,9,261,LA267757
5035,2017-03-03,11:49:21,deposito,113.15,881,77,qB159907
5036,2022-06-11,19:37:14,prelievo,172.72,282,284,lU104218
5037,2024-04-17,05:59:18,saldo,,187,253,Me898429
5038,2018-09-04,04:51:02,lista_movimenti,,1139,12,hf149424
5039,2023-03-23,18:31:03,prelievo,110.29,730,198,xR829998
5040,2019-09-07,07:43:49,prelievo,39.37,315,80,LL409499
5041,2020-11-03,10:08:54,deposito,56.91,514,167,Ps863192
5042,2025-07-13,15:52:25,lista_movimenti,,918,278,nV284576
5043,2025-06-04,01:18:44,saldo,,294,59,Mh445460
5044,2023-03-05,05:42:50,prelievo,54.35,114,111,Xr318688
5045,2023-09-15,05:40:37,lista_movimenti,,352,100,Yo360911
5046,2022-11-05,07:47:26,lista_movimenti,,991,104,pb041561
5047,2021-11-14,07:16:24,deposito,122.38,326,238,ML567127
5048,2022-09-29,16:03:13,deposito,196.72,227,138,jl028502
5049,2018-06-30,19:51:18,prelievo,67.59,687,11,zk059131
5050,2022-09-04,14:15:09,prelievo,44.54,752,92,nV546612
5051,2021-08-08,09:18:10,prelievo,89.59,340,146,hg270945
5052,2023-09-16,00:54:01,deposito,146.68,749,31,Nd582827
5053,2024-05-30,20:49:46,deposito,88.01,411,187,PF743607
5054,2021-04-27,09:02:13,prelievo,183.78,831,44,iz149965
5055,2018-05-04,15:55:37,prelievo,168.61,735,115,DN152459
5056,2021-08-03,13:23:01,deposito,140.54,415,132,me115735
5057,2025-05-31,09:25:52,deposito,123.23,944,106,li937953
5058,2026-04-03,08:29:44,prelievo,144.44,887,26,LQ256301
5059,2025-02-11,22:43:50,prelievo,99.32,629,8,Lb611362
5060,2017-07-20,18:48:25,lista_movimenti,,213,85,kH402165
5061,2014-02-04,21:03:29,prelievo,38.8,1012,285,jM558274
5062,2020-06-03,17:27:41,prelievo,41.01,1004,118,hM518093
5063,2016-09-23,03:52:11,deposito,71.97,168,45,NP418890
5064,2021-01-14,01:48:16,prelievo,196.9,833,5,om958353
5065,2019-04-17,17:40:02,deposito,159.02,232,111,eA275928
5066,2025-07-05,18:00:16,prelievo,50.87,685,6,zV186944
5067,2020-02-01,19:25:27,saldo,,137,121,Hx279400
5068,2019-12-20,04:55:02,prelievo,24.58,1112,238,He343714
5069,2023-08-05,02:52:50,saldo,,846,267,QS796335
5070,2018-01-25,23:35:56,prelievo,102.99,1060,41,LP297243
5071,2025-04-15,16:36:17,deposito,104.67,1122,111,ua979952
5072,2014-02-18,14:01:21,saldo,,677,216,sR730774
5073,2018-01-13,22:22:32,deposito,117.14,616,264,cG636261
5074,2023-08-21,17:38:07,prelievo,23.99,667,276,Un523687
5075,2019-10-22,10:02:39,lista_movimenti,,608,291,FE634864
5076,2022-01-05,21:28:58,deposito,108.51,384,45,lt974760
5077,2025-12-16,08:30:11,prelievo,61.01,909,119,qy515003
5078,2025-01-10,08:03:09,lista_movimenti,,810,90,zD075970
5079,2020-09-06,03:44:58,lista_movimenti,,230,71,Pa383066
5080,2024-11-14,20:56:16,prelievo,87.65,360,112,kc955766
5081,2026-03-24,04:41:30,prelievo,151.91,628,245,Wt037433
5082,2023-09-28,04:39:30,lista_movimenti,,693,183,SV695472
5083,2025-07-24,04:40:43,deposito,77.69,398,71,yz311053
5084,2019-10-11,04:48:20,prelievo,29.96,28,236,ja601436
5085,2024-02-22,07:06:14,lista_movimenti,,210,116,jQ847812
5086,2016-06-17,06:46:15,deposito,19.94,883,236,bN231002
5087,2017-10-31,20:14:10,prelievo,165.64,372,92,Mw775286
5088,2017-08-31,21:00:04,deposito,123.54,465,241,bv415201
5089,2016-02-12,13:30:34,deposito,83.86,538,271,XN507608
5090,2023-09-13,20:49:06,prelievo,84.91,1129,3,EP263695
5091,2023-09-05,05:01:55,saldo,,591,86,lP220259
5092,2020-05-29,09:37:24,deposito,100.64,173,22,he314403
5093,2022-01-07,05:29:19,prelievo,191.67,492,241,Db015283
5094,2024-12-18,05:45:32,deposito,108.67,16,16,fQ207597
5095,2024-03-19,01:39:38,deposito,158.37,491,261,aU264587
5096,2017-10-05,15:47:51,prelievo,40.38,227,16,jl028502
5097,2020-01-01,05:47:47,saldo,,520,183,Ld675530
5098,2023-07-26,19:34:22,saldo,,1058,218,yi644979
5099,2023-06-02,21:20:43,prelievo,101.24,1185,2,tx806053
5100,2018-07-18,09:44:35,saldo,,1156,42,CE752078
5101,2017-10-01,20:39:49,lista_movimenti,,995,20,Ht135218
5102,2023-03-01,05:04:31,deposito,71.5,704,272,LY958187
5103,2024-01-07,12:38:37,prelievo,117.29,228,8,mp276755
5104,2025-08-23,10:54:56,saldo,,685,178,zV186944
5105,2025-01-19,11:24:53,deposito,28.42,892,148,gt912771
5106,2023-08-21,11:56:06,deposito,14.44,1189,98,xu943121
5107,2022-01-28,05:52:18,deposito,156.08,666,233,iD191270
5108,2025-04-12,17:55:30,prelievo,123.13,993,2,XY407086
5109,2021-04-06,04:54:03,deposito,21.59,304,164,TN543457
5110,2024-08-26,09:10:34,deposito,34.62,572,254,Ek871018
5111,2025-04-12,08:42:48,deposito,41.96,898,138,ET847886
5112,2025-08-26,02:52:41,prelievo,173.23,159,16,ZZ571433
5113,2023-08-04,12:58:04,lista_movimenti,,957,155,dx290892
5114,2021-12-14,21:21:24,saldo,,1071,224,Dk496735
5115,2021-03-08,13:08:26,deposito,155.34,829,77,jU828444
5116,2024-08-24,10:04:03,lista_movimenti,,129,177,Uo887356
5117,2021-08-20,13:04:45,deposito,126.33,989,261,kW532191
5118,2024-06-26,12:57:39,prelievo,23.28,222,213,yV021163
5119,2024-06-25,04:52:59,prelievo,21.31,1031,4,dv995602
5120,2024-10-18,15:09:19,deposito,83.49,1009,24,ho830970
5121,2021-11-05,13:33:30,prelievo,111.12,720,142,Ck708951
5122,2025-10-11,09:45:24,deposito,179.34,863,31,Pq996196
5123,2025-05-02,03:57:42,lista_movimenti,,750,126,eS158534
5124,2023-03-22,19:50:54,lista_movimenti,,134,125,BW088293
5125,2021-04-01,06:28:14,deposito,176.21,523,128,Nl703697
5126,2025-01-27,17:29:37,deposito,106.59,915,267,Dl823981
5127,2019-04-12,21:26:48,saldo,,283,278,Tp680817
5128,2025-10-08,23:50:16,prelievo,71.16,131,6,GT579522
5129,2020-09-20,16:41:02,prelievo,34.94,1098,244,dI033495
5130,2020-03-15,18:24:45,deposito,104.3,319,195,nC549438
5131,2025-10-03,05:20:31,saldo,,40,231,IJ886211
5132,2023-10-17,13:31:14,prelievo,108.28,1155,145,wh954331
5133,2020-12-05,07:51:23,prelievo,126.84,735,128,DN152459
5134,2023-02-20,09:53:26,saldo,,948,284,VG308634
5135,2013-04-18,20:36:10,prelievo,42.9,983,34,ix440725
5136,2022-05-12,07:54:56,deposito,183.21,495,130,sn623722
5137,2026-01-21,22:42:11,deposito,115.1,612,118,uZ310361
5138,2018-07-27,15:53:55,deposito,64.52,400,292,bc820268
5139,2026-04-04,03:53:02,deposito,114.2,114,174,Xr318688
5140,2022-08-03,05:04:42,prelievo,68.61,121,109,Cq701737
5141,2020-12-23,08:55:50,prelievo,148.1,898,105,ET847886
5142,2012-10-31,13:06:06,lista_movimenti,,469,182,WM351496
5143,2022-09-22,12:18:25,deposito,138.85,748,104,DB529952
5144,2025-05-28,16:34:56,deposito,161.84,813,237,IX168639
5145,2022-09-01,18:52:22,saldo,,672,280,Sx888264
5146,2018-08-04,18:55:30,lista_movimenti,,1186,91,DS360396
5147,2025-11-20,09:01:32,deposito,90.79,548,259,Dk622946
5148,2024-05-29,17:32:35,deposito,190.03,812,290,ja410389
5149,2022-11-29,12:22:37,deposito,195.31,754,87,es330579
5150,2025-05-23,09:49:10,prelievo,60.14,616,289,cG636261
5151,2023-09-05,14:32:47,deposito,196.89,474,127,Rn956359
5152,2023-11-01,15:27:31,prelievo,123.44,790,68,Ni496698
5153,2022-09-17,08:16:14,prelievo,171.74,201,93,aJ017990
5154,2020-11-10,04:51:42,prelievo,110.24,884,263,Th922611
5155,2023-11-15,00:07:07,prelievo,75.64,142,50,Zp331630
5156,2026-03-26,08:43:33,prelievo,21.84,717,157,LS493276
5157,2024-03-06,02:01:38,deposito,13.35,564,258,jw059766
5158,2025-07-16,14:34:33,prelievo,101.78,177,263,Sa621231
5159,2015-07-16,02:52:42,lista_movimenti,,91,45,qw964992
5160,2020-04-06,08:53:56,prelievo,111.97,26,215,ki043598
5161,2020-11-25,19:12:14,deposito,107.43,86,2,Yk695622
5162,2014-04-07,18:10:03,prelievo,59.02,1063,81,ml256657
5163,2014-06-10,07:01:17,prelievo,10.89,1114,234,Si374605
5164,2024-09-28,11:14:42,prelievo,142.97,1146,142,iW785381
5165,2025-07-01,07:50:10,lista_movimenti,,235,42,rG927062
5166,2021-10-16,10:43:22,prelievo,21.09,883,261,bN231002
5167,2019-01-22,00:25:39,deposito,178.01,927,255,Tl519480
5168,2025-01-26,11:47:29,prelievo,82.25,512,207,Pq349201
5169,2020-09-24,04:42:03,prelievo,60.75,114,293,Xr318688
5170,2025-08-01,20:24:20,lista_movimenti,,1198,218,aq051572
5171,2021-05-06,19:01:04,prelievo,48.27,1199,61,fD200806
5172,2018-07-22,14:16:20,prelievo,29.85,35,254,cc360209
5173,2024-04-14,10:26:55,deposito,27.94,1024,99,bi027633
5174,2024-01-07,03:28:52,deposito,177.05,797,258,OQ112816
5175,2014-07-11,09:48:04,prelievo,129.29,417,167,fP730877
5176,2019-10-27,07:09:12,prelievo,135.78,478,66,Tq800248
5177,2024-12-29,11:47:59,saldo,,576,139,ga877380
5178,2024-10-11,00:24:21,prelievo,136.16,594,63,mR705225
5179,2021-06-04,12:31:24,deposito,110.61,239,14,Qs838303
5180,2023-04-20,20:46:14,prelievo,106.72,327,167,Gj834453
5181,2015-10-06,14:54:29,deposito,136.77,1151,216,Cj237248
5182,2023-04-13,21:31:44,prelievo,169.04,1056,64,Su169084
5183,2024-11-02,10:42:29,lista_movimenti,,1004,284,hM518093
5184,2016-06-30,02:02:21,deposito,46.29,75,90,KG028766
5185,2024-08-22,17:22:46,lista_movimenti,,287,48,Jf320281
5186,2022-06-10,03:23:47,lista_movimenti,,495,194,sn623722
5187,2023-03-30,03:30:28,deposito,99.85,147,2,AK217913
5188,2026-01-21,09:41:35,deposito,187.26,512,29,Pq349201
5189,2020-12-25,20:20:02,deposito,128.62,739,69,yR196908
5190,2020-06-21,05:23:50,deposito,69.09,20,215,Il304858
5191,2016-11-24,11:59:44,prelievo,124.94,378,114,kl221145
5192,2024-06-29,21:32:40,prelievo,189.14,59,257,tg076802
5193,2024-11-21,04:04:16,prelievo,32.27,771,292,UC279512
5194,2023-09-11,23:34:08,deposito,69.41,864,91,PO015467
5195,2026-01-12,18:13:36,deposito,69.4,230,176,Pa383066
5196,2020-02-12,20:37:26,lista_movimenti,,537,146,my407161
5197,2024-01-16,18:29:10,deposito,55.04,487,289,NS535369
5198,2024-05-19,12:12:23,lista_movimenti,,1034,300,ct634978
5199,2025-07-03,16:47:06,prelievo,66.71,400,56,bc820268
5200,2021-02-15,09:05:57,prelievo,124.2,1172,225,Du611291
5201,2025-11-01,23:09:12,lista_movimenti,,1050,286,EK361459
5202,2021-10-23,08:35:39,deposito,150.03,541,156,Lg922679
5203,2018-05-22,17:34:25,deposito,167.76,163,90,kF660628
5204,2017-11-20,21:11:05,prelievo,139.79,1090,161,Re932589
5205,2016-12-07,20:30:47,prelievo,145.89,1092,189,Xw699483
5206,2023-01-26,13:06:52,deposito,70.18,362,164,gF507004
5207,2022-12-15,22:17:33,deposito,24.88,133,223,dk225195
5208,2018-04-15,14:45:05,prelievo,124.91,32,198,Ig173763
5209,2020-12-18,09:23:13,deposito,72.19,803,47,bu243545
5210,2026-04-25,06:22:14,deposito,108.3,1084,252,wM087977
5211,2026-02-01,04:06:27,prelievo,118.48,456,138,bV036672
5212,2025-08-21,16:30:30,saldo,,558,153,gm972297
5213,2023-08-31,05:35:32,prelievo,136.46,1099,162,OD153822
5214,2016-11-11,13:59:00,saldo,,737,95,SF325425
5215,2023-12-11,18:50:14,lista_movimenti,,309,201,AY709126
5216,2021-12-26,00:49:04,saldo,,797,283,OQ112816
5217,2016-10-16,02:54:10,deposito,191.33,960,96,oq084099
5218,2022-10-31,17:44:18,deposito,147.87,946,213,EV203115
5219,2023-04-28,23:23:17,prelievo,26.23,32,29,Ig173763
5220,2023-01-31,10:45:43,deposito,26.22,791,93,GG394977
5221,2022-12-05,20:45:08,lista_movimenti,,287,160,Jf320281
5222,2016-08-11,23:23:53,prelievo,166.8,584,112,yx786339
5223,2021-01-24,15:05:11,prelievo,75.98,1184,204,XG080279
5224,2016-03-13,13:42:12,deposito,167.73,1154,221,OL183343
5225,2025-03-20,02:11:01,saldo,,395,36,uc759901
5226,2026-03-05,08:07:30,saldo,,52,139,ao504679
5227,2016-08-29,10:36:02,prelievo,16.43,824,51,OD472528
5228,2023-07-26,16:51:18,deposito,22.85,381,13,Ta801186
5229,2021-11-04,02:53:02,lista_movimenti,,328,131,TR808793
5230,2014-04-17,21:29:02,deposito,120.06,87,148,jy557244
5231,2024-02-23,23:35:39,deposito,21.3,762,276,gs248964
5232,2022-03-05,12:47:36,deposito,38.81,141,68,dG623498
5233,2023-06-19,19:48:15,lista_movimenti,,26,232,ki043598
5234,2021-04-12,11:24:40,saldo,,829,19,jU828444
5235,2016-12-27,04:46:50,deposito,105.53,311,185,od612541
5236,2024-04-04,20:12:10,prelievo,167.02,1167,73,YV046967
5237,2026-02-28,10:37:00,deposito,181.47,517,263,aJ952726
5238,2024-09-13,05:58:58,deposito,35.68,1035,68,RP791352
5239,2019-08-12,14:49:01,prelievo,42.23,716,232,BH118138
5240,2021-07-22,06:33:13,lista_movimenti,,204,298,md202995
5241,2025-03-26,01:10:53,saldo,,85,28,Mh980046
5242,2025-03-14,22:13:14,lista_movimenti,,762,228,gs248964
5243,2023-02-15,00:49:19,prelievo,153.47,901,247,ne782614
5244,2015-07-19,03:16:04,deposito,199.34,796,205,fP140046
5245,2018-04-23,10:03:18,deposito,154.6,202,162,zo423152
5246,2013-09-12,10:14:51,deposito,73.88,1022,97,mr309085
5247,2023-07-30,00:41:12,prelievo,113.94,677,226,sR730774
5248,2025-03-31,22:44:07,prelievo,103.46,93,5,Uu634731
5249,2026-02-17,13:43:24,saldo,,482,110,IO521520
5250,2022-05-25,06:46:25,prelievo,38.45,1158,103,DB955466
5251,2021-06-30,02:15:23,prelievo,11.13,1195,74,Cc879609
5252,2021-07-09,19:03:28,deposito,64.89,201,191,aJ017990
5253,2024-11-14,00:52:57,prelievo,17.74,49,289,rE279047
5254,2019-05-17,16:21:30,deposito,53.08,929,167,fn154182
5255,2024-11-29,22:09:00,prelievo,30.62,909,114,qy515003
5256,2023-06-21,22:36:31,deposito,100.91,47,238,ra708122
5257,2026-04-03,06:53:26,deposito,37.09,791,198,GG394977
5258,2021-04-14,17:13:39,lista_movimenti,,447,111,uX775554
5259,2022-10-12,06:24:09,lista_movimenti,,445,63,tW445386
5260,2019-01-19,15:58:55,prelievo,23.67,693,264,SV695472
5261,2023-01-26,15:43:11,prelievo,161.37,562,36,th819559
5262,2025-05-09,21:17:20,deposito,60.65,703,63,hk369377
5263,2026-01-25,12:20:54,prelievo,132.58,366,34,Ux779634
5264,2015-01-30,11:10:02,lista_movimenti,,622,224,VV522018
5265,2024-07-23,14:26:50,deposito,34.96,591,9,lP220259
5266,2021-11-14,10:03:43,saldo,,634,288,ip982341
5267,2022-04-29,16:19:22,deposito,94.73,97,259,eZ785342
5268,2021-02-08,08:18:32,deposito,82.79,507,276,Hp708117
5269,2022-08-12,10:45:49,prelievo,101.75,394,270,JZ367469
5270,2024-02-04,12:03:17,prelievo,110.87,378,218,kl221145
5271,2025-09-29,00:10:42,prelievo,37.01,1122,119,ua979952
5272,2025-04-20,02:21:38,lista_movimenti,,117,183,sM581489
5273,2018-05-02,12:49:53,prelievo,38.29,1173,101,ir077914
5274,2026-02-06,05:04:29,saldo,,852,131,gB355956
5275,2023-06-12,20:04:12,prelievo,118.89,417,265,fP730877
5276,2026-04-16,11:39:41,prelievo,95.51,882,104,Rm212158
5277,2017-03-14,21:00:24,prelievo,174.51,200,214,fP767727
5278,2025-09-15,11:34:20,prelievo,99.39,885,256,kD004578
5279,2021-08-11,20:05:43,saldo,,1123,211,Vs428980
5280,2018-12-13,23:18:57,prelievo,63.16,428,106,Mh809725
5281,2023-07-14,09:45:11,prelievo,92.9,449,32,Kf023732
5282,2023-04-02,07:11:04,lista_movimenti,,244,44,Fu568851
5283,2024-12-14,03:47:23,deposito,110.06,599,34,wp392141
5284,2024-12-02,01:30:30,prelievo,15.59,538,24,XN507608
5285,2021-07-10,18:27:02,deposito,77.34,610,17,bP156584
5286,2025-11-27,15:12:09,prelievo,11.06,791,221,GG394977
5287,2025-10-06,15:48:48,deposito,125.38,124,298,bg952396
5288,2023-08-10,07:41:25,saldo,,682,253,iF563696
5289,2017-04-05,08:08:01,deposito,180.12,1012,254,jM558274
5290,2026-01-01,05:12:51,deposito,131.37,513,109,eP594696
5291,2024-12-23,12:26:12,prelievo,48.26,14,257,zl386815
5292,2017-05-19,21:45:25,prelievo,128.91,520,138,Ld675530
5293,2025-08-02,05:59:26,prelievo,176.74,348,178,qd961534
5294,2024-08-29,14:03:31,saldo,,497,107,Hj660331
5295,2016-03-06,12:49:19,deposito,86.43,293,300,js239010
5296,2025-11-23,05:40:13,deposito,62.57,248,82,VW785832
5297,2025-06-26,23:30:56,prelievo,117.36,56,298,tU939894
5298,2019-11-01,05:39:16,saldo,,359,248,kD916717
5299,2021-09-05,08:46:05,prelievo,21.04,551,130,JH833801
5300,2023-06-22,03:25:22,saldo,,107,298,ig289585
5301,2023-09-14,07:19:57,deposito,86.35,426,55,rl162896
5302,2026-04-10,07:20:13,deposito,87.35,688,58,eC443010
5303,2022-02-01,22:20:12,prelievo,86.11,129,24,Uo887356
5304,2019-03-26,11:11:59,prelievo,107.77,1162,93,Qo689553
5305,2025-01-22,09:04:34,prelievo,165.98,120,163,Ee450079
5306,2025-08-14,08:14:12,lista_movimenti,,730,18,xR829998
5307,2023-03-17,06:19:38,lista_movimenti,,851,3,dO192214
5308,2025-05-29,22:32:41,prelievo,82.71,747,59,FG019868
5309,2024-08-29,07:25:17,deposito,116.15,274,170,rQ442213
5310,2025-12-30,18:06:41,deposito,95.31,357,295,wa254369
5311,2024-04-20,16:55:07,prelievo,22.4,538,225,XN507608
5312,2023-02-22,17:50:20,deposito,80.52,887,9,LQ256301
5313,2025-04-20,06:09:22,lista_movimenti,,629,52,Lb611362
5314,2026-01-15,04:15:18,prelievo,26.96,276,23,fX504249
5315,2023-12-20,19:59:22,deposito,32.9,1002,166,Pu299190
5316,2023-09-06,14:46:30,lista_movimenti,,792,49,Wd120932
5317,2017-03-18,10:42:41,lista_movimenti,,962,110,of225929
5318,2024-09-25,15:42:01,prelievo,138.71,19,90,of763649
5319,2024-03-20,06:14:27,prelievo,44.72,673,217,yu363595
5320,2018-01-26,08:28:05,deposito,164.76,764,157,mq975973
5321,2023-11-19,06:55:41,prelievo,57.38,1005,260,QI527743
5322,2025-05-24,00:58:24,lista_movimenti,,1174,193,nN756162
5323,2024-01-25,07:12:19,prelievo,165.69,123,199,UC358426
5324,2022-10-18,23:24:49,prelievo,40.97,543,158,cK465911
5325,2025-08-16,06:46:10,prelievo,153.94,1166,276,PJ564718
5326,2025-12-06,05:03:30,lista_movimenti,,320,250,Ut663071
5327,2015-06-23,20:04:11,deposito,82.42,58,11,wy047261
5328,2011-10-26,11:51:33,prelievo,95.12,639,266,jy431161
5329,2021-01-16,10:30:04,prelievo,113.8,1200,145,sg130318
5330,2025-12-11,15:10:18,lista_movimenti,,749,59,Nd582827
5331,2022-12-08,09:01:20,prelievo,185.31,788,221,Fc865300
5332,2025-06-10,13:08:22,deposito,107.65,122,284,hF448006
5333,2022-03-09,10:52:33,prelievo,77.66,917,237,Wi768100
5334,2021-10-25,17:38:54,deposito,107.77,684,172,yb536196
5335,2021-09-02,18:41:49,prelievo,50.98,322,125,lZ947762
5336,2025-11-07,23:38:30,deposito,139.19,899,7,vh211869
5337,2016-02-05,15:07:21,prelievo,149.7,357,272,wa254369
5338,2024-10-08,14:46:56,prelievo,91.17,1105,204,GC955349
5339,2025-09-07,10:21:17,lista_movimenti,,1035,36,RP791352
5340,2026-02-12,15:09:08,deposito,85.63,402,34,kC493574
5341,2017-03-29,17:39:41,prelievo,31.2,247,280,wz717652
5342,2018-02-12,23:17:09,prelievo,132.61,674,47,yU404660
5343,2023-05-30,20:13:11,saldo,,574,83,BP056272
5344,2021-05-29,04:20:24,deposito,159.26,1119,119,Se418183
5345,2024-11-29,04:20:52,prelievo,16.44,381,151,Ta801186
5346,2021-07-05,16:05:06,prelievo,16.62,91,243,qw964992
5347,2023-02-27,04:22:39,deposito,182.97,258,100,CX555309
5348,2024-12-16,15:32:37,prelievo,71.08,411,137,PF743607
5349,2023-08-22,17:02:19,saldo,,641,36,mE154071
5350,2022-03-19,02:25:04,lista_movimenti,,1005,288,QI527743
5351,2024-04-06,01:43:33,deposito,181.0,292,210,Ar792575
5352,2024-01-20,15:40:16,saldo,,58,143,wy047261
5353,2016-12-22,08:57:57,prelievo,39.39,641,26,mE154071
5354,2024-12-06,17:09:59,prelievo,178.96,841,109,AK934462
5355,2025-10-27,00:02:17,lista_movimenti,,964,253,dv617920
5356,2024-02-02,08:55:32,lista_movimenti,,698,227,ML590757
5357,2019-02-20,21:23:40,deposito,172.42,735,245,DN152459
5358,2014-12-09,21:13:03,prelievo,162.03,448,78,BC597992
5359,2020-05-05,13:03:27,lista_movimenti,,908,147,Jn777679
5360,2025-07-18,17:48:08,deposito,57.14,281,99,rQ561181
5361,2021-10-30,23:34:28,deposito,33.82,143,184,AD690345
5362,2021-09-06,13:30:09,prelievo,40.7,373,72,UI724109
5363,2024-07-15,08:55:13,saldo,,103,143,fO984803
5364,2025-11-16,14:28:41,deposito,100.36,956,17,Dm394360
5365,2026-04-18,22:35:38,deposito,45.61,9,266,LA267757
5366,2026-01-18,18:37:10,prelievo,119.7,663,44,zr716417
5367,2025-01-18,16:51:30,prelievo,157.63,848,114,wP590147
5368,2019-08-11,11:22:53,deposito,131.79,38,76,il026142
5369,2024-10-27,23:26:20,deposito,199.99,1100,152,gI125795
5370,2025-06-24,17:39:53,deposito,19.58,993,147,XY407086
5371,2024-06-09,09:07:52,prelievo,35.64,457,169,dt046231
5372,2024-01-05,21:58:18,prelievo,150.31,735,266,DN152459
5373,2024-03-08,00:39:36,lista_movimenti,,1103,284,UV909989
5374,2022-01-07,05:53:31,prelievo,159.07,175,248,LD982891
5375,2023-08-07,13:07:56,deposito,46.87,923,72,Io874310
5376,2018-07-02,16:53:14,prelievo,145.92,1143,190,bW443277
5377,2022-07-20,04:44:25,prelievo,98.58,258,255,CX555309
5378,2021-11-19,23:27:39,prelievo,190.17,1151,234,Cj237248
5379,2024-03-31,08:00:04,deposito,24.4,225,87,mN780589
5380,2023-12-05,17:09:37,deposito,36.21,910,193,PS396027
5381,2025-06-07,19:58:23,deposito,158.32,707,196,SZ857761
5382,2023-08-17,06:27:36,prelievo,45.23,118,81,LR374410
5383,2022-03-12,19:44:07,deposito,126.43,724,232,Ve878154
5384,2022-05-27,05:20:08,deposito,194.73,624,291,Fh485201
5385,2020-10-31,13:53:01,prelievo,181.72,751,11,Bh940343
5386,2020-10-04,00:09:49,deposito,186.45,194,140,Dp752391
5387,2025-08-30,13:50:05,deposito,139.56,141,86,dG623498
5388,2015-09-24,23:21:48,deposito,195.97,526,68,UK874121
5389,2025-03-31,05:24:18,prelievo,56.57,973,105,mG675895
5390,2015-04-18,14:43:05,prelievo,123.84,927,132,Tl519480
5391,2022-04-13,13:15:23,prelievo,176.35,85,265,Mh980046
5392,2026-03-05,07:26:01,deposito,132.89,1108,118,Ur630330
5393,2019-02-19,04:29:12,prelievo,40.07,883,186,bN231002
5394,2015-06-16,07:01:58,prelievo,143.95,1060,149,LP297243
5395,2024-05-24,13:54:09,prelievo,172.62,966,260,ES861072
5396,2017-03-12,21:39:34,deposito,82.38,764,19,mq975973
5397,2022-06-11,11:17:02,prelievo,149.7,9,155,LA267757
5398,2021-05-11,17:30:55,prelievo,125.25,1077,94,mK469864
5399,2023-06-01,09:51:21,deposito,16.88,385,81,UK443397
5400,2026-04-12,22:11:12,deposito,47.02,488,142,zd589532
5401,2023-10-03,13:51:58,deposito,111.76,988,292,Dw508390
5402,2020-12-05,20:33:52,deposito,45.52,1200,203,sg130318
5403,2024-07-16,17:15:05,prelievo,108.85,957,243,dx290892
5404,2025-04-02,19:30:54,deposito,191.56,924,138,lq363376
5405,2025-05-18,20:07:37,deposito,78.45,384,104,lt974760
5406,2021-08-01,13:40:25,lista_movimenti,,670,161,yh183374
5407,2021-05-07,18:47:02,prelievo,23.03,529,4,Ys874256
5408,2015-12-02,12:33:24,prelievo,168.78,598,105,AC330306
5409,2022-05-25,21:16:11,lista_movimenti,,549,102,nX547241
5410,2025-12-21,14:22:44,prelievo,94.14,481,138,eL802352
5411,2026-03-13,00:01:22,saldo,,377,83,bz198798
5412,2014-02-18,16:01:45,lista_movimenti,,1092,60,Xw699483
5413,2020-10-21,22:46:48,saldo,,452,169,OB971127
5414,2017-02-08,14:32:56,deposito,164.57,230,281,Pa383066
5415,2020-12-04,03:36:11,lista_movimenti,,141,153,dG623498
5416,2021-02-10,03:42:24,lista_movimenti,,167,166,gG114765
5417,2025-02-16,00:23:00,prelievo,157.25,1146,72,iW785381
5418,2018-07-23,10:04:16,prelievo,188.23,145,10,MF762974
5419,2025-01-04,22:26:24,deposito,23.38,1150,271,QG071620
5420,2022-08-04,16:50:00,deposito,83.49,825,167,DJ671866
5421,2018-10-07,08:56:18,deposito,26.95,241,4,tk953031
5422,2025-12-01,16:21:12,prelievo,162.26,468,177,Ti017759
5423,2025-07-01,12:21:11,prelievo,196.07,1086,169,RP154564
5424,2022-04-27,21:26:19,deposito,116.86,321,227,Np409420
5425,2020-05-23,18:29:33,saldo,,983,10,ix440725
5426,2025-03-05,12:47:19,deposito,50.88,461,168,tA880229
5427,2020-07-11,02:47:56,saldo,,49,140,rE279047
5428,2020-02-11,17:01:15,lista_movimenti,,424,36,DZ553847
5429,2026-04-23,17:50:11,saldo,,878,18,IC398346
5430,2019-07-23,14:57:41,prelievo,18.97,1025,103,oT570600
5431,2024-07-13,04:00:34,deposito,118.1,799,101,FE732602
5432,2023-02-15,00:20:58,deposito,143.37,1146,49,iW785381
5433,2024-10-20,09:14:48,deposito,14.02,45,267,aW776807
5434,2022-05-28,14:52:15,prelievo,166.84,81,84,EJ330568
5435,2022-06-12,06:22:51,saldo,,440,19,Ka451311
5436,2022-09-20,05:48:41,prelievo,25.84,483,226,RF112903
5437,2024-11-20,04:49:03,saldo,,1109,151,Yg629950
5438,2024-08-02,02:26:01,lista_movimenti,,1111,280,Ua519335
5439,2025-05-06,15:25:47,prelievo,84.01,1006,252,zy401632
5440,2024-10-17,04:06:04,saldo,,26,129,ki043598
5441,2017-06-10,18:13:03,prelievo,124.62,518,225,XQ237919
5442,2023-09-18,12:05:27,saldo,,1106,233,yg261697
5443,2023-10-19,14:47:12,saldo,,480,222,ut848710
5444,2025-02-06,16:35:46,prelievo,123.97,759,37,cs986645
5445,2024-08-16,04:05:34,deposito,66.89,1190,71,EH922865
5446,2025-06-04,20:44:23,prelievo,45.1,1015,136,Iv816311
5447,2016-04-06,01:08:06,saldo,,145,291,MF762974
5448,2017-11-30,16:13:09,prelievo,158.52,389,37,lU144500
5449,2025-12-15,20:51:42,prelievo,26.03,775,115,kN832751
5450,2024-10-16,06:38:18,lista_movimenti,,81,84,EJ330568
5451,2023-12-21,00:18:16,prelievo,11.27,849,11,sy775844
5452,2023-02-22,07:46:29,prelievo,59.56,730,178,xR829998
5453,2019-04-08,02:30:51,prelievo,110.75,35,265,cc360209
5454,2013-12-14,04:26:59,deposito,61.13,55,212,Qy023469
5455,2023-11-01,19:04:30,prelievo,21.67,1002,16,Pu299190
5456,2020-07-23,21:13:07,deposito,97.22,18,12,zq360242
5457,2024-04-13,03:01:29,prelievo,135.1,1103,168,UV909989
5458,2025-05-02,08:23:29,deposito,47.79,11,128,KG745447
5459,2026-03-09,14:46:29,saldo,,117,182,sM581489
5460,2017-04-29,21:19:23,deposito,170.38,1114,72,Si374605
5461,2022-09-03,16:17:08,prelievo,67.0,520,241,Ld675530
5462,2020-10-26,15:48:51,prelievo,151.33,311,279,od612541
5463,2021-10-21,15:21:05,prelievo,15.65,465,246,bv415201
5464,2020-07-18,02:51:40,lista_movimenti,,693,166,SV695472
5465,2012-05-13,02:02:13,lista_movimenti,,1038,224,nr789322
5466,2025-05-10,20:18:24,deposito,56.58,772,83,yu036854
5467,2025-08-29,08:16:59,deposito,63.72,319,297,nC549438
5468,2014-01-25,02:28:27,deposito,47.97,213,219,kH402165
5469,2024-09-01,23:34:26,deposito,92.94,208,153,jL779780
5470,2022-03-10,17:46:20,deposito,100.36,901,266,ne782614
5471,2018-07-03,16:52:02,saldo,,764,121,mq975973
5472,2025-10-18,02:47:39,deposito,31.31,236,150,rb750507
5473,2017-04-23,11:04:48,prelievo,55.0,379,155,UA644901
5474,2024-11-23,18:29:07,lista_movimenti,,661,42,RF432548
5475,2023-01-27,15:20:46,deposito,34.54,29,8,cO966688
5476,2023-04-05,10:01:28,deposito,173.26,40,235,IJ886211
5477,2020-10-19,20:36:14,prelievo,104.0,1186,185,DS360396
5478,2015-09-09,00:52:59,prelievo,18.84,900,26,bv090281
5479,2022-05-21,01:51:02,prelievo,154.73,351,30,PM719076
5480,2021-12-12,19:49:14,deposito,86.39,584,56,yx786339
5481,2023-02-02,18:54:44,prelievo,73.06,1044,225,hV911640
5482,2025-07-10,19:12:17,saldo,,762,10,gs248964
5483,2020-10-16,03:19:26,prelievo,164.82,635,99,nt802629
5484,2015-07-03,05:16:05,deposito,194.3,140,36,BL586716
5485,2015-06-27,08:00:08,prelievo,113.27,1191,15,zh260869
5486,2024-03-05,22:01:58,saldo,,241,298,tk953031
5487,2020-01-21,03:39:11,prelievo,114.5,481,246,eL802352
5488,2018-09-09,09:53:06,lista_movimenti,,1199,244,fD200806
5489,2025-11-08,11:16:36,prelievo,41.82,674,240,yU404660
5490,2018-03-22,16:39:32,deposito,22.72,514,109,Ps863192
5491,2020-01-15,20:03:52,deposito,126.52,222,128,yV021163
5492,2021-01-27,20:51:14,prelievo,70.89,362,130,gF507004
5493,2022-07-25,10:27:26,deposito,38.43,174,196,aE852936
5494,2021-07-23,16:06:07,deposito,120.7,353,170,OZ834844
5495,2021-03-24,23:17:11,prelievo,96.61,989,166,kW532191
5496,2024-12-21,11:49:15,prelievo,37.77,512,81,Pq349201
5497,2026-01-21,21:09:35,saldo,,1187,90,xo128142
5498,2022-04-30,16:49:39,saldo,,355,100,aw417136
5499,2016-06-05,20:23:31,prelievo,156.77,641,285,mE154071
5500,2015-08-31,18:41:14,prelievo,120.89,645,47,Me943050
5501,2018-12-08,07:23:13,lista_movimenti,,495,160,sn623722
5502,2022-10-03,15:56:19,prelievo,140.37,1115,115,sg760354
5503,2023-08-05,20:49:52,deposito,121.36,648,198,Wp703127
5504,2022-07-12,03:27:11,lista_movimenti,,1152,117,KC264572
5505,2025-05-18,16:02:54,lista_movimenti,,993,222,XY407086
5506,2024-09-29,21:31:32,deposito,33.56,832,99,ce326484
5507,2022-06-18,01:57:04,deposito,131.75,477,216,ga917085
5508,2019-07-29,17:26:58,prelievo,61.59,516,8,by901269
5509,2023-10-21,15:17:11,lista_movimenti,,1000,52,FH413999
5510,2020-04-30,14:36:19,prelievo,162.38,847,192,RE367652
5511,2019-06-15,12:38:50,prelievo,170.96,779,130,yF840729
5512,2014-09-15,18:15:43,saldo,,247,110,wz717652
5513,2016-10-04,07:14:39,saldo,,380,45,wb826682
5514,2016-01-11,19:34:27,saldo,,209,33,mE300044
5515,2024-08-31,14:54:04,deposito,143.8,1139,166,hf149424
5516,2020-09-14,23:17:28,prelievo,148.45,965,99,nr798617
5517,2025-02-02,02:54:14,prelievo,163.58,723,278,pZ806166
5518,2020-07-19,03:20:28,deposito,84.2,707,237,SZ857761
5519,2024-04-17,11:44:03,prelievo,109.18,426,93,rl162896
5520,2020-01-18,05:00:06,lista_movimenti,,381,251,Ta801186
5521,2021-03-23,03:07:22,deposito,180.62,1022,69,mr309085
5522,2025-08-15,20:11:17,deposito,54.23,1149,237,vx314059
5523,2021-02-14,17:51:21,deposito,168.48,853,68,bu549157
5524,2018-07-05,18:04:24,deposito,141.18,38,223,il026142
5525,2024-02-29,02:39:07,deposito,53.11,876,270,VE382295
5526,2019-01-06,20:06:04,deposito,176.56,1109,66,Yg629950
5527,2018-01-29,07:40:13,saldo,,769,250,WC073087
5528,2022-01-31,19:29:27,prelievo,14.39,438,276,uG743017
5529,2021-06-14,04:40:25,prelievo,14.92,105,64,xP495035
5530,2012-09-25,01:09:19,prelievo,192.48,397,160,PQ193294
5531,2016-05-21,05:12:00,saldo,,962,153,of225929
5532,2022-12-29,21:21:01,deposito,106.36,1006,285,zy401632
5533,2015-02-03,12:51:28,prelievo,154.31,578,128,eg649602
5534,2026-03-22,11:54:36,saldo,,686,12,tL382748
5535,2026-05-03,13:02:10,saldo,,1117,257,zy090818
5536,2015-12-12,18:26:02,prelievo,41.62,564,217,jw059766
5537,2023-10-13,11:47:00,lista_movimenti,,107,216,ig289585
5538,2025-08-25,15:46:25,deposito,17.0,387,132,Lr494654
5539,2025-08-02,06:35:22,prelievo,82.82,874,264,vE764859
5540,2018-08-03,13:34:50,lista_movimenti,,98,161,dD290562
5541,2025-10-31,15:24:03,saldo,,1054,257,Xl943099
5542,2024-02-23,12:36:01,deposito,45.85,542,180,cY205780
5543,2020-07-29,00:12:31,lista_movimenti,,609,299,tJ636285
5544,2021-08-15,08:32:48,saldo,,902,162,Or390873
5545,2025-07-02,13:55:51,prelievo,120.67,915,115,Dl823981
5546,2025-04-11,17:08:37,deposito,113.42,266,148,SS418065
5547,2024-09-16,13:36:06,prelievo,106.41,979,246,eV736470
5548,2016-06-27,18:05:55,deposito,143.75,91,27,qw964992
5549,2018-07-11,15:43:56,prelievo,38.13,962,206,of225929
5550,2020-09-01,18:35:37,lista_movimenti,,550,63,YR440769
5551,2026-01-02,12:52:41,deposito,186.38,106,221,QS406929
5552,2017-11-07,13:09:33,prelievo,51.31,1012,220,jM558274
5553,2020-02-06,05:57:25,deposito,85.81,1096,7,kl662302
5554,2026-01-31,18:27:05,deposito,56.64,569,12,Xg998985
5555,2022-05-06,00:31:35,prelievo,174.91,435,46,Eu853472
5556,2020-02-11,23:12:07,lista_movimenti,,837,100,iq967330
5557,2019-07-21,16:03:50,deposito,160.19,163,46,kF660628
5558,2022-06-30,06:09:12,deposito,26.37,1083,78,Ic271140
5559,2024-11-04,19:12:31,prelievo,13.73,1196,185,Lc310885
5560,2020-11-06,05:34:34,prelievo,21.43,384,13,lt974760
5561,2026-03-27,10:21:54,deposito,83.49,444,205,Id610604
5562,2019-07-09,19:52:18,prelievo,24.82,1167,237,YV046967
5563,2018-05-26,11:57:51,saldo,,774,40,ph732639
5564,2023-09-06,02:24:17,saldo,,828,279,nk028531
5565,2025-01-20,11:23:06,saldo,,530,286,th109211
5566,2021-06-23,02:05:11,deposito,58.81,331,71,Yr503074
5567,2018-07-10,02:30:08,prelievo,197.51,1099,234,OD153822
5568,2020-12-29,12:15:50,prelievo,36.12,520,53,Ld675530
5569,2015-12-27,04:38:19,prelievo,38.35,740,31,XL707137
5570,2024-09-08,01:49:03,prelievo,93.82,880,125,Go167809
5571,2025-02-23,03:36:37,deposito,105.04,220,62,kg439144
5572,2022-03-31,13:22:19,deposito,14.37,1043,136,Sz782800
5573,2021-06-08,07:22:04,deposito,54.15,1073,11,Xy877460
5574,2026-01-23,00:47:32,deposito,156.62,161,237,Xa470418
5575,2015-08-26,18:49:44,prelievo,177.23,441,225,Nu332959
5576,2025-03-26,00:31:26,prelievo,124.63,593,254,SX211034
5577,2015-09-06,02:24:19,prelievo,59.18,349,13,pU658355
5578,2024-06-27,01:28:46,prelievo,187.75,1116,114,mg882652
5579,2022-04-14,23:38:07,prelievo,136.0,797,105,OQ112816
5580,2023-02-22,02:48:11,prelievo,189.56,1136,167,ei795202
5581,2024-12-12,15:28:27,saldo,,549,255,nX547241
5582,2019-08-12,11:57:28,prelievo,88.86,585,54,mt526529
5583,2025-01-28,08:58:50,prelievo,102.43,393,154,nl962340
5584,2025-04-25,04:43:47,saldo,,89,224,BZ035284
5585,2022-01-17,01:05:14,prelievo,132.38,443,112,mb464949
5586,2024-02-07,15:39:20,deposito,27.56,60,163,iI917706
5587,2023-08-14,21:59:28,prelievo,136.02,1025,115,oT570600
5588,2023-11-13,20:41:40,deposito,46.07,987,229,SU749508
5589,2023-09-08,19:13:00,saldo,,474,204,Rn956359
5590,2022-06-08,18:34:24,saldo,,1105,19,GC955349
5591,2026-03-22,13:41:44,lista_movimenti,,353,74,OZ834844
5592,2020-03-17,11:40:07,deposito,93.66,400,222,bc820268
5593,2024-05-06,22:05:08,deposito,114.25,557,270,pj936322
5594,2024-07-18,19:57:38,deposito,89.61,302,281,FS475878
5595,2022-10-07,21:54:42,saldo,,800,259,Dy649686
5596,2018-04-14,19:59:09,deposito,76.58,476,50,Qp302990
5597,2025-01-23,00:35:00,deposito,67.72,19,218,of763649
5598,2025-01-06,14:06:14,prelievo,173.9,103,214,fO984803
5599,2022-12-13,13:28:23,prelievo,141.83,482,158,IO521520
5600,2024-04-04,13:03:02,deposito,65.51,1097,172,uq260383
5601,2025-05-30,21:56:59,deposito,194.15,187,283,Me898429
5602,2020-01-17,20:09:25,saldo,,1053,279,CB045667
5603,2026-04-09,03:04:23,prelievo,42.04,454,50,VB073501
5604,2019-12-27,21:12:49,lista_movimenti,,160,296,kS794698
5605,2025-09-11,08:30:00,deposito,21.13,238,258,BA420391
5606,2024-12-11,04:26:09,deposito,16.05,203,229,xE705573
5607,2023-08-06,10:49:43,saldo,,674,21,yU404660
5608,2026-04-16,00:08:16,saldo,,274,196,rQ442213
5609,2017-03-08,19:59:25,saldo,,355,283,aw417136
5610,2023-01-21,19:53:10,lista_movimenti,,554,197,wi212958
5611,2024-02-14,00:31:43,deposito,131.45,462,158,LB623230
5612,2024-04-24,22:54:34,deposito,81.2,766,113,mz076429
5613,2023-12-23,11:31:54,deposito,169.06,878,22,IC398346
5614,2026-01-17,00:47:25,deposito,62.44,818,208,yZ059854
5615,2018-03-08,14:18:05,deposito,57.42,853,206,bu549157
5616,2023-03-09,21:42:05,deposito,65.95,145,73,MF762974
5617,2025-04-09,07:42:25,lista_movimenti,,539,228,jt315874
5618,2025-07-06,12:54:55,prelievo,164.52,919,85,UQ721879
5619,2025-04-26,17:26:18,lista_movimenti,,863,284,Pq996196
5620,2017-06-19,16:19:38,deposito,30.74,555,196,Bc160849
5621,2026-02-25,11:18:52,prelievo,10.55,337,163,IK746274
5622,2019-04-17,07:10:36,deposito,134.47,879,213,jd038208
5623,2024-09-16,11:10:53,prelievo,46.1,618,150,yG217061
5624,2023-02-15,15:32:08,deposito,75.98,1187,92,xo128142
5625,2022-10-22,21:44:36,saldo,,1076,219,lh950797
5626,2023-01-23,21:30:16,deposito,124.25,1137,205,kj341998
5627,2023-09-15,19:07:29,prelievo,113.13,71,259,Qq938432
5628,2026-03-28,02:47:03,lista_movimenti,,1108,272,Ur630330
5629,2026-05-05,11:13:49,deposito,82.5,941,153,Zz733033
5630,2021-02-08,09:07:17,saldo,,953,86,bj490623
5631,2021-03-17,14:59:36,prelievo,22.23,1170,60,Db002824
5632,2024-09-04,08:25:17,prelievo,60.5,641,20,mE154071
5633,2019-01-09,22:55:59,deposito,129.89,562,234,th819559
5634,2021-02-08,09:54:38,prelievo,136.36,811,268,XA486278
5635,2020-06-22,16:43:23,deposito,11.17,372,79,Mw775286
5636,2019-10-27,16:05:14,saldo,,543,121,cK465911
5637,2026-04-25,11:27:22,saldo,,813,131,IX168639
5638,2021-04-05,15:36:19,deposito,101.43,908,245,Jn777679
5639,2023-10-24,16:23:17,prelievo,62.16,265,153,Go119412
5640,2023-01-17,18:02:26,prelievo,86.47,286,167,co112997
5641,2024-11-06,14:16:47,lista_movimenti,,992,59,wI668856
5642,2025-09-01,01:13:37,deposito,171.23,979,198,eV736470
5643,2026-01-13,11:45:20,lista_movimenti,,1175,137,eK966435
5644,2015-06-20,01:04:29,deposito,197.94,378,283,kl221145
5645,2020-09-12,03:36:33,deposito,92.87,731,296,hv757284
5646,2024-09-12,10:18:53,deposito,122.68,270,271,Oy876662
5647,2020-03-28,19:46:46,prelievo,132.11,870,18,Zb761079
5648,2023-06-07,19:45:43,lista_movimenti,,336,159,Tq273933
5649,2025-05-30,15:02:40,deposito,98.58,717,189,LS493276
5650,2025-08-04,03:47:36,prelievo,118.69,228,37,mp276755
5651,2019-11-20,21:49:11,deposito,24.02,834,169,Jn875792
5652,2023-07-31,11:27:38,deposito,56.4,925,54,fd940196
5653,2023-01-02,08:41:14,deposito,93.39,254,290,Bg227391
5654,2023-08-02,19:49:31,prelievo,183.07,105,286,xP495035
5655,2021-06-23,18:48:23,prelievo,111.18,595,62,DA024366
5656,2025-03-13,21:26:52,prelievo,81.44,1116,106,mg882652
5657,2023-06-22,20:11:23,saldo,,1009,20,ho830970
5658,2022-11-07,15:17:59,prelievo,142.94,42,195,qK999153
5659,2024-07-30,02:23:58,prelievo,88.63,991,264,pb041561
5660,2023-11-25,19:52:03,prelievo,21.67,454,106,VB073501
5661,2013-09-16,22:21:01,deposito,45.93,753,108,xI712968
5662,2021-07-24,10:05:26,deposito,132.02,815,184,fS722070
5663,2023-12-18,18:10:34,prelievo,50.67,857,37,gC043514
5664,2025-03-28,09:09:35,deposito,191.24,917,96,Wi768100
5665,2023-08-02,19:48:51,deposito,104.49,744,174,WE256076
5666,2023-02-05,21:32:23,lista_movimenti,,33,3,nP645601
5667,2013-09-24,11:25:45,prelievo,90.87,1014,236,Kj409420
5668,2025-07-01,04:45:39,deposito,95.17,448,284,BC597992
5669,2023-01-02,02:47:39,deposito,100.44,157,258,qh574390
5670,2023-11-08,13:59:45,deposito,102.64,560,112,SE534125
5671,2021-08-20,04:01:28,prelievo,119.61,312,145,pL086551
5672,2017-02-14,11:03:48,prelievo,164.51,835,238,un560535
5673,2021-03-04,21:33:43,deposito,57.02,440,103,Ka451311
5674,2019-11-08,08:32:16,prelievo,179.95,1020,227,PZ465362
5675,2022-12-30,00:14:18,saldo,,557,91,pj936322
5676,2022-12-09,21:12:07,deposito,76.81,709,119,Fq907553
5677,2024-03-12,08:44:01,saldo,,634,56,ip982341
5678,2025-06-07,19:01:50,prelievo,94.27,222,200,yV021163
5679,2023-08-04,00:13:47,deposito,80.25,850,170,ra188057
5680,2022-04-26,00:29:36,lista_movimenti,,937,182,ig517122
5681,2023-08-28,16:03:15,prelievo,95.45,891,179,kI528431
5682,2026-04-28,23:22:18,deposito,167.55,265,8,Go119412
5683,2014-07-13,00:15:56,saldo,,983,95,ix440725
5684,2019-02-24,20:22:59,deposito,125.96,894,159,dL062242
5685,2022-08-30,18:05:20,lista_movimenti,,531,63,jt809431
5686,2016-06-20,21:24:58,deposito,109.96,76,62,jP159408
5687,2020-12-08,00:22:49,deposito,136.47,912,67,PP822890
5688,2016-07-13,18:35:15,deposito,198.7,457,265,dt046231
5689,2016-01-08,19:58:35,prelievo,111.15,33,291,nP645601
5690,2016-05-18,07:03:31,prelievo,58.79,645,108,Me943050
5691,2016-11-19,01:33:15,prelievo,162.67,511,34,Rx296457
5692,2017-08-11,16:49:19,saldo,,70,269,Bi629540
5693,2021-03-01,00:20:21,prelievo,183.16,844,189,UQ481602
5694,2022-08-05,13:30:16,lista_movimenti,,799,285,FE732602
5695,2020-09-21,04:07:58,deposito,110.59,1095,11,Ao945467
5696,2024-11-19,23:28:22,deposito,102.5,1022,29,mr309085
5697,2020-10-30,17:33:03,prelievo,14.09,1157,7,Sn660534
5698,2025-12-16,22:20:07,deposito,72.94,259,104,JU585456
5699,2020-08-06,00:38:22,prelievo,94.26,615,170,Wu128114
5700,2017-08-23,20:51:53,prelievo,38.4,254,73,Bg227391
5701,2020-04-13,19:13:57,lista_movimenti,,1199,263,fD200806
5702,2021-01-31,18:43:42,prelievo,82.62,846,46,QS796335
5703,2024-06-01,21:08:10,prelievo,195.41,742,198,lp299919
5704,2020-02-22,14:03:16,deposito,178.47,658,199,FE893788
5705,2023-06-12,02:25:54,lista_movimenti,,497,269,Hj660331
5706,2026-02-02,03:16:56,deposito,139.42,1108,64,Ur630330
5707,2016-12-02,18:38:14,deposito,126.26,751,201,Bh940343
5708,2024-01-08,17:35:01,deposito,54.33,557,71,pj936322
5709,2024-07-15,13:34:44,deposito,98.31,731,72,hv757284
5710,2026-01-25,13:30:34,prelievo,110.69,338,78,wb645545
5711,2023-10-20,03:36:31,prelievo,129.96,13,23,iO337994
5712,2022-09-24,03:12:47,deposito,84.03,185,229,FI746949
5713,2025-12-10,07:02:07,prelievo,71.47,200,13,fP767727
5714,2026-01-07,21:13:10,prelievo,167.52,393,153,nl962340
5715,2021-09-08,11:04:19,prelievo,35.47,601,132,rQ147213
5716,2024-03-20,07:37:08,prelievo,174.38,948,64,VG308634
5717,2025-02-08,08:43:28,deposito,188.88,483,202,RF112903
5718,2022-08-26,15:29:15,deposito,118.43,630,257,sZ944215
5719,2026-03-03,11:45:31,deposito,190.89,319,191,nC549438
5720,2025-07-03,17:13:34,prelievo,16.45,348,173,qd961534
5721,2014-08-20,01:50:11,saldo,,528,149,QI658949
5722,2023-12-18,17:32:36,deposito,197.86,1046,107,eV915408
5723,2026-01-05,04:01:38,prelievo,16.97,652,140,DG214189
5724,2025-07-30,10:55:36,lista_movimenti,,1165,269,bu038748
5725,2026-03-29,07:17:40,deposito,161.95,458,184,tL424108
5726,2014-02-16,01:32:27,prelievo,99.33,43,75,yJ510749
5727,2019-01-08,03:03:32,prelievo,191.4,1076,241,lh950797
5728,2022-08-03,06:52:12,deposito,41.04,960,53,oq084099
5729,2026-05-02,02:26:25,deposito,58.94,906,222,it130049
5730,2026-04-04,04:59:00,prelievo,98.15,1118,243,WF512285
5731,2018-01-28,22:35:23,deposito,142.37,1077,189,mK469864
5732,2022-05-24,20:18:58,prelievo,10.41,1128,256,LA512435
5733,2020-06-12,20:09:43,prelievo,40.41,196,83,Bx779941
5734,2021-10-11,13:09:42,prelievo,15.84,169,13,oQ579185
5735,2018-11-24,09:04:11,lista_movimenti,,780,131,sk731686
5736,2022-10-11,09:48:30,lista_movimenti,,259,144,JU585456
5737,2025-04-24,11:11:46,prelievo,162.19,767,214,Zy871123
5738,2025-08-07,09:10:34,deposito,58.42,1058,146,yi644979
5739,2023-02-07,10:27:20,saldo,,644,48,qY768457
5740,2015-10-17,12:23:30,prelievo,60.11,712,116,tv905159
5741,2026-04-04,03:52:21,deposito,142.49,588,241,GW723676
5742,2024-05-23,04:11:07,saldo,,855,181,tP142303
5743,2024-07-15,02:09:50,saldo,,290,156,Wx718192
5744,2025-04-23,09:01:47,prelievo,44.3,387,149,Lr494654
5745,2021-08-16,07:33:26,prelievo,137.06,987,221,SU749508
5746,2019-02-20,02:56:31,deposito,139.11,1047,119,WV167333
5747,2024-09-16,14:06:40,prelievo,47.23,872,5,bF048011
5748,2022-11-05,15:29:49,saldo,,1166,288,PJ564718
5749,2022-12-13,00:54:47,deposito,175.98,1024,25,bi027633
5750,2025-05-20,06:14:57,prelievo,126.64,884,77,Th922611
5751,2016-06-20,08:19:55,deposito,126.39,1036,26,PA227752
5752,2024-09-24,01:29:40,prelievo,126.54,346,115,qi991288
5753,2023-02-20,18:26:24,lista_movimenti,,435,19,Eu853472
5754,2025-03-30,13:47:13,prelievo,199.03,299,99,NS978939
5755,2020-09-11,21:04:44,prelievo,184.65,481,185,eL802352
5756,2020-02-13,18:53:46,deposito,70.04,831,144,iz149965
5757,2024-12-14,07:23:46,prelievo,194.41,489,40,zY827523
5758,2026-04-26,13:57:34,deposito,14.14,159,232,ZZ571433
5759,2019-12-02,03:04:38,saldo,,1057,135,CP061307
5760,2024-05-19,05:20:55,saldo,,532,20,yM087648
5761,2024-11-14,05:45:09,prelievo,38.62,924,91,lq363376
5762,2024-05-31,18:24:58,lista_movimenti,,587,278,Me267156
5763,2025-09-24,15:10:48,deposito,135.68,2,287,nO423589
5764,2019-04-07,22:27:44,prelievo,134.59,1030,110,uL710316
5765,2017-03-30,23:46:05,deposito,90.82,701,250,BM353526
5766,2025-10-06,10:08:48,saldo,,611,224,yp557604
5767,2026-01-22,19:02:19,saldo,,868,79,xp147975
5768,2015-07-19,01:36:52,saldo,,986,52,tr946002
5769,2025-02-19,14:46:00,deposito,78.65,681,252,Lg023896
5770,2023-10-28,05:45:13,deposito,12.7,1092,234,Xw699483
5771,2023-09-16,21:53:41,saldo,,779,236,yF840729
5772,2019-03-23,14:19:58,deposito,116.91,973,53,mG675895
5773,2016-07-04,21:59:47,prelievo,146.33,888,226,RN445012
5774,2017-04-20,15:20:37,lista_movimenti,,570,53,TB016748
5775,2017-11-18,14:05:39,prelievo,26.72,984,97,iR911000
5776,2024-08-26,04:05:04,prelievo,57.79,282,281,lU104218
5777,2023-07-16,15:24:03,prelievo,175.68,300,83,hP694622
5778,2015-02-12,18:21:38,deposito,106.18,1080,270,Ts093269
5779,2020-05-20,23:20:48,deposito,43.0,106,83,QS406929
5780,2025-02-04,19:08:18,prelievo,128.91,378,208,kl221145
5781,2025-05-04,21:44:30,prelievo,23.45,575,251,cX077975
5782,2026-05-09,05:34:09,prelievo,127.74,157,230,qh574390
5783,2025-02-11,14:49:48,saldo,,1117,246,zy090818
5784,2020-12-28,20:40:49,deposito,96.59,760,150,ZI831615
5785,2025-03-02,21:16:10,lista_movimenti,,715,236,EY159838
5786,2023-07-27,21:43:50,prelievo,118.95,359,223,kD916717
5787,2026-05-05,23:42:32,prelievo,70.9,1136,240,ei795202
5788,2022-12-13,07:42:17,deposito,118.01,109,224,Fk387716
5789,2024-02-05,14:16:14,deposito,189.22,939,175,PZ716515
5790,2025-03-07,11:46:04,prelievo,52.87,192,93,pj805928
5791,2025-02-23,23:18:16,deposito,25.83,1066,174,XA525353
5792,2023-04-05,12:57:03,deposito,34.6,29,162,cO966688
5793,2022-06-09,11:43:48,saldo,,51,212,Lq932284
5794,2019-08-17,23:02:13,deposito,163.97,809,39,zG413170
5795,2016-11-02,02:19:56,prelievo,17.72,752,260,nV546612
5796,2025-09-26,20:49:57,deposito,81.95,107,93,ig289585
5797,2026-03-09,22:02:50,prelievo,110.59,1005,280,QI527743
5798,2022-12-19,07:05:21,prelievo,32.93,539,160,jt315874
5799,2022-01-06,09:31:51,deposito,70.7,557,251,pj936322
5800,2025-07-04,20:34:11,prelievo,137.52,547,17,ax808967
5801,2022-04-11,00:05:54,deposito,11.26,222,197,yV021163
5802,2023-02-01,22:39:05,deposito,170.0,832,40,ce326484
5803,2016-03-10,09:46:00,deposito,133.25,75,252,KG028766
5804,2024-05-30,13:04:02,lista_movimenti,,925,127,fd940196
5805,2026-02-12,01:43:47,lista_movimenti,,244,30,Fu568851
5806,2025-12-02,19:19:36,deposito,43.35,821,69,wo922446
5807,2019-07-21,05:18:29,prelievo,66.64,131,50,GT579522
5808,2020-02-11,22:33:50,saldo,,347,48,oR911147
5809,2022-10-18,03:57:19,saldo,,391,12,Vj240239
5810,2025-08-29,23:38:52,deposito,159.05,447,165,uX775554
5811,2024-12-14,12:26:16,prelievo,151.79,145,245,MF762974
5812,2024-03-27,16:39:05,prelievo,159.33,923,178,Io874310
5813,2025-01-19,10:27:17,lista_movimenti,,1000,284,FH413999
5814,2018-02-28,04:53:02,prelievo,26.42,317,2,dw906742
5815,2023-10-29,17:31:04,prelievo,103.46,103,65,fO984803
5816,2022-07-11,13:38:26,deposito,68.35,192,112,pj805928
5817,2020-11-09,09:43:53,deposito,64.93,240,47,tX230004
5818,2023-01-17,02:53:01,deposito,184.45,746,124,OZ333071
5819,2026-05-10,03:42:46,deposito,146.59,28,105,ja601436
5820,2017-04-20,14:18:22,lista_movimenti,,347,251,oR911147
5821,2022-07-06,05:20:17,prelievo,86.47,684,101,yb536196
5822,2018-12-31,15:33:56,prelievo,103.3,655,181,rv516182
5823,2024-01-12,11:03:53,prelievo,53.45,127,101,tw866985
5824,2025-02-08,14:46:15,saldo,,365,31,ef245200
5825,2020-12-13,02:32:17,deposito,159.95,640,287,NG037912
5826,2022-04-29,05:52:06,deposito,132.93,340,265,hg270945
5827,2024-09-23,01:58:17,prelievo,53.13,325,64,ZV821070
5828,2025-12-06,01:05:58,lista_movimenti,,697,98,dw577425
5829,2023-03-14,03:27:53,prelievo,63.29,816,261,Pv978155
5830,2025-02-14,04:16:38,prelievo,130.1,309,300,AY709126
5831,2019-02-03,05:45:13,prelievo,87.62,516,228,by901269
5832,2019-05-22,04:59:06,prelievo,138.13,584,205,yx786339
5833,2022-12-18,05:30:00,prelievo,134.61,989,240,kW532191
5834,2019-01-19,21:43:05,deposito,193.98,908,11,Jn777679
5835,2018-12-23,07:32:46,saldo,,415,208,me115735
5836,2022-12-13,04:55:20,deposito,22.56,1063,94,ml256657
5837,2024-03-16,21:57:31,prelievo,117.35,739,125,yR196908
5838,2025-05-12,17:41:17,deposito,133.18,1105,102,GC955349
5839,2021-04-02,06:32:07,deposito,39.57,114,131,Xr318688
5840,2024-06-02,19:43:19,prelievo,58.1,672,145,Sx888264
5841,2021-02-18,05:42:33,prelievo,157.44,262,259,uI667069
5842,2023-07-28,03:34:41,deposito,42.71,507,207,Hp708117
5843,2020-08-24,01:28:45,prelievo,12.18,324,103,tN450687
5844,2018-08-17,03:00:39,deposito,98.46,757,98,sz721489
5845,2023-01-17,06:12:48,prelievo,55.37,129,147,Uo887356
5846,2021-06-24,02:39:38,lista_movimenti,,20,161,Il304858
5847,2025-05-23,07:14:03,prelievo,178.23,278,132,vv334835
5848,2023-04-20,09:38:07,prelievo,102.02,41,287,PM740005
5849,2019-06-06,00:30:17,prelievo,89.35,299,90,NS978939
5850,2023-09-16,17:27:33,prelievo,74.72,610,184,bP156584
5851,2026-03-15,10:37:18,deposito,197.77,477,259,ga917085
5852,2017-01-21,17:12:45,deposito,10.58,417,294,fP730877
5853,2024-04-11,03:58:20,deposito,100.8,1171,120,Pb698210
5854,2024-07-22,00:57:24,saldo,,762,56,gs248964
5855,2023-07-25,07:54:01,saldo,,15,139,jB657538
5856,2025-11-11,09:41:18,deposito,63.11,842,128,IK256002
5857,2025-07-06,01:21:10,deposito,189.95,1097,281,uq260383
5858,2019-04-26,23:30:05,deposito,12.24,372,152,Mw775286
5859,2023-01-26,23:49:16,deposito,119.06,172,273,oE768132
5860,2024-06-30,12:00:59,deposito,98.81,532,277,yM087648
5861,2020-01-17,04:17:14,deposito,76.63,474,123,Rn956359
5862,2024-08-25,17:32:23,prelievo,21.82,309,61,AY709126
5863,2025-07-26,03:04:23,deposito,69.26,505,280,dl073667
5864,2025-06-24,07:01:22,deposito,47.75,1044,19,hV911640
5865,2024-10-11,02:25:49,saldo,,71,1,Qq938432
5866,2025-05-03,06:46:29,deposito,21.04,1030,258,uL710316
5867,2025-04-22,15:37:21,saldo,,793,65,Rj696011
5868,2025-07-08,03:51:30,prelievo,162.7,676,31,aY201522
5869,2026-02-18,23:33:29,prelievo,39.55,991,118,pb041561
5870,2021-05-02,04:53:22,lista_movimenti,,755,144,od364286
5871,2024-01-26,13:29:14,prelievo,52.78,717,120,LS493276
5872,2018-08-28,07:22:55,prelievo,193.3,519,92,kQ808429
5873,2025-03-24,23:28:03,deposito,141.84,172,67,oE768132
5874,2016-12-12,17:43:32,lista_movimenti,,478,219,Tq800248
5875,2019-06-24,01:20:13,saldo,,774,263,ph732639
5876,2020-10-26,10:42:33,prelievo,163.13,717,66,LS493276
5877,2018-10-16,09:06:20,deposito,100.71,533,5,yd344027
5878,2022-10-30,21:01:36,saldo,,869,20,Uq601587
5879,2023-02-04,14:57:47,lista_movimenti,,321,263,Np409420
5880,2025-02-10,12:36:51,prelievo,10.69,1084,223,wM087977
5881,2024-08-23,08:55:24,prelievo,131.36,405,89,yG626653
5882,2020-01-31,03:34:35,lista_movimenti,,894,151,dL062242
5883,2018-03-13,22:34:43,prelievo,53.0,1121,224,Eu287784
5884,2026-04-30,05:24:53,deposito,20.73,97,214,eZ785342
5885,2019-03-03,01:11:19,saldo,,684,96,yb536196
5886,2024-07-26,04:48:33,saldo,,262,298,uI667069
5887,2024-08-22,04:44:39,saldo,,115,194,Wt107337
5888,2023-07-18,08:54:37,deposito,127.64,258,7,CX555309
5889,2025-02-11,09:02:15,deposito,187.65,6,113,Mb533097
5890,2024-07-10,00:58:22,deposito,175.71,377,102,bz198798
5891,2024-11-12,12:55:06,saldo,,1157,83,Sn660534
5892,2024-09-25,06:58:34,prelievo,93.01,1116,144,mg882652
5893,2024-12-14,08:00:46,deposito,184.55,49,81,rE279047
5894,2025-09-25,16:44:24,saldo,,590,183,yb347850
5895,2024-04-10,22:14:14,deposito,124.1,1073,265,Xy877460
5896,2014-10-27,23:31:30,prelievo,160.14,76,132,jP159408
5897,2015-09-15,21:02:36,prelievo,20.31,578,165,eg649602
5898,2024-11-23,06:08:15,deposito,18.42,1119,179,Se418183
5899,2019-04-13,01:19:16,deposito,43.67,752,168,nV546612
5900,2019-09-10,04:51:45,prelievo,42.59,898,179,ET847886
5901,2018-02-09,04:10:19,lista_movimenti,,288,235,aj618924
5902,2020-11-05,13:02:07,deposito,73.17,332,128,Am957427
5903,2022-05-04,17:38:02,deposito,55.3,184,273,sb580731
5904,2013-10-10,23:24:57,saldo,,276,154,fX504249
5905,2020-07-13,18:58:37,deposito,20.94,1067,275,yo900724
5906,2019-12-21,04:04:58,lista_movimenti,,271,32,iC021125
5907,2023-02-23,17:04:01,saldo,,934,56,AK622148
5908,2022-05-04,15:04:05,deposito,187.71,496,93,mj431401
5909,2021-02-01,23:40:37,prelievo,57.55,51,80,Lq932284
5910,2025-07-03,10:48:06,prelievo,77.73,527,26,FG881575
5911,2022-05-21,08:10:50,prelievo,146.61,661,55,RF432548
5912,2021-11-07,06:40:41,lista_movimenti,,598,169,AC330306
5913,2020-04-20,14:23:03,prelievo,134.09,163,31,kF660628
5914,2018-10-11,21:47:55,deposito,105.51,729,213,yh834031
5915,2023-04-11,16:49:21,prelievo,37.06,590,22,yb347850
5916,2025-01-20,07:30:29,saldo,,652,251,DG214189
5917,2026-01-23,13:39:53,saldo,,640,32,NG037912
5918,2026-05-13,18:16:22,saldo,,477,62,ga917085
5919,2023-01-28,22:44:10,deposito,128.17,287,111,Jf320281
5920,2023-12-21,11:30:13,prelievo,92.18,1057,132,CP061307
5921,2020-02-09,21:49:49,prelievo,67.13,425,41,cv644948
5922,2026-04-13,15:43:32,prelievo,135.54,942,186,nT639939
5923,2023-08-05,09:57:48,lista_movimenti,,911,122,vn550233
5924,2022-02-08,01:47:19,deposito,45.48,424,207,DZ553847
5925,2024-03-10,08:03:14,saldo,,899,228,vh211869
5926,2026-01-01,20:25:11,deposito,19.3,918,99,nV284576
5927,2024-08-28,02:44:07,prelievo,148.55,215,237,nh269517
5928,2021-04-09,22:40:26,prelievo,68.52,603,287,MD910872
5929,2026-02-19,03:49:12,prelievo,95.82,1138,280,Bn553352
5930,2025-06-09,12:01:35,deposito,179.46,747,61,FG019868
5931,2025-01-03,11:15:54,deposito,174.8,640,151,NG037912
5932,2023-08-21,13:27:29,deposito,108.83,1025,122,oT570600
5933,2020-09-29,03:32:23,deposito,63.65,32,28,Ig173763
5934,2017-04-13,06:40:00,prelievo,197.69,397,229,PQ193294
5935,2024-02-19,16:29:25,prelievo,25.66,1156,4,CE752078
5936,2023-09-27,19:02:46,prelievo,76.47,1023,68,yr247876
5937,2025-12-09,04:01:23,saldo,,441,244,Nu332959
5938,2025-09-12,03:01:42,lista_movimenti,,715,255,EY159838
5939,2025-11-09,02:13:42,prelievo,184.29,1122,293,ua979952
5940,2025-12-16,02:07:45,prelievo,148.11,299,121,NS978939
5941,2021-05-31,12:53:29,saldo,,23,160,Kv616996
5942,2020-07-08,00:13:28,lista_movimenti,,173,242,he314403
5943,2025-01-21,00:22:52,deposito,32.74,461,8,tA880229
5944,2023-12-08,02:19:59,saldo,,334,232,vN303032
5945,2025-05-11,00:48:18,prelievo,138.51,320,295,Ut663071
5946,2025-02-09,18:06:40,deposito,57.68,331,83,Yr503074
5947,2016-09-02,14:42:46,prelievo,183.86,9,29,LA267757
5948,2020-04-01,20:31:18,prelievo,179.23,559,260,QL498421
5949,2024-07-26,13:41:23,prelievo,50.24,1105,277,GC955349
5950,2025-12-23,07:59:49,prelievo,57.01,2,247,nO423589
5951,2018-01-16,15:50:38,deposito,154.09,469,215,WM351496
5952,2012-05-07,21:31:18,prelievo,109.55,679,173,Hr752388
5953,2021-02-14,04:15:58,deposito,70.51,1160,144,dn706343
5954,2023-03-16,02:47:09,lista_movimenti,,141,151,dG623498
5955,2021-03-03,06:58:35,lista_movimenti,,410,192,rH671688
5956,2024-07-24,12:06:45,prelievo,182.21,306,158,nN959712
5957,2025-10-20,11:09:03,prelievo,198.98,242,76,kH373446
5958,2025-05-26,18:58:35,prelievo,11.4,414,254,iD942787
5959,2023-02-23,11:27:16,saldo,,1105,208,GC955349
5960,2024-11-26,02:34:57,deposito,52.72,193,252,sF138373
5961,2022-04-06,07:33:24,prelievo,78.57,445,84,tW445386
5962,2023-11-02,13:51:37,deposito,105.58,775,226,kN832751
5963,2024-12-27,14:23:34,deposito,142.71,85,16,Mh980046
5964,2020-01-18,19:53:09,deposito,25.61,1145,163,ff119460
5965,2020-02-12,19:51:17,deposito,63.81,733,190,FG408338
5966,2015-06-01,05:42:25,prelievo,49.04,555,228,Bc160849
5967,2025-07-08,12:22:46,prelievo,42.7,992,223,wI668856
5968,2020-02-19,08:22:33,deposito,29.75,429,286,KG991994
5969,2024-04-23,04:11:38,saldo,,409,297,uk018796
5970,2017-09-23,03:49:26,deposito,199.69,555,231,Bc160849
5971,2025-01-14,23:19:25,saldo,,109,85,Fk387716
5972,2018-12-07,00:19:12,deposito,165.65,373,23,UI724109
5973,2022-06-11,19:01:16,prelievo,103.82,235,28,rG927062
5974,2018-08-24,19:00:14,prelievo,97.36,390,5,DK217459
5975,2025-02-21,06:03:38,saldo,,475,177,RA652206
5976,2025-10-19,05:08:45,deposito,85.7,462,93,LB623230
5977,2023-10-29,07:55:14,prelievo,30.93,452,6,OB971127
5978,2025-11-20,16:39:20,deposito,179.86,395,107,uc759901
5979,2018-02-02,21:26:00,deposito,100.91,748,51,DB529952
5980,2021-08-08,10:54:24,deposito,110.93,803,235,bu243545
5981,2012-04-04,11:17:10,prelievo,76.0,1164,295,PY170633
5982,2024-08-18,16:37:59,prelievo,148.65,530,289,th109211
5983,2015-09-24,20:23:58,prelievo,124.78,982,142,mG363466
5984,2025-10-26,08:11:43,lista_movimenti,,885,197,kD004578
5985,2013-11-21,11:24:10,saldo,,1110,122,PU824490
5986,2021-10-10,11:20:06,deposito,105.09,1195,115,Cc879609
5987,2024-11-30,14:16:29,prelievo,23.78,733,271,FG408338
5988,2020-07-25,02:17:27,deposito,70.57,109,70,Fk387716
5989,2025-10-04,16:01:55,deposito,184.32,685,238,zV186944
5990,2024-06-02,08:09:22,lista_movimenti,,377,102,bz198798
5991,2025-11-15,13:16:29,prelievo,88.56,477,275,ga917085
5992,2025-02-07,14:35:50,prelievo,117.28,420,53,Nt155192
5993,2024-08-12,12:14:17,saldo,,1155,222,wh954331
5994,2023-05-18,23:51:56,prelievo,44.66,189,76,NM636869
5995,2025-08-08,18:38:22,lista_movimenti,,289,248,Mo655144
5996,2024-11-26,12:13:20,prelievo,37.68,483,279,RF112903
5997,2026-04-19,17:31:04,prelievo,187.26,918,242,nV284576
5998,2025-01-24,05:50:36,saldo,,771,235,UC279512
5999,2018-04-28,21:15:37,saldo,,693,211,SV695472
6000,2018-05-17,04:16:48,prelievo,105.64,163,262,kF660628
6001,2020-03-11,20:41:14,prelievo,38.18,227,82,jl028502
6002,2023-12-26,21:44:53,lista_movimenti,,480,110,ut848710
6003,2025-02-10,04:30:33,deposito,10.92,593,299,SX211034
6004,2024-12-08,19:13:24,saldo,,13,178,iO337994
6005,2024-04-29,09:19:11,prelievo,127.51,184,268,sb580731
6006,2022-01-10,05:57:42,deposito,78.06,318,239,iq314937
6007,2016-08-17,22:45:42,saldo,,606,147,oP962982
6008,2024-06-09,06:02:19,prelievo,39.61,960,269,oq084099
6009,2024-09-02,21:20:31,prelievo,107.02,589,203,xf823982
6010,2023-06-25,04:43:38,prelievo,58.71,936,236,mH874415
6011,2018-08-29,12:05:59,prelievo,173.3,1022,256,mr309085
6012,2021-07-29,08:06:05,lista_movimenti,,1023,32,yr247876
6013,2025-02-22,04:16:17,saldo,,669,107,XK759483
6014,2024-09-16,14:21:40,saldo,,775,94,kN832751
6015,2025-10-08,19:46:02,saldo,,1110,228,PU824490
6016,2022-01-14,05:29:14,prelievo,49.03,239,34,Qs838303
6017,2022-02-11,23:54:13,prelievo,59.47,667,82,Un523687
6018,2025-11-15,05:09:06,prelievo,51.49,175,266,LD982891
6019,2023-12-09,15:47:15,lista_movimenti,,387,100,Lr494654
6020,2025-07-16,22:40:07,saldo,,574,144,BP056272
6021,2014-10-23,19:46:00,prelievo,96.48,276,170,fX504249
6022,2021-09-29,19:30:37,prelievo,145.18,9,179,LA267757
6023,2025-09-08,19:57:12,deposito,167.51,57,251,pR306488
6024,2020-10-25,14:52:15,prelievo,178.78,470,34,Lm696540
6025,2022-04-11,16:13:27,prelievo,31.67,317,192,dw906742
6026,2019-06-07,10:01:55,lista_movimenti,,557,178,pj936322
6027,2024-11-24,23:22:12,saldo,,901,182,ne782614
6028,2018-09-25,23:30:46,prelievo,173.71,913,75,in303073
6029,2024-11-24,20:23:49,lista_movimenti,,860,242,Cl294650
6030,2025-04-19,23:27:17,deposito,67.89,821,86,wo922446
6031,2020-06-30,03:14:01,prelievo,128.27,844,158,UQ481602
6032,2019-08-14,01:57:32,prelievo,60.54,700,121,KZ554760
6033,2026-02-10,18:35:12,deposito,105.65,330,44,vB730025
6034,2025-06-05,05:47:25,deposito,51.85,214,24,fO616493
6035,2015-11-12,08:16:45,deposito,16.76,997,102,vS112237
6036,2024-07-31,02:26:32,saldo,,294,147,Mh445460
6037,2025-04-28,21:55:25,deposito,34.34,1064,39,fZ215909
6038,2025-05-09,01:53:49,deposito,31.5,294,137,Mh445460
6039,2025-11-26,00:22:22,lista_movimenti,,1052,296,ib855608
6040,2025-04-30,09:47:57,prelievo,40.02,1048,80,kW936808
6041,2019-11-22,15:19:47,deposito,113.29,1175,120,eK966435
6042,2019-02-17,20:15:21,lista_movimenti,,1097,243,uq260383
6043,2024-05-14,04:16:55,saldo,,1197,96,Gl263960
6044,2024-03-06,05:00:27,deposito,196.47,235,78,rG927062
6045,2024-08-06,08:39:52,prelievo,118.64,965,239,nr798617
6046,2026-01-05,03:46:52,deposito,58.42,304,219,TN543457
6047,2022-05-03,13:27:49,lista_movimenti,,160,249,kS794698
6048,2023-07-01,02:26:53,prelievo,185.39,189,8,NM636869
6049,2022-04-22,23:25:48,prelievo,23.48,844,262,UQ481602
6050,2025-08-21,22:43:00,saldo,,691,46,Pd126645
6051,2021-12-18,03:16:31,prelievo,11.77,411,200,PF743607
6052,2023-12-25,11:59:51,lista_movimenti,,784,134,ye543388
6053,2019-06-27,11:24:52,deposito,111.47,86,112,Yk695622
6054,2025-06-20,11:55:45,saldo,,710,191,tB382032
6055,2022-05-30,01:58:34,deposito,14.42,434,7,wk234097
6056,2023-09-24,17:26:05,deposito,193.32,1174,51,nN756162
6057,2025-10-18,17:46:30,lista_movimenti,,132,12,pm475372
6058,2022-06-22,07:11:54,prelievo,57.42,454,118,VB073501
6059,2021-11-06,16:19:49,prelievo,99.23,732,113,pY825420
6060,2025-06-10,04:16:57,lista_movimenti,,602,250,gf933360
6061,2025-04-14,06:00:25,deposito,178.0,1179,99,An452480
6062,2022-02-21,19:06:49,saldo,,500,250,Tq465040
6063,2024-08-13,14:25:29,deposito,22.49,1133,27,yo654063
6064,2024-03-08,15:26:07,prelievo,129.63,441,216,Nu332959
6065,2025-12-02,08:39:32,prelievo,197.82,191,257,Bt086529
6066,2013-04-15,10:48:28,lista_movimenti,,724,180,Ve878154
6067,2016-09-05,13:54:55,prelievo,130.07,460,57,Pa566847
6068,2017-12-03,23:31:10,prelievo,71.96,303,119,jL996308
6069,2024-03-06,12:08:17,prelievo,103.86,413,17,wI003182
6070,2019-09-27,17:22:21,prelievo,133.91,729,299,yh834031
6071,2023-06-03,16:54:59,deposito,32.01,844,184,UQ481602
6072,2022-09-18,19:12:07,prelievo,141.57,910,204,PS396027
6073,2022-06-22,13:58:31,prelievo,46.88,411,14,PF743607
6074,2024-11-07,15:23:36,lista_movimenti,,547,137,ax808967
6075,2023-07-08,21:42:59,lista_movimenti,,1020,190,PZ465362
6076,2018-05-30,16:12:35,prelievo,158.26,193,259,sF138373
6077,2022-09-08,10:08:14,deposito,29.62,88,253,Jv325918
6078,2021-06-07,19:51:40,deposito,156.55,1002,199,Pu299190
6079,2023-07-17,19:46:18,deposito,156.38,267,104,cq633006
6080,2025-07-22,23:21:23,deposito,83.06,705,154,qu870265
6081,2021-11-28,01:37:01,deposito,32.65,951,29,pr814805
6082,2025-11-11,04:09:23,lista_movimenti,,810,44,zD075970
6083,2023-10-14,12:15:21,lista_movimenti,,85,183,Mh980046
6084,2023-11-08,22:13:09,prelievo,90.05,154,59,CX234092
6085,2023-12-03,01:24:05,deposito,39.15,9,164,LA267757
6086,2015-08-29,20:11:00,prelievo,184.27,1078,261,DJ329704
6087,2022-02-05,01:02:46,deposito,172.39,965,269,nr798617
6088,2024-05-09,08:24:20,deposito,55.8,1101,150,dm931013
6089,2021-07-27,20:50:47,lista_movimenti,,639,84,jy431161
6090,2020-12-12,12:32:10,lista_movimenti,,931,124,FE691835
6091,2021-03-18,16:53:22,prelievo,45.5,764,27,mq975973
6092,2020-12-25,07:44:11,prelievo,191.23,539,246,jt315874
6093,2020-02-09,00:33:01,deposito,75.43,169,75,oQ579185
6094,2019-05-30,04:01:06,lista_movimenti,,1159,249,LT975737
6095,2016-06-18,15:55:57,prelievo,67.94,417,118,fP730877
6096,2022-05-29,07:41:06,deposito,49.92,92,144,uV538170
6097,2024-11-23,06:49:42,deposito,35.35,816,226,Pv978155
6098,2024-11-01,07:20:02,prelievo,126.07,338,220,wb645545
6099,2026-04-11,18:19:21,saldo,,9,36,LA267757
6100,2025-04-11,15:12:12,prelievo,147.17,180,294,xD625304
6101,2019-11-02,13:48:56,prelievo,19.96,646,264,Rp412918
6102,2019-06-08,23:30:05,deposito,180.78,820,115,Ll846227
6103,2018-04-20,06:56:02,prelievo,76.4,836,76,Iq692534
6104,2022-10-14,14:15:04,prelievo,106.52,879,88,jd038208
6105,2020-03-28,19:25:45,prelievo,154.27,1019,119,hX191650
6106,2017-12-16,06:03:10,prelievo,35.39,319,17,nC549438
6107,2023-04-02,04:11:11,prelievo,172.18,94,15,OG342686
6108,2019-12-15,02:22:17,lista_movimenti,,1053,149,CB045667
6109,2025-12-22,18:41:12,lista_movimenti,,1093,204,VW521589
6110,2023-08-19,15:01:13,prelievo,40.15,496,31,mj431401
6111,2023-09-29,16:37:36,saldo,,709,250,Fq907553
6112,2022-03-21,20:34:51,prelievo,109.72,717,233,LS493276
6113,2025-10-07,12:16:58,lista_movimenti,,772,90,yu036854
6114,2020-02-04,19:07:45,saldo,,697,192,dw577425
6115,2021-10-10,05:54:04,lista_movimenti,,39,20,no127180
6116,2020-04-22,18:30:44,prelievo,80.96,557,166,pj936322
6117,2023-11-05,05:38:09,prelievo,175.03,698,143,ML590757
6118,2022-07-28,20:08:53,deposito,151.2,287,177,Jf320281
6119,2016-04-27,07:15:35,lista_movimenti,,351,44,PM719076
6120,2023-10-02,17:26:59,prelievo,80.58,485,274,Eu704908
6121,2021-04-27,11:36:50,deposito,130.85,721,217,tO887956
6122,2023-11-09,18:28:47,deposito,102.42,48,187,cd763882
6123,2023-09-29,04:25:10,deposito,184.35,825,55,DJ671866
6124,2022-07-18,07:47:17,deposito,192.56,1133,210,yo654063
6125,2014-12-26,08:56:09,prelievo,26.26,186,186,YO863486
6126,2021-03-21,17:16:00,deposito,36.77,38,253,il026142
6127,2024-05-05,20:45:20,lista_movimenti,,642,244,wD928648
6128,2022-04-21,15:06:07,prelievo,126.61,971,68,Nm431440
6129,2024-11-06,22:28:18,deposito,44.08,142,126,Zp331630
6130,2025-07-10,20:11:24,lista_movimenti,,501,161,qj419418
6131,2022-01-04,22:32:09,saldo,,1007,59,Sj076857
6132,2025-10-24,02:42:07,deposito,73.48,224,240,OE411324
6133,2023-07-21,16:56:55,deposito,91.02,820,197,Ll846227
6134,2023-02-08,13:31:50,deposito,198.88,988,173,Dw508390
6135,2021-12-03,12:37:17,deposito,173.88,179,103,Nk544670
6136,2022-03-29,18:04:36,prelievo,50.26,940,11,AQ212917
6137,2017-03-25,21:15:37,prelievo,197.12,372,287,Mw775286
6138,2020-05-26,14:24:54,prelievo,30.56,865,55,Is436878
6139,2020-09-18,03:35:48,deposito,93.65,570,292,TB016748
6140,2018-02-25,00:55:57,lista_movimenti,,334,151,vN303032
6141,2023-12-16,11:26:22,prelievo,129.0,875,145,bY805509
6142,2016-02-07,14:52:13,prelievo,146.53,288,143,aj618924
6143,2023-11-06,14:35:28,prelievo,93.62,433,125,Ss272605
6144,2023-01-14,13:45:37,prelievo,166.58,1169,179,lf698830
6145,2021-04-29,18:35:52,prelievo,181.5,477,150,ga917085
6146,2020-07-05,13:03:49,prelievo,93.31,963,10,qg668102
6147,2024-01-08,19:24:56,deposito,120.86,1066,244,XA525353
6148,2026-03-12,13:01:18,prelievo,140.28,433,285,Ss272605
6149,2025-08-31,19:44:25,prelievo,185.55,785,173,sY154948
6150,2025-04-23,08:26:12,deposito,177.52,415,215,me115735
6151,2025-01-27,11:13:57,prelievo,101.35,305,234,Bn256975
6152,2021-09-27,18:58:28,deposito,22.04,251,119,KJ865738
6153,2026-05-03,01:30:25,prelievo,196.56,183,205,Mm570486
6154,2021-10-14,21:42:59,prelievo,105.26,933,163,qi152358
6155,2026-01-21,16:04:13,lista_movimenti,,444,91,Id610604
6156,2023-07-21,04:33:16,deposito,54.4,779,130,yF840729
6157,2021-01-17,05:52:28,saldo,,473,280,qO539810
6158,2025-06-12,06:06:06,prelievo,51.88,915,248,Dl823981
6159,2013-11-26,08:23:43,prelievo,127.74,895,7,Jj492450
6160,2022-07-28,22:03:04,prelievo,150.9,262,246,uI667069
6161,2020-08-16,08:00:37,prelievo,103.29,966,244,ES861072
6162,2025-07-15,03:37:23,deposito,91.59,994,215,xP651802
6163,2025-11-20,20:19:41,prelievo,87.54,187,113,Me898429
6164,2025-06-07,07:06:18,deposito,70.94,617,37,au473245
6165,2023-03-12,03:57:54,prelievo,84.32,1188,40,Wy463276
6166,2026-01-07,18:37:39,deposito,74.99,979,174,eV736470
6167,2022-03-23,23:45:06,lista_movimenti,,235,155,rG927062
6168,2024-01-20,10:16:18,lista_movimenti,,711,211,pu458971
6169,2025-11-08,23:49:58,saldo,,266,98,SS418065
6170,2018-06-15,07:11:57,deposito,195.54,17,126,xk238573
6171,2018-11-17,20:47:10,saldo,,249,249,HF644990
6172,2015-01-21,16:02:01,prelievo,106.86,1137,109,kj341998
6173,2019-03-24,08:09:57,deposito,101.53,557,240,pj936322
6174,2016-06-22,04:35:58,deposito,196.58,611,87,yp557604
6175,2021-08-13,23:50:32,lista_movimenti,,268,269,QY333112
6176,2021-12-15,09:09:13,prelievo,50.13,391,59,Vj240239
6177,2025-08-02,09:23:55,deposito,20.97,625,50,jh031923
6178,2025-06-19,00:24:19,prelievo,48.58,207,88,tV995837
6179,2024-09-21,17:42:15,deposito,28.88,541,173,Lg922679
6180,2018-07-27,12:09:28,prelievo,145.22,1011,33,kj751268
6181,2022-03-05,21:18:09,prelievo,144.96,764,180,mq975973
6182,2023-01-02,06:14:34,lista_movimenti,,1155,140,wh954331
6183,2024-06-26,00:44:26,prelievo,14.9,398,281,yz311053
6184,2014-09-25,02:04:58,deposito,14.71,981,108,Gd346720
6185,2025-11-19,01:03:10,lista_movimenti,,618,280,yG217061
6186,2023-07-06,19:17:55,prelievo,29.25,277,219,Ye945287
6187,2015-07-15,04:01:09,deposito,67.05,405,23,yG626653
6188,2024-07-09,00:05:20,deposito,38.47,304,131,TN543457
6189,2025-09-01,02:51:35,deposito,42.49,242,35,kH373446
6190,2026-01-05,01:10:53,prelievo,34.13,957,8,dx290892
6191,2020-01-26,06:34:31,saldo,,933,100,qi152358
6192,2021-12-25,10:37:42,prelievo,82.04,748,8,DB529952
6193,2025-03-15,18:02:35,deposito,116.4,907,294,Si656249
6194,2025-04-29,10:33:51,prelievo,42.41,95,11,qs076709
6195,2017-06-22,13:50:10,prelievo,146.77,315,177,LL409499
6196,2024-03-07,12:45:01,lista_movimenti,,1190,297,EH922865
6197,2021-11-14,13:19:26,deposito,24.5,563,50,RL118842
6198,2026-01-29,02:41:28,prelievo,37.16,812,293,ja410389
6199,2021-11-21,07:05:43,deposito,84.17,40,76,IJ886211
6200,2024-12-13,23:26:04,prelievo,175.46,990,76,hc253896
6201,2016-04-29,17:07:16,deposito,38.23,611,292,yp557604
6202,2023-05-03,11:25:13,prelievo,80.16,342,54,NC797332
6203,2024-10-02,17:15:07,deposito,127.59,203,120,xE705573
6204,2022-05-05,01:23:28,prelievo,41.22,192,152,pj805928
6205,2019-06-14,17:34:46,prelievo,121.48,700,99,KZ554760
6206,2019-12-19,01:46:34,deposito,110.62,1004,119,hM518093
6207,2014-02-05,09:55:42,saldo,,677,147,sR730774
6208,2022-07-01,17:18:21,lista_movimenti,,219,169,qd982333
6209,2025-02-14,06:03:42,prelievo,34.43,516,96,by901269
6210,2022-12-09,15:07:41,deposito,100.11,887,262,LQ256301
6211,2019-04-17,20:51:18,deposito,15.37,722,30,SL697117
6212,2025-02-20,11:22:23,saldo,,1122,3,ua979952
6213,2021-09-11,07:46:32,prelievo,171.1,453,220,Tg814433
6214,2025-11-09,14:33:35,saldo,,525,100,Jv270700
6215,2026-01-10,18:04:44,prelievo,80.44,1183,32,YZ657359
6216,2024-10-04,04:54:52,prelievo,143.44,1166,232,PJ564718
6217,2020-04-01,06:54:12,saldo,,670,143,yh183374
6218,2023-03-23,20:46:01,prelievo,165.78,115,156,Wt107337
6219,2023-01-16,11:52:30,saldo,,442,219,yt823356
6220,2024-10-06,00:35:33,deposito,67.27,21,5,Ct779098
6221,2023-09-21,15:53:52,prelievo,30.0,44,20,mC350179
6222,2020-08-27,12:33:55,deposito,183.29,254,136,Bg227391
6223,2025-04-24,17:07:55,deposito,97.51,135,213,mN857974
6224,2022-06-19,23:31:58,deposito,192.33,300,144,hP694622
6225,2025-10-23,01:54:22,lista_movimenti,,906,48,it130049
6226,2023-01-10,00:08:19,prelievo,186.02,480,208,ut848710
6227,2021-06-15,14:30:43,deposito,178.85,64,127,Hl268003
6228,2021-08-06,03:29:57,deposito,137.52,966,150,ES861072
6229,2016-09-06,07:22:43,prelievo,158.33,17,103,xk238573
6230,2018-01-26,09:04:49,saldo,,631,257,rU109008
6231,2025-04-12,14:37:34,prelievo,79.55,263,89,ic735384
6232,2025-07-06,07:28:11,prelievo,62.47,767,111,Zy871123
6233,2022-09-30,05:30:42,prelievo,88.98,550,4,YR440769
6234,2026-03-01,19:11:55,saldo,,1059,212,Cr820090
6235,2018-07-11,22:15:06,prelievo,25.84,263,278,ic735384
6236,2025-12-11,17:55:17,deposito,13.75,142,61,Zp331630
6237,2020-03-02,02:14:09,deposito,46.97,339,245,vj794623
6238,2023-10-22,06:00:53,prelievo,50.61,892,170,gt912771
6239,2025-11-21,18:25:27,prelievo,169.58,419,152,Dg673357
6240,2016-08-16,20:57:06,lista_movimenti,,457,83,dt046231
6241,2025-08-09,15:51:52,prelievo,12.37,267,229,cq633006
6242,2026-04-05,14:49:19,deposito,50.67,215,174,nh269517
6243,2025-10-06,08:30:02,prelievo,109.58,810,40,zD075970
6244,2015-04-10,12:26:08,saldo,,517,95,aJ952726
6245,2025-02-18,15:09:22,prelievo,21.79,191,128,Bt086529
6246,2025-11-21,04:31:05,deposito,163.57,313,122,Kq913660
6247,2025-11-04,05:10:39,prelievo,199.26,1127,101,Js852008
6248,2022-08-24,20:52:03,saldo,,114,135,Xr318688
6249,2014-04-24,16:14:05,prelievo,44.12,1012,72,jM558274
6250,2022-01-15,12:42:06,saldo,,843,146,ev147071
6251,2018-02-21,18:14:43,deposito,145.08,397,96,PQ193294
6252,2020-10-11,19:30:51,prelievo,130.96,639,63,jy431161
6253,2018-11-22,02:49:19,saldo,,866,283,Vx711810
6254,2022-12-11,13:01:59,deposito,22.47,941,226,Zz733033
6255,2022-11-07,21:25:42,saldo,,722,257,SL697117
6256,2025-04-04,18:02:48,saldo,,733,3,FG408338
6257,2022-11-03,21:40:32,lista_movimenti,,575,139,cX077975
6258,2021-06-05,03:57:22,prelievo,163.86,562,186,th819559
6259,2024-10-18,12:47:20,prelievo,142.29,1103,32,UV909989
6260,2024-10-11,20:32:41,lista_movimenti,,738,243,Zd508101
6261,2021-09-09,08:01:04,deposito,75.1,150,4,vN665993
6262,2026-04-02,13:36:36,prelievo,61.83,632,37,Gd232898
6263,2021-09-09,19:05:02,deposito,172.42,366,256,Ux779634
6264,2021-07-15,16:46:31,prelievo,44.37,783,240,Kh366288
6265,2018-06-26,04:23:26,prelievo,100.25,212,34,aU113901
6266,2015-08-28,18:48:55,deposito,113.49,998,199,bI476030
6267,2018-06-17,14:00:00,prelievo,81.72,556,277,xC321567
6268,2024-07-31,10:20:18,saldo,,38,188,il026142
6269,2023-06-03,07:14:05,deposito,60.87,691,267,Pd126645
6270,2023-11-30,09:25:16,lista_movimenti,,956,233,Dm394360
6271,2019-07-06,02:36:01,prelievo,185.26,400,114,bc820268
6272,2026-02-27,15:41:14,saldo,,1073,21,Xy877460
6273,2026-01-12,01:30:18,deposito,118.97,665,148,kb286657
6274,2017-08-28,12:43:04,saldo,,1058,133,yi644979
6275,2021-09-25,18:17:26,deposito,69.69,883,253,bN231002
6276,2026-01-21,03:49:07,saldo,,1015,89,Iv816311
6277,2025-03-17,14:03:20,saldo,,632,84,Gd232898
6278,2024-12-07,08:40:12,deposito,74.91,1034,28,ct634978
6279,2014-12-07,22:57:05,deposito,195.33,465,283,bv415201
6280,2025-08-06,04:51:45,deposito,41.99,849,229,sy775844
6281,2020-08-07,11:58:30,deposito,87.63,785,49,sY154948
6282,2014-03-16,10:57:45,prelievo,163.65,1022,64,mr309085
6283,2021-11-24,19:58:06,lista_movimenti,,887,219,LQ256301
6284,2025-04-11,09:37:44,prelievo,85.28,493,121,cA080952
6285,2014-03-15,10:00:33,prelievo,171.46,318,120,iq314937
6286,2024-11-10,10:48:32,prelievo,133.65,1035,51,RP791352
6287,2022-12-18,05:29:01,deposito,125.84,88,88,Jv325918
6288,2019-10-29,04:59:54,deposito,45.06,34,252,DK876695
6289,2024-10-08,23:40:54,prelievo,64.36,670,295,yh183374
6290,2022-05-12,06:05:38,deposito,155.8,876,26,VE382295
6291,2024-10-11,18:14:02,saldo,,705,298,qu870265
6292,2019-03-14,21:57:16,deposito,157.49,631,138,rU109008
6293,2025-02-07,15:49:42,prelievo,19.01,48,27,cd763882
6294,2025-02-28,07:47:36,saldo,,1156,20,CE752078
6295,2023-10-09,22:28:11,saldo,,672,155,Sx888264
6296,2019-07-14,09:52:10,prelievo,83.57,30,72,ni811078
6297,2024-03-24,18:44:17,saldo,,872,294,bF048011
6298,2024-06-24,04:52:25,deposito,54.47,22,202,WV626101
6299,2026-02-28,04:27:31,prelievo,142.3,124,164,bg952396
6300,2025-04-05,23:33:14,prelievo,89.11,413,151,wI003182
6301,2021-04-14,17:07:55,prelievo,193.3,458,256,tL424108
6302,2024-01-30,21:07:16,saldo,,189,98,NM636869
6303,2025-01-23,18:35:11,deposito,77.29,1030,78,uL710316
6304,2024-07-03,04:29:04,prelievo,173.48,618,207,yG217061
6305,2026-01-05,06:39:48,lista_movimenti,,569,178,Xg998985
6306,2026-01-04,01:25:26,deposito,158.23,993,23,XY407086
6307,2023-02-18,06:46:26,saldo,,83,284,rI266900
6308,2014-08-15,00:32:02,prelievo,54.98,840,265,zN382122
6309,2026-05-09,06:37:59,deposito,183.57,215,284,nh269517
6310,2026-03-24,08:11:36,prelievo,151.13,883,82,bN231002
6311,2019-04-22,19:05:19,saldo,,349,89,pU658355
6312,2023-10-30,04:32:19,prelievo,192.87,913,2,in303073
6313,2023-09-29,17:44:03,deposito,121.15,1183,63,YZ657359
6314,2025-03-17,06:19:40,deposito,47.62,809,287,zG413170
6315,2024-11-03,22:38:55,deposito,37.71,988,119,Dw508390
6316,2025-12-25,10:27:00,prelievo,137.03,648,59,Wp703127
6317,2018-11-11,00:36:56,deposito,35.72,384,7,lt974760
6318,2025-04-29,09:16:19,deposito,10.88,306,38,nN959712
6319,2023-08-09,21:08:15,lista_movimenti,,1182,272,LJ127341
6320,2021-05-13,15:01:37,prelievo,138.93,550,93,YR440769
6321,2023-06-30,03:07:58,prelievo,104.89,957,165,dx290892
6322,2022-12-13,09:26:02,prelievo,107.64,1044,209,hV911640
6323,2025-10-30,13:13:29,prelievo,23.17,968,292,aI451523
6324,2021-04-16,20:02:47,saldo,,882,220,Rm212158
6325,2025-12-24,04:17:13,prelievo,158.43,813,264,IX168639
6326,2026-04-26,17:36:53,prelievo,180.8,40,229,IJ886211
6327,2022-01-11,10:10:39,prelievo,102.36,736,161,Wv009407
6328,2024-02-27,02:41:05,prelievo,182.88,268,184,QY333112
6329,2021-08-10,11:44:55,deposito,79.76,45,37,aW776807
6330,2025-02-27,13:28:57,deposito,30.57,494,175,Wz067907
6331,2022-04-16,00:15:01,lista_movimenti,,394,282,JZ367469
6332,2025-10-06,10:35:11,prelievo,70.31,648,26,Wp703127
6333,2025-05-21,12:20:50,deposito,86.69,979,69,eV736470
6334,2021-12-31,12:40:26,saldo,,1098,52,dI033495
6335,2021-05-21,07:39:28,deposito,140.33,90,239,Hn730442
6336,2025-07-20,15:45:21,deposito,193.95,1021,265,FN134404
6337,2015-04-03,16:41:50,saldo,,1110,137,PU824490
6338,2023-12-22,08:31:58,prelievo,16.41,212,57,aU113901
6339,2014-12-10,16:06:18,prelievo,192.56,1141,213,zj023797
6340,2026-02-22,21:09:02,deposito,160.81,159,97,ZZ571433
6341,2015-05-10,02:58:04,deposito,67.34,1007,176,Sj076857
6342,2023-03-06,06:03:46,prelievo,164.13,733,200,FG408338
6343,2024-11-07,23:37:35,deposito,194.12,220,5,kg439144
6344,2023-09-20,06:19:12,prelievo,127.95,376,219,IL775506
6345,2025-06-08,12:28:06,prelievo,22.46,101,182,IN155148
6346,2022-09-02,06:13:01,prelievo,137.83,384,271,lt974760
6347,2024-06-26,17:21:18,deposito,168.92,130,148,FM266022
6348,2021-07-21,07:19:08,lista_movimenti,,865,104,Is436878
6349,2026-02-06,22:00:44,deposito,182.39,906,136,it130049
6350,2024-03-15,21:41:12,deposito,172.6,531,103,jt809431
6351,2018-09-17,03:21:01,lista_movimenti,,23,149,Kv616996
6352,2024-08-15,21:07:16,deposito,129.16,949,141,tK859754
6353,2024-12-28,09:46:46,saldo,,885,63,kD004578
6354,2014-10-20,06:06:45,prelievo,31.64,997,105,vS112237
6355,2023-10-14,11:00:26,deposito,147.99,434,19,wk234097
6356,2025-03-31,21:45:17,prelievo,187.2,1013,239,vY990324
6357,2022-04-10,18:10:40,deposito,148.57,340,199,hg270945
6358,2021-07-27,19:57:21,deposito,153.55,164,282,OV475251
6359,2025-07-08,10:37:39,saldo,,1009,177,ho830970
6360,2023-06-13,04:53:52,lista_movimenti,,413,42,wI003182
6361,2017-05-07,02:46:34,deposito,165.53,9,212,LA267757
6362,2026-04-08,20:29:23,saldo,,1068,208,KR910501
6363,2024-09-24,09:38:23,saldo,,39,3,no127180
6364,2021-01-21,08:18:30,prelievo,86.7,166,68,tn798770
6365,2020-07-30,08:27:30,saldo,,299,121,NS978939
6366,2025-10-31,17:49:41,prelievo,66.09,306,278,nN959712
6367,2026-02-21,14:33:31,deposito,156.12,921,163,Jr436756
6368,2019-05-25,14:39:52,prelievo,40.93,341,211,kx027099
6369,2025-10-17,15:55:57,prelievo,18.42,629,278,Lb611362
6370,2024-05-11,08:53:26,deposito,23.29,810,145,zD075970
6371,2023-08-08,11:06:22,deposito,167.08,348,165,qd961534
6372,2026-03-05,18:49:01,deposito,109.24,176,51,jK495738
6373,2024-07-22,15:55:16,deposito,69.76,875,61,bY805509
6374,2024-11-21,03:51:29,saldo,,369,246,RR124856
6375,2025-10-02,10:02:01,deposito,46.96,957,42,dx290892
6376,2019-07-11,13:47:39,prelievo,65.46,482,210,IO521520
6377,2025-05-28,07:06:12,prelievo,81.1,593,109,SX211034
6378,2016-09-20,06:24:08,deposito,40.89,932,239,NI768742
6379,2022-04-10,11:29:42,deposito,116.01,413,266,wI003182
6380,2022-02-10,16:17:32,prelievo,103.99,55,26,Qy023469
6381,2014-12-13,14:53:56,deposito,170.81,960,256,oq084099
6382,2022-04-12,08:52:27,lista_movimenti,,580,153,Hd443222
6383,2020-03-07,22:55:41,prelievo,36.51,274,216,rQ442213
6384,2015-01-22,01:34:06,lista_movimenti,,440,193,Ka451311
6385,2025-04-25,18:17:19,deposito,190.09,744,202,WE256076
6386,2023-04-08,23:26:15,prelievo,163.93,527,226,FG881575
6387,2025-04-29,20:26:30,lista_movimenti,,366,231,Ux779634
6388,2024-06-30,15:43:29,prelievo,68.24,67,152,Yp484566
6389,2021-09-01,14:17:30,saldo,,701,278,BM353526
6390,2025-05-05,21:00:43,deposito,56.07,1182,186,LJ127341
6391,2022-02-16,08:51:25,deposito,33.38,770,62,th041409
6392,2014-03-21,14:30:02,deposito,62.39,22,130,WV626101
6393,2025-09-28,03:45:40,deposito,39.64,995,105,Ht135218
6394,2022-11-11,07:35:11,deposito,44.48,51,149,Lq932284
6395,2019-10-16,04:37:13,saldo,,211,127,tS675776
6396,2016-03-27,19:05:28,prelievo,51.77,474,276,Rn956359
6397,2024-08-11,11:00:51,deposito,145.76,902,207,Or390873
6398,2019-06-13,07:05:08,prelievo,118.6,427,41,rR690371
6399,2022-01-15,16:55:54,prelievo,173.67,105,224,xP495035
6400,2025-10-21,22:19:22,deposito,82.81,42,251,qK999153
6401,2015-12-12,22:02:55,deposito,93.24,469,95,WM351496
6402,2015-05-27,01:44:56,prelievo,128.44,866,258,Vx711810
6403,2019-03-08,14:55:42,deposito,33.2,883,263,bN231002
6404,2025-07-28,17:00:01,prelievo,75.75,352,184,Yo360911
6405,2025-03-14,22:09:21,prelievo,171.15,949,2,tK859754
6406,2024-11-07,21:55:23,deposito,64.97,1085,272,qj150655
6407,2024-09-26,00:13:51,prelievo,130.76,508,168,yb648820
6408,2015-07-29,02:42:48,deposito,120.99,75,87,KG028766
6409,2021-09-15,19:14:56,deposito,102.34,201,287,aJ017990
6410,2021-06-23,16:17:30,deposito,160.43,491,82,aU264587
6411,2023-04-01,13:50:44,prelievo,192.78,1038,205,nr789322
6412,2024-07-11,20:58:27,lista_movimenti,,236,206,rb750507
6413,2025-08-01,17:55:48,lista_movimenti,,659,122,pS222156
6414,2024-03-02,22:40:31,saldo,,90,297,Hn730442
6415,2018-08-23,14:32:02,deposito,26.43,60,172,iI917706
6416,2021-03-17,20:40:29,prelievo,127.09,607,216,fu168619
6417,2026-03-15,17:25:35,deposito,26.2,672,169,Sx888264
6418,2023-08-16,21:57:38,prelievo,194.54,887,272,LQ256301
6419,2023-06-01,18:25:51,prelievo,171.79,1097,225,uq260383
6420,2026-04-23,19:31:21,prelievo,11.6,187,241,Me898429
6421,2017-11-17,08:22:55,deposito,164.6,851,267,dO192214
6422,2025-03-16,14:33:01,lista_movimenti,,992,222,wI668856
6423,2024-03-10,04:51:22,prelievo,155.43,326,211,ML567127
6424,2018-06-13,08:43:56,deposito,14.65,913,297,in303073
6425,2023-06-02,14:32:21,prelievo,173.13,60,181,iI917706
6426,2024-05-21,04:55:17,prelievo,196.14,333,40,rU458630
6427,2026-03-31,06:49:28,saldo,,103,211,fO984803
6428,2023-02-21,19:40:36,deposito,89.99,550,188,YR440769
6429,2021-09-27,03:16:08,prelievo,67.74,107,237,ig289585
6430,2017-06-25,13:47:33,deposito,17.2,511,196,Rx296457
6431,2019-08-19,15:51:59,deposito,123.07,428,16,Mh809725
6432,2025-08-19,19:25:52,saldo,,1138,144,Bn553352
6433,2023-04-16,13:49:42,prelievo,144.7,479,147,cy083645
6434,2017-08-08,20:34:49,prelievo,183.81,212,278,aU113901
6435,2015-03-08,12:24:27,prelievo,108.99,995,193,Ht135218
6436,2019-08-24,02:29:08,prelievo,34.85,218,69,rA102623
6437,2024-05-19,04:49:32,saldo,,939,116,PZ716515
6438,2023-06-12,14:22:49,prelievo,62.41,267,31,cq633006
6439,2021-12-06,04:24:20,prelievo,135.68,443,208,mb464949
6440,2020-07-26,12:34:44,prelievo,174.07,375,259,la332278
6441,2025-10-28,14:54:41,prelievo,67.18,235,252,rG927062
6442,2022-05-21,19:04:54,prelievo,148.11,1158,131,DB955466
6443,2015-06-27,23:36:10,deposito,124.67,186,199,YO863486
6444,2025-11-13,19:36:37,lista_movimenti,,487,129,NS535369
6445,2021-04-08,16:31:01,lista_movimenti,,511,139,Rx296457
6446,2026-05-12,03:43:11,deposito,159.74,681,198,Lg023896
6447,2023-01-29,09:15:34,prelievo,45.95,919,271,UQ721879
6448,2023-02-03,06:04:36,prelievo,192.05,60,199,iI917706
6449,2024-03-13,07:17:14,prelievo,188.97,142,242,Zp331630
6450,2024-10-29,17:03:39,prelievo,119.28,238,38,BA420391
6451,2023-01-09,01:22:17,prelievo,169.34,372,286,Mw775286
6452,2025-08-14,07:25:27,deposito,167.44,996,39,ZB608610
6453,2020-11-08,16:37:49,lista_movimenti,,25,190,AQ934320
6454,2021-07-15,17:20:06,lista_movimenti,,248,139,VW785832
6455,2025-09-19,13:38:54,deposito,179.17,1169,206,lf698830
6456,2024-04-23,21:09:49,prelievo,103.56,43,292,yJ510749
6457,2019-07-05,19:15:24,deposito,57.18,740,94,XL707137
6458,2024-05-22,04:55:04,lista_movimenti,,453,169,Tg814433
6459,2024-12-16,08:44:49,prelievo,171.6,1122,83,ua979952
6460,2018-11-01,06:50:29,prelievo,27.56,652,186,DG214189
6461,2024-11-08,07:17:38,lista_movimenti,,172,251,oE768132
6462,2016-02-16,06:15:50,saldo,,740,89,XL707137
6463,2019-09-18,19:26:05,saldo,,831,208,iz149965
6464,2025-11-21,09:25:04,prelievo,119.5,320,39,Ut663071
6465,2013-08-26,03:07:47,saldo,,1009,282,ho830970
6466,2025-04-05,22:51:46,prelievo,68.68,1061,200,na289629
6467,2025-05-12,05:40:51,deposito,46.23,979,142,eV736470
6468,2025-10-03,18:03:01,deposito,147.98,564,132,jw059766
6469,2023-01-09,14:53:15,deposito,92.92,104,13,Kx181073
6470,2020-12-15,01:05:43,lista_movimenti,,566,154,hE742294
6471,2024-07-08,12:33:15,lista_movimenti,,880,291,Go167809
6472,2021-08-27,15:36:21,prelievo,198.69,894,248,dL062242
6473,2018-12-21,18:04:55,deposito,166.97,415,8,me115735
6474,2024-06-04,07:10:22,deposito,18.52,1014,89,Kj409420
6475,2021-05-18,04:01:29,deposito,111.58,181,147,Aq043915
6476,2026-05-04,20:30:28,saldo,,160,269,kS794698
6477,2023-07-05,21:31:51,prelievo,158.48,112,34,xR685544
6478,2024-12-18,06:38:39,deposito,94.74,261,223,Cr073637
6479,2019-03-05,09:20:49,deposito,116.0,644,291,qY768457
6480,2025-08-16,04:40:17,prelievo,184.72,948,57,VG308634
6481,2023-07-30,07:51:30,deposito,51.04,336,213,Tq273933
6482,2024-11-29,00:45:05,prelievo,78.63,885,216,kD004578
6483,2023-06-07,03:18:03,prelievo,120.15,870,289,Zb761079
6484,2025-03-19,04:31:25,prelievo,89.31,1028,10,Qe387737
6485,2023-02-24,23:56:54,prelievo,89.25,300,289,hP694622
6486,2026-04-22,01:11:55,lista_movimenti,,1068,1,KR910501
6487,2023-10-04,22:32:30,deposito,61.42,189,107,NM636869
6488,2026-04-24,06:28:12,lista_movimenti,,783,232,Kh366288
6489,2022-10-01,13:55:58,prelievo,139.59,387,258,Lr494654
6490,2015-09-14,07:10:46,prelievo,190.02,658,97,FE893788
6491,2018-06-29,20:33:33,deposito,137.18,1011,105,kj751268
6492,2018-08-13,23:22:42,deposito,182.38,106,293,QS406929
6493,2023-10-31,20:58:12,prelievo,31.99,929,57,fn154182
6494,2022-04-09,22:19:00,deposito,69.52,83,128,rI266900
6495,2013-11-06,14:14:47,deposito,25.19,677,105,sR730774
6496,2016-05-29,01:06:30,saldo,,981,291,Gd346720
6497,2020-03-25,00:40:16,lista_movimenti,,739,32,yR196908
6498,2021-07-23,16:47:52,prelievo,131.31,830,255,jq718409
6499,2022-02-17,03:47:19,lista_movimenti,,1024,289,bi027633
6500,2025-02-27,00:32:21,deposito,64.82,393,21,nl962340
6501,2020-11-19,06:28:17,deposito,92.64,700,269,KZ554760
6502,2025-03-19,16:40:26,saldo,,390,44,DK217459
6503,2025-11-24,20:07:41,prelievo,188.82,706,118,FA324974
6504,2018-01-07,01:03:53,deposito,133.21,460,101,Pa566847
6505,2020-05-29,04:09:10,prelievo,153.63,1186,210,DS360396
6506,2018-03-03,10:41:45,prelievo,179.12,277,67,Ye945287
6507,2018-10-18,09:46:15,lista_movimenti,,738,151,Zd508101
6508,2016-10-22,22:07:27,prelievo,124.19,17,28,xk238573
6509,2024-09-12,16:20:44,prelievo,78.87,577,268,wG190726
6510,2022-06-03,16:24:03,deposito,44.23,1057,45,CP061307
6511,2025-05-29,22:39:41,lista_movimenti,,850,263,ra188057
6512,2012-03-21,16:38:53,deposito,183.73,712,171,tv905159
6513,2025-11-25,08:53:28,lista_movimenti,,72,3,Sq657271
6514,2023-01-04,17:08:24,deposito,82.65,1072,104,fX001016
6515,2026-03-01,07:09:51,saldo,,373,94,UI724109
6516,2023-10-20,09:55:10,prelievo,123.27,721,175,tO887956
6517,2017-07-01,13:14:37,deposito,140.91,410,116,rH671688
6518,2025-07-23,14:14:42,prelievo,105.0,764,61,mq975973
6519,2024-09-29,09:16:06,prelievo,180.79,961,168,tH409258
6520,2023-06-10,13:18:40,saldo,,872,90,bF048011
6521,2021-09-30,02:06:24,deposito,141.31,1098,227,dI033495
6522,2020-04-14,00:30:31,deposito,136.09,510,160,RB463373
6523,2024-09-17,21:46:43,saldo,,594,235,mR705225
6524,2023-03-09,15:33:01,deposito,140.49,950,21,DV098714
6525,2018-10-01,02:45:21,saldo,,428,153,Mh809725
6526,2018-08-29,08:59:52,prelievo,38.94,1188,73,Wy463276
6527,2017-06-07,10:02:53,prelievo,95.88,664,16,fy283969
6528,2026-01-25,21:08:53,saldo,,735,159,DN152459
6529,2020-03-07,16:35:03,saldo,,800,46,Dy649686
6530,2024-09-05,23:47:20,saldo,,443,248,mb464949
6531,2023-11-08,11:30:17,deposito,72.0,982,72,mG363466
6532,2017-07-04,09:50:28,deposito,158.22,92,111,uV538170
6533,2019-07-16,05:46:33,prelievo,70.57,482,256,IO521520
6534,2023-02-20,06:59:02,prelievo,87.34,143,214,AD690345
6535,2024-09-24,16:04:51,prelievo,183.56,265,295,Go119412
6536,2023-05-04,13:49:13,prelievo,80.02,204,182,md202995
6537,2023-03-02,22:50:24,deposito,199.42,42,59,qK999153
6538,2023-08-28,00:31:23,saldo,,489,79,zY827523
6539,2026-02-15,11:01:18,prelievo,12.76,594,37,mR705225
6540,2025-06-30,07:09:38,saldo,,323,44,kD420204
6541,2023-12-01,23:17:04,deposito,137.68,321,247,Np409420
6542,2020-07-14,17:20:43,lista_movimenti,,1137,45,kj341998
6543,2024-12-27,06:37:41,deposito,74.44,184,273,sb580731
6544,2022-12-16,15:24:26,lista_movimenti,,395,45,uc759901
6545,2025-02-20,09:00:19,deposito,78.83,854,284,My114455
6546,2023-02-02,15:09:33,prelievo,97.54,1160,224,dn706343
6547,2023-03-02,03:04:57,prelievo,99.36,129,193,Uo887356
6548,2023-08-07,10:33:17,prelievo,198.81,957,107,dx290892
6549,2025-08-29,10:46:52,deposito,171.0,224,290,OE411324
6550,2018-04-15,17:25:42,lista_movimenti,,238,9,BA420391
6551,2022-04-03,03:07:09,saldo,,470,19,Lm696540
6552,2025-04-07,17:51:26,prelievo,82.36,115,238,Wt107337
6553,2017-05-17,10:53:48,deposito,108.17,840,167,zN382122
6554,2025-12-01,07:04:17,prelievo,45.54,724,65,Ve878154
6555,2024-12-04,22:29:45,lista_movimenti,,572,180,Ek871018
6556,2022-08-17,07:46:55,saldo,,617,194,au473245
6557,2026-03-14,15:41:54,deposito,57.21,393,163,nl962340
6558,2023-03-15,01:46:06,prelievo,91.56,634,33,ip982341
6559,2025-01-12,13:20:11,lista_movimenti,,959,21,Hy807354
6560,2020-11-20,17:28:56,deposito,137.33,922,87,wi094558
6561,2020-08-16,13:14:13,deposito,45.62,388,151,yn465482
6562,2026-01-30,20:48:28,prelievo,21.69,773,99,xs062719
6563,2021-05-12,00:29:46,saldo,,882,235,Rm212158
6564,2023-03-07,22:43:14,deposito,28.91,973,206,mG675895
6565,2025-12-09,04:43:55,deposito,50.36,254,264,Bg227391
6566,2016-12-16,17:33:16,prelievo,78.04,261,194,Cr073637
6567,2024-06-13,11:20:59,prelievo,64.98,11,230,KG745447
6568,2024-11-17,17:24:06,deposito,97.62,456,105,bV036672
6569,2019-01-21,06:53:31,deposito,107.06,1007,291,Sj076857
6570,2021-05-26,00:01:31,deposito,31.5,209,246,mE300044
6571,2025-04-04,17:13:51,deposito,28.38,1006,254,zy401632
6572,2024-12-22,01:24:48,lista_movimenti,,205,216,QO037403
6573,2017-09-04,17:55:26,deposito,160.06,230,258,Pa383066
6574,2021-09-26,21:05:58,prelievo,72.22,876,23,VE382295
6575,2022-02-26,01:10:29,prelievo,40.2,179,110,Nk544670
6576,2022-08-26,00:20:12,prelievo,186.4,110,270,vh862598
6577,2026-02-07,05:14:56,deposito,29.69,370,101,LZ730487
6578,2021-06-28,18:15:52,deposito,135.44,1155,213,wh954331
6579,2017-06-03,23:25:42,deposito,41.02,563,19,RL118842
6580,2015-06-12,00:33:31,prelievo,65.39,895,248,Jj492450
6581,2024-01-04,02:36:47,deposito,190.4,26,220,ki043598
6582,2022-06-01,03:22:36,prelievo,32.23,469,290,WM351496
6583,2024-04-27,09:06:58,prelievo,38.81,272,142,gT041205
6584,2026-03-30,11:38:17,prelievo,160.01,979,148,eV736470
6585,2025-01-31,07:14:34,deposito,79.6,674,259,yU404660
6586,2022-10-19,02:34:20,prelievo,191.12,799,222,FE732602
6587,2025-09-05,17:33:17,deposito,50.26,679,200,Hr752388
6588,2018-07-05,14:58:48,deposito,144.86,1067,121,yo900724
6589,2021-03-24,08:08:21,deposito,37.16,439,54,dh030688
6590,2025-11-12,20:43:28,saldo,,462,208,LB623230
6591,2026-04-12,19:37:18,prelievo,25.88,170,94,eM893847
6592,2024-12-20,19:15:21,prelievo,132.87,580,222,Hd443222
6593,2018-02-07,17:10:06,prelievo,97.38,287,230,Jf320281
6594,2014-10-18,09:13:25,deposito,167.12,441,37,Nu332959
6595,2021-02-03,02:08:24,deposito,169.34,13,3,iO337994
6596,2022-04-26,18:15:35,prelievo,196.27,1121,2,Eu287784
6597,2025-09-07,13:38:26,deposito,156.41,1007,6,Sj076857
6598,2025-06-25,01:51:23,saldo,,719,140,Ac326834
6599,2026-03-26,02:41:28,deposito,187.97,1198,86,aq051572
6600,2015-09-10,07:50:25,prelievo,119.25,1164,21,PY170633
6601,2021-05-22,14:07:57,prelievo,10.9,66,214,NG470289
6602,2025-02-22,15:16:57,saldo,,666,53,iD191270
6603,2024-04-09,20:38:05,saldo,,24,224,RU211254
6604,2022-12-19,06:56:16,deposito,44.91,671,276,TQ799482
6605,2024-12-28,00:52:10,deposito,132.89,997,266,vS112237
6606,2023-08-13,11:36:12,deposito,15.84,409,238,uk018796
6607,2017-11-07,23:11:53,deposito,12.03,315,111,LL409499
6608,2015-11-20,06:20:38,saldo,,34,288,DK876695
6609,2019-07-20,01:59:58,lista_movimenti,,539,259,jt315874
6610,2016-09-20,08:31:37,prelievo,158.31,649,16,aM947760
6611,2020-07-10,01:48:58,deposito,163.03,358,9,mU852761
6612,2020-06-05,18:25:23,prelievo,197.12,820,235,Ll846227
6613,2024-10-18,22:30:49,deposito,39.59,668,213,JO652237
6614,2026-01-08,23:45:05,saldo,,1052,139,ib855608
6615,2025-03-20,15:52:03,deposito,109.84,920,243,OI004683
6616,2018-04-05,08:10:45,prelievo,48.5,427,55,rR690371
6617,2023-07-08,23:39:26,deposito,156.49,939,208,PZ716515
6618,2022-03-21,12:58:56,prelievo,61.79,945,81,ml839599
6619,2020-05-15,06:40:26,prelievo,54.73,962,34,of225929
6620,2025-07-03,15:31:01,deposito,152.5,988,274,Dw508390
6621,2026-04-22,08:09:59,lista_movimenti,,49,48,rE279047
6622,2018-06-02,18:48:18,deposito,148.14,163,30,kF660628
6623,2020-04-22,02:16:51,deposito,132.06,121,131,Cq701737
6624,2022-05-05,23:23:10,prelievo,60.36,333,4,rU458630
6625,2019-08-23,06:16:40,prelievo,163.05,770,70,th041409
6626,2021-09-07,07:03:56,prelievo,33.32,578,150,eg649602
6627,2020-03-29,19:48:36,deposito,62.73,1058,92,yi644979
6628,2024-10-25,15:12:34,deposito,12.57,246,42,CK473664
6629,2023-09-04,07:00:49,deposito,67.02,1092,54,Xw699483
6630,2026-03-01,19:46:48,prelievo,138.37,541,166,Lg922679
6631,2018-09-30,14:37:19,prelievo,99.98,317,274,dw906742
6632,2024-11-09,05:03:47,prelievo,191.83,698,247,ML590757
6633,2023-07-21,21:35:59,prelievo,137.71,21,97,Ct779098
6634,2021-02-25,20:57:47,deposito,141.47,555,3,Bc160849
6635,2024-08-24,06:22:54,prelievo,150.85,360,199,kc955766
6636,2025-09-09,20:20:06,prelievo,114.68,731,203,hv757284
6637,2019-11-13,16:17:30,deposito,137.36,465,76,bv415201
6638,2025-12-24,15:03:47,saldo,,614,162,oz242210
6639,2024-05-17,07:14:42,deposito,139.52,590,194,yb347850
6640,2020-10-08,06:58:40,lista_movimenti,,853,31,bu549157
6641,2025-01-07,05:01:09,saldo,,828,121,nk028531
6642,2025-03-02,14:54:31,deposito,19.19,1107,124,GG317502
6643,2025-01-30,14:40:49,prelievo,42.25,246,129,CK473664
6644,2019-01-15,19:04:47,saldo,,1076,251,lh950797
6645,2012-12-13,17:53:29,saldo,,271,220,iC021125
6646,2018-04-14,15:33:39,prelievo,33.82,645,79,Me943050
6647,2022-11-30,19:43:45,deposito,60.28,590,189,yb347850
6648,2022-12-12,17:37:12,prelievo,22.38,926,122,ca711552
6649,2026-01-20,15:35:53,lista_movimenti,,920,188,OI004683
6650,2022-04-05,19:27:51,deposito,160.2,430,291,No937039
6651,2019-09-02,09:27:04,prelievo,97.51,555,164,Bc160849
6652,2024-12-25,00:46:43,prelievo,160.77,983,121,ix440725
6653,2023-01-26,12:09:03,lista_movimenti,,606,235,oP962982
6654,2024-12-22,12:55:27,deposito,83.22,715,104,EY159838
6655,2024-11-08,03:12:58,saldo,,259,60,JU585456
6656,2024-11-16,00:09:54,saldo,,901,32,ne782614
6657,2020-06-05,06:14:01,deposito,139.09,1107,270,GG317502
6658,2016-08-05,04:28:35,prelievo,58.35,43,15,yJ510749
6659,2025-09-21,05:08:57,prelievo,158.37,332,241,Am957427
6660,2019-07-30,12:27:03,prelievo,85.9,735,143,DN152459
6661,2026-02-28,18:28:52,deposito,83.1,1157,167,Sn660534
6662,2024-12-28,21:28:56,deposito,26.76,71,38,Qq938432
6663,2024-01-05,17:04:34,deposito,26.83,860,180,Cl294650
6664,2018-01-15,09:20:37,prelievo,113.74,1023,113,yr247876
6665,2019-09-22,08:46:50,deposito,77.49,898,140,ET847886
6666,2017-12-01,16:30:44,prelievo,59.78,753,188,xI712968
6667,2024-05-01,03:26:22,prelievo,28.18,1120,139,FT220278
6668,2024-11-07,03:33:47,saldo,,812,52,ja410389
6669,2022-07-31,20:05:16,prelievo,94.97,213,197,kH402165
6670,2023-10-04,05:47:11,saldo,,495,212,sn623722
6671,2021-01-30,01:17:57,lista_movimenti,,1186,191,DS360396
6672,2025-07-28,18:02:24,prelievo,19.62,194,267,Dp752391
6673,2025-07-15,12:51:58,prelievo,89.79,119,58,Jf571094
6674,2023-07-24,11:43:31,saldo,,1172,21,Du611291
6675,2021-01-21,02:10:14,deposito,161.54,517,192,aJ952726
6676,2018-12-17,15:12:28,deposito,129.66,831,80,iz149965
6677,2024-08-14,08:40:58,prelievo,34.78,426,118,rl162896
6678,2025-07-02,18:33:12,prelievo,90.45,1064,248,fZ215909
6679,2017-08-15,20:45:11,prelievo,65.58,322,14,lZ947762
6680,2021-12-11,03:49:44,deposito,107.54,281,51,rQ561181
6681,2021-12-22,16:41:05,prelievo,123.67,366,130,Ux779634
6682,2022-05-14,10:44:03,deposito,38.59,1141,92,zj023797
6683,2020-12-14,16:27:54,deposito,68.51,167,143,gG114765
6684,2019-06-10,01:23:22,prelievo,71.6,272,172,gT041205
6685,2013-10-02,02:19:01,deposito,82.56,256,241,RY237051
6686,2020-12-26,13:02:10,deposito,25.87,566,268,hE742294
6687,2016-03-30,21:07:40,deposito,43.65,929,102,fn154182
6688,2025-12-04,18:09:10,prelievo,37.97,1107,228,GG317502
6689,2023-11-18,19:17:12,deposito,135.07,1106,292,yg261697
6690,2017-07-02,21:40:33,prelievo,154.13,58,152,wy047261
6691,2015-08-13,20:33:06,lista_movimenti,,32,244,Ig173763
6692,2023-03-08,23:45:58,saldo,,89,121,BZ035284
6693,2016-06-29,06:39:53,lista_movimenti,,862,104,Do126968
6694,2026-05-09,09:59:18,deposito,35.32,918,97,nV284576
6695,2014-01-20,02:06:26,prelievo,132.08,966,88,ES861072
6696,2025-08-10,16:09:40,prelievo,33.19,861,192,vn247656
6697,2019-07-03,00:38:46,saldo,,569,162,Xg998985
6698,2023-06-29,18:06:59,deposito,129.35,749,119,Nd582827
6699,2023-06-27,23:27:52,deposito,87.68,1089,17,Dz107972
6700,2024-09-11,07:15:15,deposito,149.26,447,252,uX775554
6701,2013-11-29,19:45:44,prelievo,93.28,324,217,tN450687
6702,2025-08-14,07:52:54,prelievo,18.47,455,163,Wc183299
6703,2024-04-07,09:40:45,deposito,103.44,1146,1,iW785381
6704,2024-03-28,05:07:18,prelievo,92.74,290,11,Wx718192
6705,2023-10-01,09:56:37,deposito,49.48,366,16,Ux779634
6706,2025-07-01,18:52:03,deposito,109.05,1165,37,bu038748
6707,2019-12-07,05:28:51,prelievo,88.11,428,34,Mh809725
6708,2025-11-25,20:09:25,deposito,41.96,344,7,PC403663
6709,2023-08-10,02:30:15,prelievo,43.67,923,290,Io874310
6710,2023-02-03,10:36:48,saldo,,26,39,ki043598
6711,2024-05-04,17:26:36,saldo,,398,280,yz311053
6712,2026-04-13,02:11:53,deposito,75.35,1116,73,mg882652
6713,2021-11-24,22:57:04,deposito,192.0,971,127,Nm431440
6714,2025-06-27,09:47:30,prelievo,189.78,242,247,kH373446
6715,2014-11-18,15:15:41,deposito,62.04,712,14,tv905159
6716,2019-07-21,07:55:42,lista_movimenti,,922,3,wi094558
6717,2021-10-01,05:02:59,deposito,70.98,1029,119,mt182957
6718,2015-03-05,15:05:56,lista_movimenti,,303,140,jL996308
6719,2023-09-07,12:14:05,saldo,,869,254,Uq601587
6720,2025-06-04,05:49:30,prelievo,187.85,816,156,Pv978155
6721,2022-05-24,08:51:56,prelievo,113.44,244,57,Fu568851
6722,2025-07-14,11:20:36,saldo,,588,209,GW723676
6723,2023-11-01,23:20:21,prelievo,192.43,820,48,Ll846227
6724,2019-03-27,08:08:26,deposito,60.57,720,168,Ck708951
6725,2017-01-07,19:51:17,lista_movimenti,,28,42,ja601436
6726,2017-11-15,09:39:18,deposito,98.09,1197,151,Gl263960
6727,2023-05-27,17:14:42,prelievo,51.47,753,227,xI712968
6728,2020-12-10,03:51:48,prelievo,10.67,855,209,tP142303
6729,2011-10-04,05:11:04,prelievo,101.18,469,225,WM351496
6730,2022-06-05,09:21:37,deposito,91.31,208,99,jL779780
6731,2025-08-08,01:32:54,prelievo,194.44,402,95,kC493574
6732,2026-01-03,18:00:24,deposito,166.23,95,88,qs076709
6733,2024-03-14,13:14:55,prelievo,137.43,502,248,aT559634
6734,2025-11-28,17:58:55,deposito,78.53,241,108,tk953031
6735,2024-12-04,02:57:54,deposito,99.81,822,198,uJ519016
6736,2022-07-23,05:40:40,deposito,148.84,331,258,Yr503074
6737,2025-05-03,16:17:06,saldo,,681,46,Lg023896
6738,2014-12-20,17:04:05,prelievo,70.55,58,240,wy047261
6739,2019-03-06,10:13:22,prelievo,118.93,120,187,Ee450079
6740,2018-12-08,06:55:59,saldo,,829,28,jU828444
6741,2026-03-12,08:33:49,lista_movimenti,,209,260,mE300044
6742,2024-03-22,18:10:16,prelievo,118.85,487,210,NS535369
6743,2023-02-15,12:39:18,prelievo,195.72,834,190,Jn875792
6744,2022-06-02,20:49:58,deposito,31.5,223,213,KC959413
6745,2022-03-26,01:02:10,deposito,182.69,602,167,gf933360
6746,2021-08-25,19:05:46,deposito,174.9,455,234,Wc183299
6747,2026-03-25,03:42:17,prelievo,137.06,606,106,oP962982
6748,2023-05-16,08:13:18,deposito,103.97,567,38,nW478567
6749,2021-07-10,07:25:07,prelievo,58.43,805,114,YL880408
6750,2021-07-13,19:45:57,deposito,58.58,866,13,Vx711810
6751,2025-07-07,07:17:14,prelievo,125.24,747,150,FG019868
6752,2025-03-16,23:19:01,prelievo,178.51,107,10,ig289585
6753,2021-06-30,16:25:44,deposito,79.22,608,210,FE634864
6754,2026-01-12,20:42:37,lista_movimenti,,815,147,fS722070
6755,2025-05-31,21:11:34,deposito,99.49,686,287,tL382748
6756,2025-04-19,17:46:09,saldo,,665,197,kb286657
6757,2025-06-27,16:01:13,lista_movimenti,,207,65,tV995837
6758,2026-01-31,11:09:03,prelievo,159.33,820,115,Ll846227
6759,2023-02-27,10:12:21,deposito,105.5,96,78,WN062639
6760,2019-02-22,16:10:17,prelievo,90.59,709,75,Fq907553
6761,2022-01-12,09:37:16,prelievo,130.98,173,34,he314403
6762,2025-08-08,14:40:59,deposito,60.79,365,235,ef245200
6763,2025-11-23,00:37:42,saldo,,813,235,IX168639
6764,2025-07-21,20:24:58,prelievo,54.21,302,37,FS475878
6765,2020-06-25,04:13:52,deposito,172.13,11,157,KG745447
6766,2018-12-07,19:48:46,deposito,24.14,722,12,SL697117
6767,2025-04-22,20:37:02,prelievo,61.71,1086,136,RP154564
6768,2012-08-03,03:31:49,deposito,182.89,256,271,RY237051
6769,2016-10-25,22:53:26,deposito,69.6,1011,272,kj751268
6770,2023-09-20,06:23:44,deposito,191.3,351,48,PM719076
6771,2018-02-01,14:34:10,deposito,76.43,72,244,Sq657271
6772,2014-12-31,03:01:15,deposito,95.55,598,271,AC330306
6773,2025-03-29,23:10:10,prelievo,166.96,192,272,pj805928
6774,2021-03-14,17:23:04,prelievo,92.35,743,158,Iq680726
6775,2024-01-03,16:36:55,prelievo,36.56,122,54,hF448006
6776,2024-02-11,19:45:08,prelievo,37.45,849,198,sy775844
6777,2025-03-09,17:02:47,lista_movimenti,,822,43,uJ519016
6778,2021-10-16,13:44:17,prelievo,177.22,962,125,of225929
6779,2018-09-01,18:46:29,deposito,72.54,357,208,wa254369
6780,2016-08-16,09:33:21,deposito,161.11,1200,76,sg130318
6781,2020-06-04,00:40:36,deposito,159.19,423,239,mR964665
6782,2022-05-17,20:16:50,lista_movimenti,,305,298,Bn256975
6783,2025-10-17,20:02:57,prelievo,35.62,111,247,ie259563
6784,2025-01-10,12:34:38,prelievo,177.37,796,150,fP140046
6785,2024-11-14,20:47:10,prelievo,67.47,1084,158,wM087977
6786,2026-02-22,09:38:35,deposito,75.72,994,143,xP651802
6787,2026-03-30,23:23:08,deposito,113.91,358,213,mU852761
6788,2021-09-17,06:29:38,deposito,149.82,1083,192,Ic271140
6789,2016-06-08,09:11:36,prelievo,196.85,737,229,SF325425
6790,2025-06-05,02:43:27,prelievo,151.63,767,150,Zy871123
6791,2021-04-13,17:08:14,deposito,156.6,244,187,Fu568851
6792,2023-10-30,23:16:49,deposito,99.98,302,51,FS475878
6793,2024-11-19,11:31:24,lista_movimenti,,547,19,ax808967
6794,2020-05-15,05:51:09,saldo,,491,100,aU264587
6795,2025-08-29,03:08:46,prelievo,64.86,1157,72,Sn660534
6796,2025-08-03,04:13:23,saldo,,685,95,zV186944
6797,2025-10-17,13:57:29,saldo,,792,45,Wd120932
6798,2026-03-07,03:54:53,prelievo,126.17,142,159,Zp331630
6799,2024-06-23,03:45:47,lista_movimenti,,387,139,Lr494654
6800,2025-09-22,19:01:39,deposito,15.5,524,105,ya473582
6801,2026-01-10,00:56:44,deposito,18.92,762,281,gs248964
6802,2022-12-05,22:57:47,deposito,62.99,1188,204,Wy463276
6803,2026-04-14,16:42:26,deposito,107.5,1196,115,Lc310885
6804,2024-12-13,12:35:46,deposito,27.89,235,14,rG927062
6805,2012-03-02,22:47:26,prelievo,110.63,1063,235,ml256657
6806,2024-01-20,15:43:55,deposito,53.62,899,161,vh211869
6807,2024-01-05,20:04:05,prelievo,24.51,1158,291,DB955466
6808,2022-05-29,22:58:54,lista_movimenti,,1032,122,tF004375
6809,2025-04-18,06:22:30,saldo,,1105,269,GC955349
6810,2022-08-12,09:01:08,prelievo,118.07,189,184,NM636869
6811,2024-07-03,22:26:12,lista_movimenti,,667,209,Un523687
6812,2025-03-09,13:37:59,prelievo,61.69,572,75,Ek871018
6813,2025-07-16,01:35:18,deposito,168.35,430,136,No937039
6814,2022-09-23,07:29:30,prelievo,74.94,600,46,ax385606
6815,2023-08-01,20:02:25,deposito,22.13,166,290,tn798770
6816,2019-04-15,13:47:41,prelievo,49.11,766,182,mz076429
6817,2024-07-11,20:58:46,saldo,,554,116,wi212958
6818,2019-09-26,04:35:08,prelievo,62.59,536,223,Dv935647
6819,2018-11-30,16:16:30,deposito,22.69,261,66,Cr073637
6820,2023-11-06,10:03:50,prelievo,147.54,698,205,ML590757
6821,2025-05-04,22:21:22,lista_movimenti,,268,146,QY333112
6822,2026-05-12,15:59:28,deposito,130.49,52,268,ao504679
6823,2022-06-17,16:16:49,deposito,43.7,1111,58,Ua519335
6824,2017-08-31,12:20:18,deposito,191.77,1112,210,He343714
6825,2021-10-01,14:49:35,prelievo,23.23,388,72,yn465482
6826,2021-03-11,00:28:21,lista_movimenti,,1074,255,Sc154818
6827,2023-09-20,20:47:00,deposito,36.09,15,198,jB657538
6828,2022-07-28,17:18:19,lista_movimenti,,1174,116,nN756162
6829,2021-05-30,06:22:57,deposito,37.43,186,205,YO863486
6830,2024-10-01,16:04:17,saldo,,665,18,kb286657
6831,2026-01-03,03:48:17,deposito,189.09,798,161,nv114486
6832,2020-02-03,11:16:06,deposito,72.54,315,228,LL409499
6833,2025-12-24,16:17:50,saldo,,447,259,uX775554
6834,2019-02-05,06:02:47,prelievo,184.07,1130,33,yw999567
6835,2024-11-21,17:10:45,prelievo,175.7,762,268,gs248964
6836,2018-08-13,10:54:26,deposito,145.87,419,217,Dg673357
6837,2025-05-07,13:23:13,saldo,,360,218,kc955766
6838,2025-05-16,05:06:17,prelievo,19.16,770,99,th041409
6839,2026-02-26,11:19:19,prelievo,32.1,1048,95,kW936808
6840,2025-06-08,14:08:20,deposito,59.6,868,176,xp147975
6841,2021-11-03,02:14:46,deposito,101.14,693,273,SV695472
6842,2016-10-12,01:15:33,prelievo,24.75,476,76,Qp302990
6843,2026-01-16,14:45:33,deposito,45.76,1031,75,dv995602
6844,2017-04-11,20:38:19,lista_movimenti,,980,116,zI224770
6845,2020-09-11,15:38:55,prelievo,98.65,748,172,DB529952
6846,2023-09-07,10:11:18,prelievo,83.68,359,234,kD916717
6847,2024-04-15,02:49:35,saldo,,313,159,Kq913660
6848,2021-08-22,02:12:07,lista_movimenti,,1051,140,YN429079
6849,2023-03-01,02:34:36,lista_movimenti,,4,190,MO361219
6850,2022-06-09,19:01:42,deposito,15.81,590,18,yb347850
6851,2016-01-06,03:47:27,prelievo,180.83,247,72,wz717652
6852,2019-11-06,17:44:04,prelievo,78.65,1009,86,ho830970
6853,2025-01-26,22:00:15,deposito,51.09,852,218,gB355956
6854,2024-08-21,01:35:54,prelievo,45.11,572,70,Ek871018
6855,2020-10-18,16:51:17,deposito,189.27,293,144,js239010
6856,2025-01-08,04:05:03,deposito,142.39,298,142,qx970106
6857,2017-11-18,14:21:58,lista_movimenti,,912,102,PP822890
6858,2023-11-19,20:50:05,prelievo,114.31,639,1,jy431161
6859,2025-09-13,12:51:12,deposito,117.68,587,175,Me267156
6860,2024-05-21,18:27:31,saldo,,321,156,Np409420
6861,2024-09-09,06:00:56,saldo,,827,160,FF677474
6862,2021-01-31,15:40:43,saldo,,1175,209,eK966435
6863,2017-10-06,22:10:14,prelievo,83.2,929,187,fn154182
6864,2023-11-21,11:27:00,deposito,196.69,83,60,rI266900
6865,2022-11-07,00:53:38,deposito,12.76,462,100,LB623230
6866,2020-03-18,18:42:19,saldo,,920,227,OI004683
6867,2014-03-18,12:52:19,prelievo,71.27,492,252,Db015283
6868,2025-11-19,15:03:19,prelievo,167.21,330,25,vB730025
6869,2025-09-17,04:14:22,deposito,29.21,342,237,NC797332
6870,2025-11-21,14:51:18,deposito,53.36,605,116,xl475440
6871,2022-01-20,16:48:06,saldo,,946,126,EV203115
6872,2018-10-19,01:52:43,deposito,161.24,517,66,aJ952726
6873,2022-08-15,05:11:18,prelievo,86.13,1136,37,ei795202
6874,2019-01-05,17:33:13,prelievo,195.95,1131,152,HE763262
6875,2026-02-03,07:30:42,prelievo,167.16,233,114,Yg954846
6876,2021-04-18,13:43:55,prelievo,154.41,129,154,Uo887356
6877,2020-07-20,11:34:14,saldo,,419,140,Dg673357
6878,2023-12-04,15:46:20,prelievo,46.89,496,273,mj431401
6879,2022-07-24,12:25:08,prelievo,173.85,586,181,HB012003
6880,2024-09-10,07:36:31,prelievo,199.75,817,131,Or478011
6881,2025-06-20,07:14:06,lista_movimenti,,159,141,ZZ571433
6882,2026-01-14,17:13:57,deposito,124.19,1191,145,zh260869
6883,2023-03-29,16:07:07,prelievo,120.47,893,16,Hk597267
6884,2021-03-10,11:47:22,deposito,170.31,305,188,Bn256975
6885,2019-11-24,16:23:15,deposito,37.74,864,133,PO015467
6886,2025-11-26,06:01:35,saldo,,681,49,Lg023896
6887,2019-09-11,08:01:53,prelievo,198.92,51,229,Lq932284
6888,2017-01-05,23:30:24,prelievo,88.26,1162,280,Qo689553
6889,2024-12-23,20:40:39,deposito,87.1,671,177,TQ799482
6890,2022-08-27,12:32:12,deposito,25.23,1172,150,Du611291
6891,2025-11-06,02:55:47,saldo,,227,294,jl028502
6892,2017-10-28,23:20:18,deposito,102.54,427,258,rR690371
6893,2024-01-17,02:55:18,prelievo,72.81,1019,72,hX191650
6894,2018-09-14,08:13:31,deposito,77.95,732,99,pY825420
6895,2024-07-05,16:17:26,prelievo,181.4,1122,103,ua979952
6896,2025-12-27,16:23:32,prelievo,47.58,944,164,li937953
6897,2025-06-07,16:48:25,saldo,,1103,79,UV909989
6898,2017-07-16,12:28:07,lista_movimenti,,303,178,jL996308
6899,2024-07-08,20:10:17,saldo,,1195,143,Cc879609
6900,2017-01-30,13:22:25,deposito,95.55,1021,179,FN134404
6901,2024-04-18,20:19:03,deposito,195.15,566,287,hE742294
6902,2023-12-27,17:38:37,lista_movimenti,,749,140,Nd582827
6903,2025-05-23,21:45:48,lista_movimenti,,548,222,Dk622946
6904,2018-12-01,11:53:56,deposito,192.15,847,232,RE367652
6905,2019-05-06,16:11:57,saldo,,537,79,my407161
6906,2025-05-09,14:21:46,lista_movimenti,,587,159,Me267156
6907,2023-06-01,06:31:07,deposito,179.14,488,243,zd589532
6908,2023-07-21,02:00:37,deposito,167.07,1106,247,yg261697
6909,2023-07-25,08:41:29,saldo,,1019,211,hX191650
6910,2026-02-24,09:25:48,deposito,160.07,1101,221,dm931013
6911,2017-10-31,23:11:21,saldo,,305,33,Bn256975
6912,2017-12-14,15:39:08,prelievo,150.73,227,76,jl028502
6913,2025-06-26,06:38:31,deposito,160.19,971,87,Nm431440
6914,2019-11-19,20:23:56,prelievo,76.81,256,108,RY237051
6915,2026-02-03,00:22:01,lista_movimenti,,1058,124,yi644979
6916,2024-02-28,18:55:57,deposito,106.06,39,83,no127180
6917,2026-04-20,23:44:43,deposito,109.21,971,195,Nm431440
6918,2025-08-08,07:10:02,deposito,48.05,1097,136,uq260383
6919,2023-08-30,20:21:10,prelievo,45.69,164,14,OV475251
6920,2023-10-30,07:44:24,deposito,146.43,959,81,Hy807354
6921,2024-01-03,07:33:09,prelievo,43.13,154,159,CX234092
6922,2023-06-18,08:47:40,saldo,,1027,151,Fp705263
6923,2023-08-26,06:30:32,lista_movimenti,,368,222,hD686501
6924,2020-12-03,00:23:22,saldo,,1114,52,Si374605
6925,2026-02-04,04:05:58,lista_movimenti,,490,255,AA132680
6926,2025-03-19,20:21:10,deposito,182.39,1027,5,Fp705263
6927,2021-01-18,15:33:05,prelievo,140.11,228,123,mp276755
6928,2023-09-02,14:23:30,saldo,,42,286,qK999153
6929,2020-08-21,10:11:59,prelievo,107.82,1144,285,vg612522
6930,2026-04-15,13:54:09,prelievo,39.71,306,95,nN959712
6931,2018-01-06,02:15:45,prelievo,149.01,1059,73,Cr820090
6932,2025-07-08,13:35:12,prelievo,122.89,411,139,PF743607
6933,2026-05-11,07:41:12,prelievo,44.16,1085,166,qj150655
6934,2021-01-02,15:15:22,prelievo,62.08,67,173,Yp484566
6935,2024-05-21,00:44:18,prelievo,18.19,326,180,ML567127
6936,2022-07-28,09:33:53,saldo,,313,283,Kq913660
6937,2025-04-02,15:25:05,saldo,,762,42,gs248964
6938,2022-01-01,10:28:56,deposito,108.68,704,53,LY958187
6939,2022-10-08,11:59:39,deposito,97.2,1011,72,kj751268
6940,2017-10-12,11:14:37,deposito,15.42,488,184,zd589532
6941,2024-05-20,04:11:49,saldo,,854,42,My114455
6942,2015-11-05,07:02:09,prelievo,185.46,1162,6,Qo689553
6943,2023-11-02,06:20:12,deposito,125.15,15,94,jB657538
6944,2020-12-18,22:09:39,lista_movimenti,,74,291,af822300
6945,2025-10-14,12:15:59,deposito,197.4,748,11,DB529952
6946,2020-04-07,22:54:24,prelievo,37.08,1131,6,HE763262
6947,2020-07-27,04:19:05,deposito,157.49,684,214,yb536196
6948,2024-09-16,18:37:28,deposito,37.48,214,231,fO616493
6949,2022-06-29,12:34:04,lista_movimenti,,932,216,NI768742
6950,2015-07-30,05:38:00,prelievo,82.41,966,34,ES861072
6951,2024-04-24,12:19:18,saldo,,816,20,Pv978155
6952,2023-10-14,14:48:37,deposito,164.38,209,151,mE300044
6953,2022-05-09,13:09:25,deposito,100.95,741,202,Jx955965
6954,2024-08-03,17:29:00,prelievo,89.92,304,52,TN543457
6955,2025-03-21,09:29:35,prelievo,173.28,1127,262,Js852008
6956,2021-08-04,20:42:02,deposito,141.81,493,60,cA080952
6957,2025-08-31,17:06:08,deposito,36.51,676,199,aY201522
6958,2023-11-24,10:14:57,saldo,,51,251,Lq932284
6959,2023-06-13,05:33:30,prelievo,171.92,404,68,ak093372
6960,2018-10-29,15:02:59,lista_movimenti,,1167,280,YV046967
6961,2016-09-04,04:48:48,prelievo,64.67,987,175,SU749508
6962,2025-09-08,18:19:52,prelievo,120.22,764,209,mq975973
6963,2020-01-06,07:15:17,deposito,20.24,801,226,zx581123
6964,2025-10-13,09:45:30,saldo,,822,161,uJ519016
6965,2024-08-16,22:19:43,lista_movimenti,,1086,140,RP154564
6966,2012-06-22,06:28:31,deposito,72.85,659,127,pS222156
6967,2015-03-11,15:42:27,deposito,177.83,722,277,SL697117
6968,2024-01-26,02:10:36,prelievo,152.51,631,223,rU109008
6969,2024-10-14,02:28:22,saldo,,950,43,DV098714
6970,2016-08-13,08:20:41,deposito,80.01,400,73,bc820268
6971,2020-12-29,11:23:02,deposito,188.89,533,186,yd344027
6972,2025-03-03,19:30:53,deposito,59.41,575,27,cX077975
6973,2019-11-22,14:13:28,saldo,,1132,169,wq263671
6974,2019-10-16,07:08:30,lista_movimenti,,724,71,Ve878154
6975,2025-05-28,19:41:03,deposito,72.72,242,227,kH373446
6976,2014-12-04,17:10:30,saldo,,937,288,ig517122
6977,2018-01-23,20:05:01,lista_movimenti,,895,126,Jj492450
6978,2023-06-12,04:23:31,prelievo,152.8,920,36,OI004683
6979,2021-06-19,07:07:27,deposito,57.16,167,300,gG114765
6980,2019-03-11,13:10:06,deposito,55.17,1145,229,ff119460
6981,2017-04-15,06:13:03,deposito,40.01,347,28,oR911147
6982,2024-10-01,15:05:43,lista_movimenti,,34,195,DK876695
6983,2018-10-28,19:53:39,prelievo,27.74,1159,281,LT975737
6984,2026-01-16,13:49:51,prelievo,104.97,369,148,RR124856
6985,2025-07-03,13:08:45,prelievo,36.43,637,86,Hk718737
6986,2024-11-12,13:56:41,prelievo,176.08,114,201,Xr318688
6987,2025-12-07,06:25:40,deposito,172.2,233,126,Yg954846
6988,2025-07-02,12:17:03,prelievo,100.12,385,103,UK443397
6989,2018-12-02,19:39:58,prelievo,38.15,75,90,KG028766
6990,2025-03-18,10:26:36,saldo,,808,141,hm879937
6991,2025-05-18,12:52:38,prelievo,189.71,944,284,li937953
6992,2016-04-17,00:28:44,lista_movimenti,,995,67,Ht135218
6993,2019-04-30,22:29:12,prelievo,111.36,167,290,gG114765
6994,2022-03-02,19:20:52,prelievo,18.33,298,270,qx970106
6995,2023-03-27,23:39:36,deposito,55.51,189,11,NM636869
6996,2024-06-26,14:59:56,lista_movimenti,,1057,259,CP061307
6997,2024-07-17,09:02:23,deposito,93.71,658,256,FE893788
6998,2025-05-01,07:07:09,prelievo,26.97,160,256,kS794698
6999,2021-02-15,08:39:09,lista_movimenti,,819,162,Mx179729
7000,2024-08-13,12:55:49,lista_movimenti,,1141,149,zj023797
7001,2025-01-25,06:03:17,prelievo,132.37,87,47,jy557244
7002,2025-10-13,03:12:57,deposito,163.87,17,266,xk238573
7003,2023-04-28,07:23:52,deposito,143.98,1089,266,Dz107972
7004,2025-11-22,17:18:18,saldo,,478,33,Tq800248
7005,2019-01-21,03:27:49,deposito,91.91,48,187,cd763882
7006,2019-04-11,09:47:10,deposito,32.21,132,141,pm475372
7007,2025-02-07,21:41:28,deposito,120.86,510,299,RB463373
7008,2025-11-25,05:45:16,lista_movimenti,,111,299,ie259563
7009,2022-08-09,18:09:23,deposito,114.48,554,26,wi212958
7010,2018-07-19,16:17:37,deposito,87.9,716,200,BH118138
7011,2016-07-06,09:03:36,prelievo,32.39,694,162,gn819449
7012,2023-06-24,06:36:09,prelievo,25.74,129,115,Uo887356
7013,2022-11-09,05:10:06,prelievo,110.78,925,115,fd940196
7014,2019-10-22,13:17:39,lista_movimenti,,624,188,Fh485201
7015,2021-01-24,01:35:24,deposito,103.71,881,171,qB159907
7016,2026-05-02,22:53:24,prelievo,192.27,591,269,lP220259
7017,2025-10-08,22:32:05,lista_movimenti,,67,234,Yp484566
7018,2025-09-24,04:00:33,prelievo,148.54,842,235,IK256002
7019,2025-04-22,10:33:39,deposito,112.72,306,134,nN959712
7020,2026-03-27,01:37:28,deposito,45.4,993,10,XY407086
7021,2025-02-18,11:28:49,prelievo,54.88,867,225,Ws149781
7022,2021-02-09,01:32:38,saldo,,201,9,aJ017990
7023,2025-06-01,23:55:11,deposito,37.75,772,5,yu036854
7024,2022-07-14,21:07:11,prelievo,183.43,186,194,YO863486
7025,2022-03-15,18:52:17,prelievo,161.94,262,34,uI667069
7026,2024-04-30,11:58:06,prelievo,125.31,160,119,kS794698
7027,2026-03-25,13:02:45,lista_movimenti,,771,45,UC279512
7028,2021-12-10,21:52:27,prelievo,168.14,337,128,IK746274
7029,2023-03-28,15:16:30,prelievo,124.71,336,166,Tq273933
7030,2026-01-13,22:33:54,deposito,171.44,1094,238,Ao496677
7031,2019-10-10,19:11:32,lista_movimenti,,953,139,bj490623
7032,2013-07-22,10:58:16,deposito,76.09,213,26,kH402165
7033,2019-10-03,03:11:39,prelievo,188.2,58,42,wy047261
7034,2017-12-16,09:12:35,deposito,188.75,1160,200,dn706343
7035,2022-01-28,01:24:41,prelievo,106.82,68,116,xO594286
7036,2020-07-13,13:50:39,prelievo,63.3,634,112,ip982341
7037,2024-05-21,03:49:13,prelievo,45.26,1181,133,IW372126
7038,2016-01-26,21:25:26,saldo,,406,190,Ie418523
7039,2020-02-21,13:37:20,prelievo,18.7,695,142,hL257603
7040,2018-04-18,16:58:37,deposito,54.67,853,43,bu549157
7041,2023-05-01,21:16:34,deposito,193.22,852,75,gB355956
7042,2018-10-03,14:40:19,deposito,167.9,828,164,nk028531
7043,2025-03-18,09:58:23,deposito,124.27,100,74,Pw470551
7044,2016-03-04,01:01:34,prelievo,197.68,441,248,Nu332959
7045,2025-12-30,01:07:40,deposito,48.38,809,121,zG413170
7046,2021-07-15,23:10:31,deposito,20.06,1098,108,dI033495
7047,2024-06-08,02:52:23,deposito,55.14,409,225,uk018796
7048,2026-01-30,16:06:08,prelievo,131.45,1067,181,yo900724
7049,2019-12-04,09:41:18,deposito,46.45,488,53,zd589532
7050,2018-01-08,19:40:52,saldo,,980,74,zI224770
7051,2026-03-19,01:48:44,saldo,,189,127,NM636869
7052,2023-08-06,08:02:21,prelievo,174.19,892,203,gt912771
7053,2023-10-20,22:33:01,deposito,40.18,290,264,Wx718192
7054,2019-11-30,05:35:14,deposito,183.68,150,156,vN665993
7055,2023-09-10,13:34:23,prelievo,119.04,323,261,kD420204
7056,2026-02-28,16:53:06,deposito,174.03,1148,92,zH881822
7057,2025-12-06,22:16:10,deposito,143.9,786,217,gi657254
7058,2018-12-12,02:07:49,deposito,48.1,270,123,Oy876662
7059,2022-12-30,09:38:41,deposito,178.81,1170,70,Db002824
7060,2020-11-13,22:40:13,lista_movimenti,,608,96,FE634864
7061,2020-02-09,07:41:14,prelievo,77.14,984,229,iR911000
7062,2025-09-22,10:39:13,prelievo,181.51,767,273,Zy871123
7063,2021-02-03,07:10:41,saldo,,645,89,Me943050
7064,2025-01-09,15:35:03,prelievo,50.64,388,239,yn465482
7065,2025-09-11,05:14:43,prelievo,27.41,865,85,Is436878
7066,2022-04-16,15:02:07,deposito,29.41,650,61,AL842856
7067,2016-02-21,14:37:09,prelievo,159.32,9,51,LA267757
7068,2025-06-08,16:18:46,prelievo,28.57,2,168,nO423589
7069,2018-08-18,05:32:05,prelievo,139.31,20,271,Il304858
7070,2024-12-21,08:09:29,deposito,158.14,1117,50,zy090818
7071,2022-06-20,06:37:46,lista_movimenti,,286,208,co112997
7072,2023-08-29,04:03:38,prelievo,47.68,261,199,Cr073637
7073,2021-10-24,00:06:51,deposito,172.12,1189,239,xu943121
7074,2015-04-13,12:38:33,deposito,86.33,1151,274,Cj237248
7075,2024-07-16,02:14:40,deposito,24.58,141,138,dG623498
7076,2024-12-29,21:56:10,deposito,64.0,681,218,Lg023896
7077,2022-09-29,17:04:15,prelievo,128.27,520,58,Ld675530
7078,2017-06-08,16:06:49,deposito,26.87,22,108,WV626101
7079,2025-07-02,15:25:46,lista_movimenti,,1166,67,PJ564718
7080,2023-01-02,14:24:57,prelievo,52.2,1197,228,Gl263960
7081,2020-01-29,15:38:12,lista_movimenti,,1130,31,yw999567
7082,2025-10-26,20:42:00,lista_movimenti,,75,248,KG028766
7083,2016-01-13,16:14:03,deposito,150.17,639,36,jy431161
7084,2023-07-17,07:08:58,deposito,198.72,180,28,xD625304
7085,2026-03-28,14:14:58,lista_movimenti,,469,117,WM351496
7086,2024-10-25,22:21:23,prelievo,59.23,108,271,qB429057
7087,2023-12-07,15:25:55,prelievo,170.14,760,177,ZI831615
7088,2023-02-09,02:52:29,prelievo,193.66,1023,132,yr247876
7089,2024-10-16,22:53:08,deposito,73.49,447,78,uX775554
7090,2023-01-02,12:54:21,prelievo,132.81,1146,24,iW785381
7091,2022-06-08,02:53:38,saldo,,469,171,WM351496
7092,2023-01-03,08:18:57,deposito,101.32,617,9,au473245
7093,2021-03-13,06:34:04,saldo,,181,43,Aq043915
7094,2019-03-10,05:57:34,lista_movimenti,,278,248,vv334835
7095,2024-07-20,06:47:12,deposito,67.21,35,193,cc360209
7096,2022-04-13,22:41:29,prelievo,64.98,26,240,ki043598
7097,2022-05-17,20:50:53,deposito,73.3,1074,202,Sc154818
7098,2025-02-17,09:34:31,lista_movimenti,,195,63,hd867819
7099,2026-03-18,11:01:54,saldo,,327,190,Gj834453
7100,2018-05-15,12:56:13,prelievo,189.02,389,33,lU144500
7101,2024-08-06,20:03:12,lista_movimenti,,558,134,gm972297
7102,2024-02-21,22:08:20,prelievo,124.49,68,107,xO594286
7103,2017-12-29,07:03:10,deposito,81.89,616,228,cG636261
7104,2024-04-26,18:51:06,prelievo,96.91,867,101,Ws149781
7105,2025-05-24,07:41:28,lista_movimenti,,29,48,cO966688
7106,2024-01-09,06:50:37,prelievo,191.29,364,270,Qt669114
7107,2023-08-26,08:23:38,lista_movimenti,,377,84,bz198798
7108,2025-07-26,23:38:24,lista_movimenti,,214,39,fO616493
7109,2026-03-25,08:45:38,prelievo,106.71,863,113,Pq996196
7110,2022-08-04,14:40:09,deposito,118.17,740,175,XL707137
7111,2025-11-11,20:25:23,prelievo,74.28,101,262,IN155148
7112,2016-12-19,22:14:46,prelievo,75.13,439,173,dh030688
7113,2024-04-24,12:48:02,deposito,139.02,524,255,ya473582
7114,2022-10-15,20:54:18,prelievo,84.95,1024,35,bi027633
7115,2025-02-07,22:57:38,deposito,62.58,512,94,Pq349201
7116,2020-10-31,11:06:12,deposito,98.67,969,278,YU658427
7117,2024-08-19,23:56:10,deposito,64.38,691,247,Pd126645
7118,2025-05-21,14:30:23,deposito,190.13,438,147,uG743017
7119,2025-09-24,01:27:12,deposito,111.37,302,234,FS475878
7120,2025-06-14,14:33:36,deposito,177.13,1005,30,QI527743
7121,2026-01-16,17:31:46,prelievo,179.34,266,239,SS418065
7122,2014-02-21,12:16:30,saldo,,341,102,kx027099
7123,2021-11-07,11:15:57,saldo,,598,259,AC330306
7124,2023-05-31,06:28:53,prelievo,58.45,1136,279,ei795202
7125,2019-10-30,22:31:28,deposito,10.55,387,214,Lr494654
7126,2025-04-07,19:52:33,deposito,144.76,1,246,Kr937521
7127,2023-05-17,02:08:57,deposito,151.26,513,258,eP594696
7128,2022-01-06,05:36:09,deposito,35.93,622,237,VV522018
7129,2016-01-20,18:23:33,prelievo,194.51,520,116,Ld675530
7130,2022-07-17,06:08:56,deposito,67.45,1189,152,xu943121
7131,2021-03-01,23:11:18,deposito,14.46,229,277,Of817113
7132,2025-03-24,19:13:58,prelievo,92.61,640,70,NG037912
7133,2023-06-19,06:59:02,prelievo,199.76,799,101,FE732602
7134,2024-10-22,19:06:54,saldo,,693,10,SV695472
7135,2024-07-12,09:14:01,prelievo,61.86,1198,110,aq051572
7136,2023-02-08,17:09:39,prelievo,148.64,976,77,Pq679811
7137,2025-05-12,06:49:20,deposito,110.72,967,75,tP509381
7138,2025-03-10,02:30:41,deposito,180.36,857,151,gC043514
7139,2022-01-08,14:25:53,prelievo,75.41,64,283,Hl268003
7140,2023-02-03,23:24:10,deposito,138.38,828,273,nk028531
7141,2015-04-29,14:43:54,deposito,126.93,297,207,jf983145
7142,2023-11-09,01:07:06,prelievo,132.94,748,21,DB529952
7143,2020-08-12,22:17:02,lista_movimenti,,106,117,QS406929
7144,2021-12-23,14:05:05,prelievo,59.35,637,262,Hk718737
7145,2013-06-20,00:04:35,prelievo,75.04,639,293,jy431161
7146,2023-04-14,18:57:53,prelievo,27.39,719,214,Ac326834
7147,2025-05-06,04:51:56,deposito,10.55,236,145,rb750507
7148,2025-10-04,19:16:40,prelievo,48.29,834,255,Jn875792
7149,2014-09-12,09:09:50,deposito,181.9,517,187,aJ952726
7150,2019-05-03,02:07:24,deposito,183.62,821,201,wo922446
7151,2025-07-20,04:42:33,saldo,,1016,52,zU498885
7152,2021-12-23,10:14:02,deposito,68.3,479,133,cy083645
7153,2023-08-29,18:06:38,deposito,70.53,1152,183,KC264572
7154,2025-12-11,20:07:27,saldo,,117,40,sM581489
7155,2019-08-06,05:05:05,deposito,100.39,77,221,Wu835472
7156,2020-03-18,05:14:41,prelievo,116.89,607,286,fu168619
7157,2020-01-25,10:19:32,deposito,149.31,387,143,Lr494654
7158,2018-01-17,07:01:20,prelievo,77.75,60,295,iI917706
7159,2025-03-17,01:26:34,prelievo,51.44,877,227,ns785532
7160,2025-12-03,07:31:55,deposito,101.87,224,78,OE411324
7161,2015-05-06,22:17:32,prelievo,46.35,8,206,mK552103
7162,2023-12-09,07:42:20,saldo,,348,74,qd961534
7163,2023-08-09,08:24:44,deposito,109.72,1154,278,OL183343
7164,2022-06-12,06:30:50,lista_movimenti,,944,254,li937953
7165,2020-02-22,18:17:21,lista_movimenti,,440,159,Ka451311
7166,2024-06-21,19:49:20,saldo,,1183,85,YZ657359
7167,2022-12-26,05:40:48,prelievo,112.85,563,38,RL118842
7168,2017-06-24,14:55:50,deposito,194.8,1192,198,JQ672056
7169,2024-12-18,03:30:28,deposito,139.02,1183,297,YZ657359
7170,2016-09-03,16:27:33,prelievo,84.62,254,235,Bg227391
7171,2026-01-22,17:29:11,deposito,110.32,960,206,oq084099
7172,2018-03-16,23:28:42,prelievo,35.59,339,290,vj794623
7173,2023-12-09,22:35:02,saldo,,555,183,Bc160849
7174,2012-12-15,00:13:05,prelievo,78.14,724,38,Ve878154
7175,2022-09-17,11:27:19,saldo,,208,71,jL779780
7176,2016-01-29,14:55:49,prelievo,196.14,983,13,ix440725
7177,2020-11-23,15:08:55,saldo,,358,211,mU852761
7178,2026-01-15,20:25:36,prelievo,70.06,1074,188,Sc154818
7179,2021-07-03,10:15:50,saldo,,173,126,he314403
7180,2022-04-07,03:29:43,prelievo,55.96,286,136,co112997
7181,2017-05-30,01:29:44,lista_movimenti,,1012,161,jM558274
7182,2021-11-27,10:15:59,prelievo,155.23,686,281,tL382748
7183,2022-08-04,19:09:19,saldo,,1195,272,Cc879609
7184,2013-06-30,06:31:21,saldo,,17,279,xk238573
7185,2017-07-28,05:00:37,prelievo,81.47,410,277,rH671688
7186,2024-06-23,09:36:32,prelievo,71.02,299,284,NS978939
7187,2025-11-30,05:37:23,deposito,72.26,725,184,Qs637803
7188,2025-04-02,03:02:59,deposito,113.06,353,239,OZ834844
7189,2024-04-26,08:04:42,prelievo,128.82,218,277,rA102623
7190,2025-11-20,17:51:46,prelievo,41.77,793,28,Rj696011
7191,2024-06-28,17:42:47,prelievo,75.72,161,118,Xa470418
7192,2025-04-17,22:59:07,prelievo,75.01,998,213,bI476030
7193,2025-07-29,11:30:56,deposito,112.16,715,287,EY159838
7194,2023-11-29,20:47:40,deposito,172.11,588,68,GW723676
7195,2020-03-10,03:52:11,deposito,45.38,257,3,Ak784097
7196,2024-08-28,00:23:04,deposito,122.25,530,193,th109211
7197,2025-06-20,07:23:25,deposito,13.06,874,296,vE764859
7198,2023-04-09,01:54:43,deposito,59.69,299,108,NS978939
7199,2017-09-22,09:37:37,deposito,35.68,28,271,ja601436
7200,2025-01-03,13:16:54,deposito,81.42,726,163,cf448188
7201,2025-06-23,01:41:54,deposito,19.0,1155,176,wh954331
7202,2015-06-11,16:31:15,prelievo,122.28,33,103,nP645601
7203,2022-07-03,16:19:33,deposito,101.03,817,205,Or478011
7204,2016-08-18,05:49:12,deposito,116.85,277,115,Ye945287
7205,2020-06-29,08:01:10,lista_movimenti,,274,183,rQ442213
7206,2022-02-06,00:08:03,saldo,,728,20,ni405247
7207,2024-09-18,01:05:48,deposito,78.33,748,226,DB529952
7208,2019-03-18,12:01:37,prelievo,87.84,1181,263,IW372126
7209,2018-11-07,21:21:11,prelievo,177.86,624,153,Fh485201
7210,2025-12-04,10:53:11,lista_movimenti,,685,278,zV186944
7211,2023-04-11,09:21:39,saldo,,304,25,TN543457
7212,2019-10-14,07:19:26,prelievo,108.83,87,117,jy557244
7213,2024-01-30,06:09:05,prelievo,103.39,564,239,jw059766
7214,2024-11-21,01:25:03,deposito,191.65,357,100,wa254369
7215,2019-02-01,23:52:40,prelievo,189.82,70,96,Bi629540
7216,2025-11-09,02:00:27,deposito,189.69,111,37,ie259563
7217,2021-01-08,04:35:15,lista_movimenti,,1189,250,xu943121
7218,2025-09-01,11:12:33,deposito,156.34,1156,265,CE752078
7219,2025-08-31,20:35:31,prelievo,41.78,174,119,aE852936
7220,2020-11-21,22:27:55,lista_movimenti,,650,122,AL842856
7221,2025-10-17,01:10:25,lista_movimenti,,747,9,FG019868
7222,2025-04-22,02:02:48,deposito,13.32,590,235,yb347850
7223,2025-09-06,21:56:54,prelievo,37.52,475,182,RA652206
7224,2024-01-16,02:17:56,deposito,84.09,724,50,Ve878154
7225,2025-02-01,12:06:05,prelievo,67.64,792,109,Wd120932
7226,2021-04-06,19:56:22,prelievo,75.81,817,164,Or478011
7227,2024-03-21,19:16:35,deposito,69.69,673,4,yu363595
7228,2022-01-03,23:30:01,saldo,,1159,89,LT975737
7229,2021-05-01,17:42:36,prelievo,187.71,180,202,xD625304
7230,2014-09-17,19:19:35,deposito,174.83,539,116,jt315874
7231,2018-03-30,18:13:35,lista_movimenti,,91,250,qw964992
7232,2024-08-22,12:01:11,deposito,114.98,1052,185,ib855608
7233,2022-04-27,09:05:03,prelievo,103.03,60,130,iI917706
7234,2025-08-26,02:12:56,deposito,95.77,719,128,Ac326834
7235,2022-12-01,23:50:04,prelievo,154.26,115,158,Wt107337
7236,2021-10-06,09:45:20,prelievo,119.91,39,277,no127180
7237,2021-07-24,21:16:29,deposito,96.86,989,171,kW532191
7238,2025-06-25,10:44:25,prelievo,101.13,323,142,kD420204
7239,2015-04-19,09:48:43,saldo,,895,20,Jj492450
7240,2023-12-02,15:26:57,deposito,74.9,969,175,YU658427
7241,2024-09-01,05:25:38,deposito,67.71,31,155,ff382517
7242,2022-07-05,08:26:03,deposito,26.16,309,143,AY709126
7243,2025-09-20,08:21:54,prelievo,193.33,142,191,Zp331630
7244,2025-09-03,02:34:14,prelievo,68.75,337,2,IK746274
7245,2020-11-22,06:08:21,saldo,,1100,244,gI125795
7246,2022-10-22,22:49:23,lista_movimenti,,322,211,lZ947762
7247,2022-02-25,03:59:59,prelievo,40.14,1077,202,mK469864
7248,2019-06-29,18:36:22,prelievo,174.42,557,229,pj936322
7249,2013-02-21,12:24:49,prelievo,23.72,951,208,pr814805
7250,2025-04-24,12:27:58,deposito,185.53,298,78,qx970106
7251,2022-07-13,05:11:51,saldo,,189,44,NM636869
7252,2022-08-27,08:44:21,deposito,99.8,322,28,lZ947762
7253,2025-01-22,12:06:22,prelievo,80.26,998,234,bI476030
7254,2026-02-19,08:01:21,deposito,134.85,21,211,Ct779098
7255,2023-01-18,17:45:23,deposito,43.35,1155,45,wh954331
7256,2024-12-15,17:40:25,deposito,159.8,880,187,Go167809
7257,2023-03-07,08:15:23,prelievo,174.65,808,297,hm879937
7258,2025-08-01,00:05:08,deposito,25.19,986,146,tr946002
7259,2022-09-20,05:44:05,prelievo,53.15,68,281,xO594286
7260,2020-10-29,03:52:00,prelievo,45.49,91,47,qw964992
7261,2025-03-21,02:05:24,saldo,,187,236,Me898429
7262,2025-01-10,06:34:51,deposito,45.12,756,173,hD596588
7263,2021-02-23,03:19:35,deposito,125.99,253,66,uM884186
7264,2025-06-29,05:41:45,deposito,120.33,129,95,Uo887356
7265,2025-06-08,10:45:39,prelievo,155.73,446,18,Qu176456
7266,2016-02-12,12:16:30,prelievo,27.02,1022,80,mr309085
7267,2019-04-21,11:05:24,deposito,122.69,627,148,IQ700373
7268,2025-05-08,10:01:12,prelievo,195.51,791,186,GG394977
7269,2020-11-23,22:21:49,saldo,,223,233,KC959413
7270,2020-10-01,08:50:15,deposito,192.7,596,221,jh334227
7271,2023-03-01,02:46:10,deposito,130.87,825,221,DJ671866
7272,2024-07-11,14:12:05,lista_movimenti,,917,297,Wi768100
7273,2018-04-14,00:19:50,deposito,169.17,75,33,KG028766
7274,2023-09-02,15:31:48,prelievo,195.99,309,147,AY709126
7275,2022-06-04,05:22:22,deposito,156.38,1083,81,Ic271140
7276,2019-08-29,12:11:48,prelievo,38.25,1166,2,PJ564718
7277,2025-01-29,07:48:06,prelievo,59.31,880,77,Go167809
7278,2015-07-26,21:32:44,prelievo,53.27,1162,290,Qo689553
7279,2024-05-31,22:20:16,prelievo,86.66,1166,218,PJ564718
7280,2025-11-26,14:12:19,prelievo,114.08,14,262,zl386815
7281,2023-12-10,16:08:49,prelievo,164.95,809,37,zG413170
7282,2025-08-06,12:23:06,lista_movimenti,,1074,100,Sc154818
7283,2024-09-10,04:22:06,deposito,185.53,419,72,Dg673357
7284,2023-10-03,23:29:50,deposito,66.38,407,23,ou846051
7285,2021-02-10,00:42:01,deposito,156.1,292,83,Ar792575
7286,2020-11-12,08:34:45,lista_movimenti,,611,177,yp557604
7287,2017-04-23,21:41:12,lista_movimenti,,213,159,kH402165
7288,2016-11-27,13:36:44,prelievo,26.59,250,225,BA681787
7289,2025-06-27,00:04:19,lista_movimenti,,1093,212,VW521589
7290,2021-10-05,03:10:36,prelievo,79.37,445,15,tW445386
7291,2025-04-27,10:56:52,deposito,30.4,57,82,pR306488
7292,2020-01-22,23:27:36,prelievo,94.25,1067,174,yo900724
7293,2022-09-01,13:51:52,deposito,50.6,479,267,cy083645
7294,2025-09-16,08:51:13,lista_movimenti,,62,90,OQ882200
7295,2025-05-14,21:38:31,deposito,86.61,1020,131,PZ465362
7296,2022-12-18,23:48:28,saldo,,660,219,jY201836
7297,2022-11-13,04:30:41,lista_movimenti,,1054,154,Xl943099
7298,2023-10-22,17:19:20,deposito,21.6,175,265,LD982891
7299,2026-02-02,16:42:44,lista_movimenti,,1122,141,ua979952
7300,2023-12-11,23:39:57,saldo,,327,147,Gj834453
7301,2019-08-19,02:23:29,lista_movimenti,,531,249,jt809431
7302,2025-09-05,16:42:15,prelievo,28.53,771,16,UC279512
7303,2019-09-09,08:22:17,prelievo,85.28,406,164,Ie418523
7304,2019-02-15,21:17:25,lista_movimenti,,200,3,fP767727
7305,2018-07-14,17:19:16,saldo,,689,208,QV748078
7306,2020-12-31,05:20:25,lista_movimenti,,1192,94,JQ672056
7307,2020-03-12,08:40:02,deposito,157.15,853,65,bu549157
7308,2016-01-04,07:20:32,deposito,187.55,864,170,PO015467
7309,2021-05-01,20:44:49,prelievo,55.08,1131,216,HE763262
7310,2024-07-20,08:16:10,prelievo,173.24,596,253,jh334227
7311,2024-06-02,09:14:23,prelievo,52.46,773,22,xs062719
7312,2017-09-16,15:14:50,deposito,109.29,578,136,eg649602
7313,2026-01-20,15:38:01,lista_movimenti,,423,204,mR964665
7314,2019-05-18,15:54:12,lista_movimenti,,895,133,Jj492450
7315,2024-11-26,03:49:20,lista_movimenti,,323,3,kD420204
7316,2022-01-03,03:16:46,saldo,,598,96,AC330306
7317,2018-07-02,23:24:43,deposito,188.99,1121,213,Eu287784
7318,2020-01-11,01:17:16,prelievo,133.63,944,278,li937953
7319,2026-03-01,14:17:42,prelievo,70.29,26,4,ki043598
7320,2019-02-17,21:09:47,deposito,112.35,652,68,DG214189
7321,2021-10-24,12:06:12,deposito,109.39,809,38,zG413170
7322,2022-04-28,16:23:12,saldo,,843,236,ev147071
7323,2018-12-28,02:27:34,deposito,20.79,831,178,iz149965
7324,2023-11-19,02:53:13,prelievo,63.59,398,249,yz311053
7325,2019-11-03,10:32:14,deposito,171.59,491,143,aU264587
7326,2017-04-17,20:04:57,prelievo,60.82,645,115,Me943050
7327,2022-02-17,00:40:14,lista_movimenti,,255,204,xg784797
7328,2020-09-06,17:28:33,deposito,101.58,849,200,sy775844
7329,2016-10-21,04:30:53,deposito,141.29,250,16,BA681787
7330,2024-02-02,13:03:26,prelievo,17.78,861,88,vn247656
7331,2019-05-01,21:31:00,prelievo,115.93,716,240,BH118138
7332,2017-01-02,01:41:11,deposito,157.7,511,97,Rx296457
7333,2015-08-22,08:25:16,prelievo,25.03,70,293,Bi629540
7334,2025-10-14,01:41:15,deposito,162.5,111,100,ie259563
7335,2025-12-21,22:07:03,prelievo,80.74,1117,207,zy090818
7336,2024-10-30,23:15:51,deposito,96.71,744,77,WE256076
7337,2024-05-14,13:40:07,deposito,72.72,878,216,IC398346
7338,2024-08-27,17:19:00,deposito,189.09,328,258,TR808793
7339,2012-03-16,07:42:21,prelievo,146.85,1014,103,Kj409420
7340,2026-01-19,14:52:24,lista_movimenti,,159,220,ZZ571433
7341,2022-11-01,20:49:36,saldo,,114,153,Xr318688
7342,2024-06-15,04:22:34,prelievo,48.91,195,236,hd867819
7343,2023-07-17,09:34:34,deposito,56.84,66,138,NG470289
7344,2021-10-17,15:49:13,deposito,117.94,483,77,RF112903
7345,2022-03-19,05:06:59,prelievo,126.1,495,233,sn623722
7346,2018-07-27,10:43:59,deposito,194.33,193,140,sF138373
7347,2026-01-21,00:05:02,prelievo,127.72,532,108,yM087648
7348,2022-11-01,10:07:09,prelievo,138.81,1072,111,fX001016
7349,2016-12-08,19:07:51,prelievo,122.61,538,66,XN507608
7350,2022-10-10,06:03:57,prelievo,43.86,541,173,Lg922679
7351,2023-12-25,06:34:02,deposito,193.14,1199,211,fD200806
7352,2019-03-12,02:10:11,saldo,,255,272,xg784797
7353,2023-05-14,16:01:02,saldo,,917,154,Wi768100
7354,2021-07-03,13:20:25,deposito,21.19,491,69,aU264587
7355,2024-07-16,17:04:36,deposito,22.45,1118,93,WF512285
7356,2025-05-23,06:37:03,deposito,39.32,224,145,OE411324
7357,2016-03-11,21:11:00,prelievo,176.01,689,187,QV748078
7358,2025-12-10,04:47:01,saldo,,1067,44,yo900724
7359,2017-09-16,00:51:49,deposito,84.82,340,205,hg270945
7360,2017-08-06,06:17:25,prelievo,152.39,32,51,Ig173763
7361,2024-06-26,04:43:28,saldo,,203,188,xE705573
7362,2026-03-17,16:28:41,prelievo,43.27,117,18,sM581489
7363,2025-12-01,08:00:12,deposito,142.88,885,34,kD004578
7364,2022-02-20,17:03:30,prelievo,44.16,865,37,Is436878
7365,2021-06-29,01:10:44,saldo,,129,231,Uo887356
7366,2020-05-02,03:08:14,deposito,121.63,163,134,kF660628
7367,2025-12-07,20:35:01,prelievo,49.34,101,46,IN155148
7368,2023-02-08,11:54:40,lista_movimenti,,162,190,AU524344
7369,2019-08-01,19:45:35,deposito,88.74,803,88,bu243545
7370,2024-01-04,00:23:39,saldo,,207,86,tV995837
7371,2026-01-01,12:57:11,deposito,168.6,1130,64,yw999567
7372,2023-08-13,12:20:25,deposito,58.49,941,242,Zz733033
7373,2014-05-12,22:20:40,saldo,,465,147,bv415201
7374,2024-09-25,19:20:01,prelievo,38.73,771,62,UC279512
7375,2025-07-20,00:16:01,deposito,134.9,1058,164,yi644979
7376,2024-09-18,14:20:16,saldo,,593,98,SX211034
7377,2025-08-30,04:00:52,prelievo,163.03,646,117,Rp412918
7378,2024-11-30,05:54:48,deposito,108.48,1012,209,jM558274
7379,2022-12-26,21:56:02,lista_movimenti,,1116,151,mg882652
7380,2020-10-23,17:17:23,deposito,11.73,953,194,bj490623
7381,2023-07-31,02:29:44,deposito,118.03,286,9,co112997
7382,2020-12-22,14:00:58,saldo,,846,129,QS796335
7383,2024-05-09,21:47:57,deposito,48.02,1035,253,RP791352
7384,2025-11-08,01:57:21,deposito,152.95,392,274,EF103007
7385,2020-11-13,14:05:24,deposito,72.97,1038,83,nr789322
7386,2021-04-10,02:16:19,lista_movimenti,,843,110,ev147071
7387,2026-04-03,02:12:30,prelievo,89.0,1093,267,VW521589
7388,2026-02-22,04:10:00,deposito,136.25,1044,35,hV911640
7389,2024-12-07,03:06:08,saldo,,594,257,mR705225
7390,2022-01-04,18:07:27,deposito,149.75,669,196,XK759483
7391,2022-10-15,23:33:10,prelievo,52.92,296,209,Yf816774
7392,2025-06-25,03:57:09,lista_movimenti,,1136,139,ei795202
7393,2017-09-02,11:28:30,prelievo,148.72,488,175,zd589532
7394,2025-04-02,15:38:54,prelievo,179.38,578,217,eg649602
7395,2025-03-18,16:39:31,prelievo,177.21,2,36,nO423589
7396,2019-01-07,13:03:01,prelievo,189.64,1114,74,Si374605
7397,2024-11-26,23:12:08,saldo,,1170,83,Db002824
7398,2020-01-20,02:07:30,prelievo,189.54,922,99,wi094558
7399,2024-08-07,03:21:18,prelievo,152.57,874,115,vE764859
7400,2023-08-26,08:32:43,prelievo,197.21,815,198,fS722070
7401,2014-08-10,12:47:37,saldo,,1003,147,oD483039
7402,2020-12-07,13:45:43,saldo,,784,139,ye543388
7403,2023-09-13,04:35:32,prelievo,117.25,900,167,bv090281
7404,2025-07-11,09:41:34,prelievo,149.14,506,184,iO707360
7405,2025-10-29,14:51:35,deposito,130.7,777,138,Pa086728
7406,2012-07-19,01:32:39,deposito,41.26,951,63,pr814805
7407,2016-05-27,22:16:30,lista_movimenti,,492,3,Db015283
7408,2023-02-06,21:08:52,saldo,,655,232,rv516182
7409,2026-03-21,19:43:48,deposito,152.0,765,62,RP715594
7410,2026-04-13,01:05:09,prelievo,32.73,85,214,Mh980046
7411,2021-01-16,19:12:09,deposito,76.65,137,103,Hx279400
7412,2024-11-28,00:51:13,prelievo,142.85,713,80,OV977457
7413,2019-06-26,22:57:27,lista_movimenti,,313,160,Kq913660
7414,2025-05-17,15:08:53,prelievo,196.28,309,49,AY709126
7415,2024-08-21,17:59:08,deposito,25.89,877,237,ns785532
7416,2020-06-18,15:41:59,deposito,151.07,424,8,DZ553847
7417,2023-03-21,00:58:46,deposito,57.32,218,290,rA102623
7418,2024-02-09,06:17:07,saldo,,1189,298,xu943121
7419,2016-03-27,10:36:25,lista_movimenti,,855,98,tP142303
7420,2024-08-23,17:28:24,prelievo,131.68,395,116,uc759901
7421,2024-04-12,23:55:43,prelievo,50.96,400,155,bc820268
7422,2025-01-05,05:27:45,prelievo,92.03,588,210,GW723676
7423,2022-01-24,10:47:44,prelievo,83.98,737,255,SF325425
7424,2020-12-07,23:18:36,lista_movimenti,,168,159,NP418890
7425,2022-07-29,17:45:34,deposito,30.76,477,112,ga917085
7426,2024-03-29,15:11:46,lista_movimenti,,204,197,md202995
7427,2021-11-22,08:58:40,lista_movimenti,,445,147,tW445386
7428,2026-01-18,01:36:56,prelievo,39.39,1108,181,Ur630330
7429,2023-08-16,20:41:53,lista_movimenti,,775,212,kN832751
7430,2025-12-03,01:58:40,prelievo,69.48,1174,77,nN756162
7431,2025-10-09,20:53:29,saldo,,1074,233,Sc154818
7432,2026-01-19,03:27:26,prelievo,171.55,584,6,yx786339
7433,2023-05-16,19:05:35,lista_movimenti,,886,141,rX171424
7434,2026-05-10,18:01:18,lista_movimenti,,1095,146,Ao945467
7435,2021-11-07,17:20:38,deposito,78.02,141,259,dG623498
7436,2026-01-28,04:39:22,prelievo,133.72,218,109,rA102623
7437,2019-12-11,15:04:03,saldo,,983,300,ix440725
7438,2021-08-08,16:03:07,prelievo,174.85,1125,272,Ea443678
7439,2022-10-29,19:18:25,prelievo,167.53,424,154,DZ553847
7440,2024-07-14,11:38:29,deposito,55.23,657,38,za157578
7441,2024-10-15,22:17:35,prelievo,71.41,943,288,BN801139
7442,2022-10-31,09:18:35,prelievo,30.92,107,275,ig289585
7443,2019-07-03,13:21:21,prelievo,83.15,991,88,pb041561
7444,2018-08-22,19:35:05,deposito,156.69,1044,290,hV911640
7445,2024-10-09,03:17:26,deposito,95.58,790,283,Ni496698
7446,2023-12-23,16:11:21,deposito,150.29,1146,163,iW785381
7447,2025-05-31,09:38:33,deposito,69.12,899,7,vh211869
7448,2021-01-26,04:52:05,prelievo,98.77,878,72,IC398346
7449,2025-07-21,03:37:53,prelievo,15.54,52,202,ao504679
7450,2019-10-23,07:58:40,prelievo,136.09,982,264,mG363466
7451,2024-06-03,16:04:18,saldo,,327,267,Gj834453
7452,2025-09-15,10:41:24,deposito,95.92,1135,198,fY528082
7453,2024-02-02,19:59:13,deposito,30.94,134,151,BW088293
7454,2021-11-04,15:38:30,deposito,102.48,22,226,WV626101
7455,2025-04-22,20:02:37,deposito,124.71,1158,89,DB955466
7456,2017-12-01,07:14:26,saldo,,881,21,qB159907
7457,2025-09-09,05:33:09,prelievo,40.65,1192,58,JQ672056
7458,2014-07-16,08:00:56,deposito,56.03,670,185,yh183374
7459,2024-08-22,14:23:38,prelievo,30.88,567,276,nW478567
7460,2024-08-22,15:57:19,lista_movimenti,,801,233,zx581123
7461,2024-06-22,03:50:29,prelievo,47.94,773,145,xs062719
7462,2025-10-31,15:12:28,deposito,184.83,382,247,UR223914
7463,2021-01-01,23:50:34,deposito,90.85,98,132,dD290562
7464,2019-12-12,00:24:39,deposito,86.07,709,280,Fq907553
7465,2014-09-23,19:27:05,saldo,,186,267,YO863486
7466,2024-05-01,10:02:52,saldo,,969,251,YU658427
7467,2023-06-14,01:50:10,deposito,134.22,744,163,WE256076
7468,2025-08-13,00:03:47,deposito,189.86,352,133,Yo360911
7469,2022-11-10,00:41:40,saldo,,9,30,LA267757
7470,2025-07-14,15:07:24,prelievo,126.68,895,58,Jj492450
7471,2023-04-02,05:24:03,prelievo,113.92,395,297,uc759901
7472,2022-04-01,19:50:01,deposito,99.17,280,106,qp316800
7473,2016-05-03,20:51:29,deposito,54.5,261,200,Cr073637
7474,2023-06-14,12:21:18,prelievo,77.41,245,48,Kn021481
7475,2022-09-05,13:55:33,prelievo,100.65,424,245,DZ553847
7476,2019-03-31,08:17:09,prelievo,27.03,689,233,QV748078
7477,2022-08-30,09:01:31,deposito,51.92,1149,14,vx314059
7478,2025-04-19,20:17:13,deposito,36.25,762,174,gs248964
7479,2017-11-27,13:20:30,lista_movimenti,,283,90,Tp680817
7480,2023-08-27,20:19:00,deposito,182.03,376,295,IL775506
7481,2023-03-13,16:53:55,prelievo,182.19,599,1,wp392141
7482,2022-05-06,19:43:50,deposito,33.41,167,285,gG114765
7483,2014-07-14,09:30:26,deposito,48.4,429,4,KG991994
7484,2024-03-28,06:58:53,prelievo,123.91,200,157,fP767727
7485,2014-06-16,06:20:03,deposito,153.83,996,203,ZB608610
7486,2022-05-07,21:03:29,deposito,41.88,850,246,ra188057
7487,2024-06-19,17:17:54,prelievo,69.84,802,112,NO117837
7488,2021-12-18,06:27:16,prelievo,15.53,28,230,ja601436
7489,2016-02-06,10:21:58,deposito,82.69,895,113,Jj492450
7490,2013-10-31,17:31:08,prelievo,116.86,986,15,tr946002
7491,2021-02-03,17:15:33,deposito,96.06,834,10,Jn875792
7492,2024-09-29,19:45:08,prelievo,82.44,1129,245,EP263695
7493,2023-11-22,22:41:49,lista_movimenti,,857,31,gC043514
7494,2023-07-03,23:34:12,prelievo,57.42,631,247,rU109008
7495,2024-01-20,01:37:00,prelievo,171.14,662,254,Mq228210
7496,2022-10-13,23:15:27,prelievo,113.29,372,287,Mw775286
7497,2024-06-18,18:53:48,saldo,,1128,131,LA512435
7498,2025-05-21,00:09:11,saldo,,98,169,dD290562
7499,2013-12-28,05:58:20,prelievo,47.83,517,41,aJ952726
7500,2020-06-06,09:50:39,prelievo,15.82,645,190,Me943050
7501,2024-07-19,13:57:45,prelievo,156.04,492,216,Db015283
7502,2014-09-18,02:21:19,saldo,,305,30,Bn256975
7503,2020-11-16,12:25:39,deposito,118.37,489,75,zY827523
7504,2020-06-15,02:34:04,deposito,178.53,789,57,IB961263
7505,2018-08-06,16:45:18,lista_movimenti,,410,234,rH671688
7506,2018-08-28,19:45:38,prelievo,63.27,116,296,ir700674
7507,2025-02-08,18:15:41,prelievo,133.72,507,57,Hp708117
7508,2025-03-16,21:25:44,deposito,166.69,669,242,XK759483
7509,2024-05-06,12:28:23,deposito,22.23,523,38,Nl703697
7510,2023-10-18,10:19:52,deposito,78.13,387,13,Lr494654
7511,2025-05-24,00:06:26,deposito,184.92,883,122,bN231002
7512,2022-02-24,15:38:52,prelievo,79.55,1186,81,DS360396
7513,2026-03-13,00:59:35,lista_movimenti,,793,63,Rj696011
7514,2025-10-29,06:56:11,prelievo,149.16,118,42,LR374410
7515,2019-09-28,08:47:13,lista_movimenti,,1067,291,yo900724
7516,2019-04-04,05:37:08,prelievo,71.08,38,14,il026142
7517,2025-12-21,18:01:33,deposito,175.42,329,259,Rz676207
7518,2025-11-26,20:02:34,deposito,105.67,861,230,vn247656
7519,2019-12-30,04:54:43,deposito,155.12,524,262,ya473582
7520,2024-10-16,00:31:28,saldo,,121,59,Cq701737
7521,2025-08-02,11:04:40,prelievo,179.23,1032,1,tF004375
7522,2022-09-24,17:54:18,deposito,181.08,29,49,cO966688
7523,2015-08-29,21:08:39,prelievo,145.57,457,293,dt046231
7524,2018-09-30,07:15:25,deposito,35.35,837,110,iq967330
7525,2020-06-01,05:36:44,saldo,,24,171,RU211254
7526,2016-06-14,06:14:53,deposito,143.75,489,7,zY827523
7527,2024-02-11,17:36:19,deposito,21.83,6,289,Mb533097
7528,2025-07-15,21:06:41,prelievo,50.59,715,258,EY159838
7529,2020-09-03,06:14:18,saldo,,1123,171,Vs428980
7530,2016-07-26,10:30:51,deposito,53.75,732,282,pY825420
7531,2024-07-05,10:56:16,deposito,75.93,293,57,js239010
7532,2015-02-25,16:24:23,saldo,,538,43,XN507608
7533,2015-01-16,05:34:46,deposito,151.37,1144,80,vg612522
7534,2024-05-14,15:38:04,prelievo,107.51,1004,21,hM518093
7535,2019-03-19,22:29:20,prelievo,160.76,740,230,XL707137
7536,2024-12-26,03:32:58,deposito,80.33,961,97,tH409258
7537,2024-01-05,14:41:00,deposito,99.9,387,164,Lr494654
7538,2024-07-16,01:24:15,prelievo,34.06,47,210,ra708122
7539,2024-04-21,10:22:20,lista_movimenti,,447,46,uX775554
7540,2024-03-21,23:49:24,lista_movimenti,,510,196,RB463373
7541,2020-01-18,14:19:31,deposito,179.43,748,216,DB529952
7542,2022-11-04,23:01:00,prelievo,46.36,996,160,ZB608610
7543,2021-03-23,23:22:05,lista_movimenti,,457,291,dt046231
7544,2021-03-13,07:49:14,prelievo,39.67,225,266,mN780589
7545,2024-11-13,13:31:14,deposito,109.94,49,125,rE279047
7546,2025-09-17,06:55:31,deposito,106.65,1043,76,Sz782800
7547,2024-12-02,04:37:19,prelievo,93.53,500,258,Tq465040
7548,2015-10-09,11:28:03,prelievo,55.84,4,237,MO361219
7549,2016-07-06,07:44:04,prelievo,106.75,1179,229,An452480
7550,2025-04-02,18:52:11,deposito,19.68,908,202,Jn777679
7551,2024-04-07,15:17:08,deposito,154.18,460,204,Pa566847
7552,2025-01-31,12:24:42,deposito,183.78,414,118,iD942787
7553,2017-08-31,12:51:09,deposito,30.59,1178,208,Bi015409
7554,2017-03-12,04:26:28,prelievo,149.92,1015,83,Iv816311
7555,2022-03-30,04:30:21,deposito,110.18,181,158,Aq043915
7556,2025-07-29,13:22:49,lista_movimenti,,135,131,mN857974
7557,2025-08-31,02:26:10,prelievo,197.87,1046,115,eV915408
7558,2024-12-17,11:18:25,deposito,87.46,384,9,lt974760
7559,2015-01-02,02:50:00,deposito,57.81,60,213,iI917706
7560,2019-02-08,16:21:08,prelievo,130.75,707,44,SZ857761
7561,2026-05-04,22:00:09,deposito,42.71,1085,55,qj150655
7562,2018-12-28,01:24:01,deposito,50.24,481,155,eL802352
7563,2022-12-01,19:28:49,lista_movimenti,,1112,283,He343714
7564,2017-04-15,02:20:36,prelievo,87.18,261,269,Cr073637
7565,2024-10-30,23:43:37,saldo,,514,195,Ps863192
7566,2025-08-27,14:46:41,deposito,46.38,798,287,nv114486
7567,2024-10-03,02:52:29,deposito,170.6,976,120,Pq679811
7568,2021-08-06,15:57:30,deposito,116.7,143,221,AD690345
7569,2019-06-25,11:56:08,prelievo,171.92,670,121,yh183374
7570,2019-03-15,09:12:07,lista_movimenti,,733,263,FG408338
7571,2015-08-31,08:44:18,prelievo,140.4,1200,38,sg130318
7572,2024-08-30,12:08:55,lista_movimenti,,292,141,Ar792575
7573,2025-11-25,00:07:36,deposito,84.69,737,214,SF325425
7574,2021-08-02,18:48:16,lista_movimenti,,459,183,BA662880
7575,2022-08-29,00:23:00,deposito,81.36,115,128,Wt107337
7576,2020-09-09,08:39:41,saldo,,695,53,hL257603
7577,2023-11-30,04:32:53,deposito,67.55,576,262,ga877380
7578,2023-10-15,04:51:12,lista_movimenti,,791,279,GG394977
7579,2018-09-15,01:01:13,lista_movimenti,,679,219,Hr752388
7580,2023-10-29,01:57:10,prelievo,192.13,869,52,Uq601587
7581,2019-11-11,02:35:41,lista_movimenti,,908,195,Jn777679
7582,2022-09-10,06:40:15,deposito,119.38,256,274,RY237051
7583,2021-02-21,20:33:53,lista_movimenti,,238,222,BA420391
7584,2021-11-11,20:03:01,prelievo,149.97,870,146,Zb761079
7585,2025-02-06,00:46:36,deposito,97.06,909,210,qy515003
7586,2023-01-31,08:20:26,lista_movimenti,,1182,288,LJ127341
7587,2022-08-09,22:38:32,deposito,187.47,542,7,cY205780
7588,2024-08-16,09:10:56,lista_movimenti,,1001,204,sk102317
7589,2025-12-10,21:37:49,prelievo,161.4,1,114,Kr937521
7590,2017-02-20,01:44:23,prelievo,140.1,1158,167,DB955466
7591,2025-11-20,11:18:14,prelievo,17.44,585,17,mt526529
7592,2023-07-08,18:28:09,prelievo,70.21,812,7,ja410389
7593,2025-03-06,07:38:11,deposito,127.04,1093,199,VW521589
7594,2025-02-15,13:29:26,deposito,129.26,108,289,qB429057
7595,2025-06-04,18:25:27,lista_movimenti,,688,248,eC443010
7596,2025-03-05,14:18:15,lista_movimenti,,6,33,Mb533097
7597,2012-05-07,23:30:50,deposito,94.39,769,260,WC073087
7598,2021-02-17,18:48:27,saldo,,56,71,tU939894
7599,2014-05-28,04:41:44,prelievo,58.1,995,122,Ht135218
7600,2024-03-14,10:47:54,prelievo,138.73,1046,89,eV915408
7601,2022-02-25,11:51:54,deposito,24.06,1171,182,Pb698210
7602,2020-08-08,23:06:28,prelievo,19.28,247,185,wz717652
7603,2025-09-12,02:27:52,saldo,,1070,182,WO447305
7604,2017-12-24,15:46:01,deposito,118.98,98,84,dD290562
7605,2026-04-20,02:12:43,prelievo,86.0,918,221,nV284576
7606,2025-03-23,09:04:46,deposito,20.36,703,58,hk369377
7607,2025-12-01,05:27:44,prelievo,186.45,755,266,od364286
7608,2020-07-21,20:05:50,deposito,74.5,674,129,yU404660
7609,2025-10-07,12:17:48,lista_movimenti,,863,193,Pq996196
7610,2025-06-21,22:26:07,lista_movimenti,,857,257,gC043514
7611,2025-02-05,04:29:40,prelievo,85.33,792,66,Wd120932
7612,2022-09-18,00:24:05,prelievo,156.22,378,221,kl221145
7613,2020-01-18,07:11:00,deposito,180.49,879,262,jd038208
7614,2019-03-27,10:15:49,prelievo,64.04,774,118,ph732639
7615,2017-04-18,06:16:25,deposito,70.25,695,24,hL257603
7616,2025-04-09,18:02:40,saldo,,414,279,iD942787
7617,2024-04-04,00:28:19,prelievo,33.87,980,142,zI224770
7618,2025-08-30,06:24:05,prelievo,94.68,1070,60,WO447305
7619,2019-04-09,15:34:35,prelievo,181.0,755,292,od364286
7620,2024-02-03,03:32:21,prelievo,178.31,20,281,Il304858
7621,2022-05-25,08:37:14,deposito,186.0,870,58,Zb761079
7622,2018-02-08,12:22:05,prelievo,53.42,864,128,PO015467
7623,2026-04-09,23:59:24,prelievo,17.4,767,286,Zy871123
7624,2014-12-22,08:48:43,deposito,108.37,22,160,WV626101
7625,2026-01-28,16:30:49,prelievo,169.82,447,288,uX775554
7626,2023-02-28,01:53:04,deposito,192.04,1057,95,CP061307
7627,2019-03-19,12:55:37,deposito,172.47,1152,191,KC264572
7628,2018-10-21,04:28:17,deposito,111.78,801,268,zx581123
7629,2022-02-28,15:42:27,deposito,126.14,289,210,Mo655144
7630,2023-05-29,11:44:37,lista_movimenti,,118,44,LR374410
7631,2024-08-06,19:21:30,prelievo,132.68,610,269,bP156584
7632,2021-07-31,09:30:27,saldo,,1200,62,sg130318
7633,2022-08-04,18:05:43,prelievo,40.86,1165,6,bu038748
7634,2026-03-25,06:15:27,deposito,83.02,846,199,QS796335
7635,2025-09-17,15:34:28,saldo,,83,124,rI266900
7636,2025-11-23,19:59:59,deposito,94.98,876,150,VE382295
7637,2025-05-14,00:09:42,saldo,,185,267,FI746949
7638,2021-10-21,22:54:31,lista_movimenti,,1103,127,UV909989
7639,2014-06-29,02:20:12,deposito,156.69,76,164,jP159408
7640,2025-03-26,00:32:15,prelievo,160.69,842,128,IK256002
7641,2017-08-16,21:01:48,saldo,,511,83,Rx296457
7642,2014-07-11,04:25:10,saldo,,1191,110,zh260869
7643,2023-07-05,02:32:27,prelievo,157.39,1004,273,hM518093
7644,2020-06-30,02:21:43,deposito,16.53,1098,215,dI033495
7645,2017-09-14,15:24:05,saldo,,609,43,tJ636285
7646,2026-04-28,10:04:25,prelievo,36.83,533,11,yd344027
7647,2019-07-27,19:49:10,lista_movimenti,,254,126,Bg227391
7648,2025-04-26,19:54:53,lista_movimenti,,713,141,OV977457
7649,2024-06-23,12:57:11,prelievo,68.11,306,201,nN959712
7650,2025-11-09,19:11:08,lista_movimenti,,491,53,aU264587
7651,2014-05-02,13:51:09,lista_movimenti,,598,65,AC330306
7652,2023-09-04,03:40:46,prelievo,193.35,18,159,zq360242
7653,2024-10-09,13:23:22,lista_movimenti,,370,161,LZ730487
7654,2022-12-10,04:01:07,deposito,79.23,109,297,Fk387716
7655,2019-02-07,20:57:46,saldo,,256,188,RY237051
7656,2022-06-15,15:40:38,prelievo,114.03,174,268,aE852936
7657,2015-03-15,16:21:10,saldo,,1078,243,DJ329704
7658,2018-05-17,04:36:58,deposito,104.92,748,257,DB529952
7659,2013-10-16,14:27:03,lista_movimenti,,736,131,Wv009407
7660,2022-12-05,21:00:48,deposito,156.7,405,103,yG626653
7661,2016-03-20,22:32:42,lista_movimenti,,1179,91,An452480
7662,2026-05-02,21:00:55,deposito,13.96,62,29,OQ882200
7663,2025-10-12,06:49:57,deposito,37.9,1053,215,CB045667
7664,2021-04-19,23:51:17,prelievo,92.7,70,121,Bi629540
7665,2021-09-26,22:09:19,deposito,17.81,707,117,SZ857761
7666,2022-01-30,13:11:18,deposito,37.04,357,215,wa254369
7667,2025-08-13,17:48:56,deposito,24.43,634,258,ip982341
7668,2024-11-26,04:06:15,deposito,56.34,95,148,qs076709
7669,2025-03-02,16:14:23,deposito,66.55,456,171,bV036672
7670,2026-04-23,02:30:40,deposito,177.38,1007,144,Sj076857
7671,2024-08-02,12:25:56,prelievo,188.23,874,118,vE764859
7672,2025-10-30,19:57:05,deposito,179.85,575,61,cX077975
7673,2020-05-12,08:54:50,prelievo,65.99,75,113,KG028766
7674,2017-04-20,05:01:22,deposito,93.14,355,138,aw417136
7675,2018-08-20,02:24:58,lista_movimenti,,884,296,Th922611
7676,2025-01-31,11:27:15,lista_movimenti,,612,194,uZ310361
7677,2018-05-25,02:19:47,prelievo,40.64,1059,278,Cr820090
7678,2016-11-12,09:38:06,deposito,33.15,555,174,Bc160849
7679,2024-05-13,15:07:08,deposito,99.8,4,135,MO361219
7680,2025-12-06,08:39:47,prelievo,72.22,261,179,Cr073637
7681,2025-04-16,19:10:08,lista_movimenti,,548,243,Dk622946
7682,2022-02-14,08:55:03,lista_movimenti,,491,228,aU264587
7683,2024-08-02,10:21:37,deposito,93.07,924,76,lq363376
7684,2023-09-17,10:21:24,saldo,,157,32,qh574390
7685,2023-06-04,11:19:24,saldo,,222,117,yV021163
7686,2016-12-04,19:29:03,prelievo,118.54,765,32,RP715594
7687,2020-09-25,10:46:50,deposito,152.05,731,27,hv757284
7688,2024-06-08,12:26:53,prelievo,14.09,66,57,NG470289
7689,2021-01-03,12:47:24,saldo,,516,24,by901269
7690,2023-12-03,11:37:21,deposito,38.13,728,123,ni405247
7691,2025-03-22,05:59:47,prelievo,117.04,1092,88,Xw699483
7692,2018-08-30,22:54:52,saldo,,72,32,Sq657271
7693,2023-04-07,02:03:38,saldo,,34,146,DK876695
7694,2023-09-02,04:31:19,deposito,62.86,192,176,pj805928
7695,2025-07-09,23:28:06,deposito,128.2,54,288,Be641918
7696,2024-10-13,04:07:12,prelievo,92.95,851,168,dO192214
7697,2019-05-12,02:52:31,saldo,,193,154,sF138373
7698,2018-06-12,18:25:58,deposito,17.41,378,150,kl221145
7699,2020-10-28,00:14:50,deposito,138.4,514,145,Ps863192
7700,2025-04-24,16:31:32,prelievo,191.43,171,143,Wl128503
7701,2023-01-14,04:42:23,deposito,114.89,1063,119,ml256657
7702,2014-02-11,08:21:07,saldo,,966,141,ES861072
7703,2025-09-16,21:01:02,deposito,92.22,185,73,FI746949
7704,2019-07-27,23:42:20,deposito,168.9,779,106,yF840729
7705,2025-05-26,19:04:00,saldo,,618,171,yG217061
7706,2023-11-28,03:18:22,deposito,155.24,1190,179,EH922865
7707,2023-05-28,13:24:34,prelievo,114.21,59,2,tg076802
7708,2020-02-01,02:32:18,saldo,,539,196,jt315874
7709,2022-10-20,14:31:11,saldo,,991,257,pb041561
7710,2024-11-22,02:29:38,deposito,16.48,618,196,yG217061
7711,2022-09-09,05:24:13,deposito,157.82,1006,221,zy401632
7712,2020-01-24,13:56:23,prelievo,37.16,835,175,un560535
7713,2022-01-04,17:12:36,deposito,61.49,417,54,fP730877
7714,2024-07-26,14:05:55,lista_movimenti,,1053,220,CB045667
7715,2013-12-16,19:56:05,saldo,,1128,85,LA512435
7716,2017-12-31,16:30:19,prelievo,183.93,1158,8,DB955466
7717,2024-07-01,03:09:43,saldo,,88,74,Jv325918
7718,2026-01-10,13:24:12,deposito,37.39,1118,43,WF512285
7719,2023-05-11,01:29:24,prelievo,45.69,1172,210,Du611291
7720,2015-02-06,20:31:33,deposito,131.73,756,198,hD596588
7721,2015-02-27,10:08:18,prelievo,121.94,19,109,of763649
7722,2025-08-01,08:05:41,prelievo,140.17,713,73,OV977457
7723,2021-09-28,00:27:02,saldo,,147,39,AK217913
7724,2026-02-07,08:39:53,prelievo,197.75,1045,38,lY513046
7725,2025-09-28,00:52:58,prelievo,108.39,548,8,Dk622946
7726,2024-04-27,03:40:24,saldo,,181,234,Aq043915
7727,2021-03-15,06:58:08,prelievo,45.84,881,182,qB159907
7728,2015-10-07,13:51:59,prelievo,139.58,533,105,yd344027
7729,2023-01-07,09:54:14,prelievo,51.74,749,198,Nd582827
7730,2025-02-19,10:45:32,prelievo,197.43,336,214,Tq273933
7731,2026-02-28,22:32:27,prelievo,31.65,140,59,BL586716
7732,2025-11-12,07:06:57,prelievo,129.04,915,175,Dl823981
7733,2020-07-05,09:14:00,deposito,159.48,649,211,aM947760
7734,2024-07-18,21:20:29,lista_movimenti,,14,31,zl386815
7735,2018-07-12,19:37:24,saldo,,565,32,PQ225368
7736,2020-07-18,13:17:00,deposito,52.87,569,3,Xg998985
7737,2018-03-04,17:21:36,deposito,99.61,343,22,bA149454
7738,2021-01-27,23:36:39,deposito,152.12,131,132,GT579522
7739,2022-06-18,15:37:35,saldo,,332,177,Am957427
7740,2022-02-28,15:33:54,lista_movimenti,,238,147,BA420391
7741,2023-04-30,05:49:58,deposito,149.91,707,187,SZ857761
7742,2019-02-26,17:51:34,saldo,,326,260,ML567127
7743,2022-03-17,17:57:58,deposito,199.32,578,266,eg649602
7744,2016-05-02,22:55:18,prelievo,147.95,1114,102,Si374605
7745,2013-10-22,23:46:36,deposito,65.05,276,156,fX504249
7746,2022-12-11,11:37:54,deposito,103.71,497,93,Hj660331
7747,2016-03-01,20:02:35,prelievo,168.7,920,251,OI004683
7748,2024-04-05,01:40:43,saldo,,141,134,dG623498
7749,2026-04-18,13:06:34,lista_movimenti,,262,180,uI667069
7750,2025-09-17,21:08:44,prelievo,96.97,511,96,Rx296457
7751,2022-10-26,07:38:01,deposito,70.94,225,170,mN780589
7752,2025-08-28,13:10:50,deposito,140.99,1027,253,Fp705263
7753,2023-04-12,02:47:37,deposito,63.44,284,15,ZR076100
7754,2023-07-25,07:42:51,deposito,113.69,996,101,ZB608610
7755,2026-01-08,22:33:58,prelievo,50.17,362,265,gF507004
7756,2023-05-30,12:56:54,deposito,173.18,322,12,lZ947762
7757,2025-12-08,10:53:55,deposito,56.9,1072,247,fX001016
7758,2025-03-09,14:02:11,deposito,137.11,703,158,hk369377
7759,2023-06-11,14:23:20,prelievo,31.6,160,226,kS794698
7760,2019-09-15,07:26:26,lista_movimenti,,845,191,Wl628811
7761,2025-07-18,21:36:07,deposito,25.14,224,219,OE411324
7762,2021-07-25,05:20:31,deposito,198.7,424,223,DZ553847
7763,2025-09-25,07:32:35,saldo,,772,297,yu036854
7764,2022-05-06,03:25:43,deposito,154.32,1052,110,ib855608
7765,2024-06-09,17:58:26,deposito,196.79,1100,187,gI125795
7766,2020-11-08,05:10:33,prelievo,108.57,963,233,qg668102
7767,2024-10-15,01:58:40,saldo,,703,134,hk369377
7768,2025-08-14,08:12:15,prelievo,133.52,880,95,Go167809
7769,2012-05-02,18:50:50,deposito,184.4,469,119,WM351496
7770,2021-12-26,08:58:01,prelievo,111.45,1172,66,Du611291
7771,2026-03-19,14:01:28,deposito,57.3,65,174,Jv233576
7772,2026-02-02,15:29:04,lista_movimenti,,1,21,Kr937521
7773,2025-07-05,19:00:47,deposito,75.59,899,37,vh211869
7774,2014-09-29,02:46:08,prelievo,105.53,704,210,LY958187
7775,2026-01-25,05:45:36,lista_movimenti,,180,43,xD625304
7776,2025-12-05,16:43:00,lista_movimenti,,738,151,Zd508101
7777,2021-02-18,21:50:50,prelievo,133.97,1053,145,CB045667
7778,2025-04-21,23:13:13,deposito,100.86,957,166,dx290892
7779,2023-11-03,17:33:33,prelievo,188.29,241,175,tk953031
7780,2025-12-17,14:43:14,deposito,64.23,210,223,jQ847812
7781,2023-02-10,12:50:28,deposito,141.18,251,23,KJ865738
7782,2024-11-02,00:55:10,deposito,127.41,1023,11,yr247876
7783,2024-08-12,20:30:39,deposito,45.44,211,296,tS675776
7784,2021-12-11,22:22:38,deposito,68.99,537,211,my407161
7785,2023-12-21,05:45:11,deposito,187.08,496,210,mj431401
7786,2026-01-14,06:44:48,deposito,69.55,741,56,Jx955965
7787,2023-06-11,11:23:54,prelievo,90.57,490,168,AA132680
7788,2022-02-13,10:45:38,prelievo,89.95,479,1,cy083645
7789,2025-03-01,07:26:57,prelievo,38.12,560,260,SE534125
7790,2016-11-05,05:10:54,lista_movimenti,,934,278,AK622148
7791,2022-03-26,05:55:10,deposito,197.71,298,237,qx970106
7792,2026-01-16,22:56:20,saldo,,214,196,fO616493
7793,2018-11-08,15:20:00,saldo,,664,298,fy283969
7794,2023-05-27,07:05:18,deposito,166.74,1094,198,Ao496677
7795,2023-06-01,16:18:11,deposito,122.48,784,215,ye543388
7796,2023-12-26,16:36:47,deposito,125.43,591,119,lP220259
7797,2014-09-25,13:59:26,deposito,196.26,1142,167,ud181367
7798,2020-09-23,02:56:53,prelievo,127.17,578,109,eg649602
7799,2014-03-01,09:43:59,deposito,157.89,730,31,xR829998
7800,2020-11-17,12:59:22,deposito,80.72,1004,150,hM518093
7801,2017-03-23,05:12:29,deposito,26.88,984,150,iR911000
7802,2022-12-12,04:04:30,deposito,128.4,902,126,Or390873
7803,2024-03-05,04:18:36,lista_movimenti,,1059,166,Cr820090
7804,2025-09-30,13:28:12,prelievo,56.7,272,167,gT041205
7805,2018-12-11,17:12:06,prelievo,146.12,276,76,fX504249
7806,2023-01-09,21:52:16,deposito,143.81,606,157,oP962982
7807,2022-07-26,00:27:25,prelievo,21.96,1031,52,dv995602
7808,2017-06-12,05:35:46,deposito,188.56,43,170,yJ510749
7809,2019-12-18,10:49:04,deposito,72.68,912,253,PP822890
7810,2023-04-25,01:29:36,saldo,,185,74,FI746949
7811,2026-02-06,22:38:37,lista_movimenti,,960,24,oq084099
7812,2024-04-04,18:54:35,prelievo,105.88,816,70,Pv978155
7813,2019-03-13,08:53:47,deposito,31.95,596,157,jh334227
7814,2015-01-19,01:48:40,deposito,156.77,584,189,yx786339
7815,2022-06-08,07:54:23,prelievo,163.3,30,163,ni811078
7816,2021-07-05,06:38:09,deposito,94.39,598,240,AC330306
7817,2020-07-18,18:46:26,lista_movimenti,,718,227,Mt154953
7818,2017-08-29,17:39:01,deposito,86.36,645,41,Me943050
7819,2019-07-15,00:37:06,lista_movimenti,,1172,43,Du611291
7820,2025-05-03,13:09:49,saldo,,671,300,TQ799482
7821,2022-11-14,19:26:57,deposito,83.53,407,277,ou846051
7822,2025-08-01,21:52:28,prelievo,27.17,790,291,Ni496698
7823,2016-02-25,17:29:45,deposito,164.03,110,245,vh862598
7824,2021-05-27,20:27:10,prelievo,139.67,585,173,mt526529
7825,2026-03-02,19:11:33,deposito,60.33,191,227,Bt086529
7826,2021-04-01,19:33:10,lista_movimenti,,925,255,fd940196
7827,2025-08-01,06:28:15,prelievo,192.19,359,33,kD916717
7828,2014-12-13,12:05:03,prelievo,22.63,1047,164,WV167333
7829,2024-09-25,18:15:18,saldo,,614,144,oz242210
7830,2022-08-29,10:10:32,prelievo,90.98,299,273,NS978939
7831,2023-11-20,03:48:37,deposito,190.69,18,171,zq360242
7832,2025-07-03,11:00:04,prelievo,120.97,703,152,hk369377
7833,2025-09-14,18:09:50,prelievo,66.36,1141,292,zj023797
7834,2026-01-22,17:13:16,prelievo,186.04,1136,63,ei795202
7835,2025-01-10,14:29:30,prelievo,117.53,133,184,dk225195
7836,2019-05-31,17:16:39,deposito,187.7,737,178,SF325425
7837,2018-06-09,03:38:52,lista_movimenti,,910,144,PS396027
7838,2025-03-14,05:18:01,prelievo,165.25,846,287,QS796335
7839,2025-10-16,19:36:36,prelievo,25.27,1045,188,lY513046
7840,2023-09-30,15:20:47,prelievo,134.52,719,78,Ac326834
7841,2016-03-07,10:28:05,deposito,80.02,1071,78,Dk496735
7842,2016-03-24,03:19:35,prelievo,157.13,538,1,XN507608
7843,2026-01-29,07:08:45,deposito,52.98,261,39,Cr073637
7844,2019-05-21,20:47:11,lista_movimenti,,742,133,lp299919
7845,2021-12-04,16:00:22,prelievo,184.42,531,215,jt809431
7846,2021-09-05,03:04:20,prelievo,162.83,255,264,xg784797
7847,2017-06-21,22:51:28,prelievo,12.15,1059,47,Cr820090
7848,2024-02-24,08:58:13,prelievo,46.1,576,81,ga877380
7849,2014-05-17,05:02:23,prelievo,159.47,209,87,mE300044
7850,2022-08-10,06:43:29,prelievo,178.0,128,72,Te795155
7851,2025-01-04,02:42:32,lista_movimenti,,987,279,SU749508
7852,2024-01-26,19:07:24,prelievo,12.37,676,41,aY201522
7853,2025-05-26,17:59:02,deposito,197.41,1093,17,VW521589
7854,2025-06-03,11:16:12,lista_movimenti,,589,86,xf823982
7855,2024-07-07,20:34:02,deposito,154.95,336,52,Tq273933
7856,2020-03-09,06:43:50,deposito,192.6,937,8,ig517122
7857,2024-06-25,09:11:29,saldo,,456,144,bV036672
7858,2018-07-27,12:45:17,prelievo,120.15,11,260,KG745447
7859,2025-08-05,02:32:49,saldo,,1023,162,yr247876
7860,2020-02-27,04:28:57,prelievo,107.57,353,10,OZ834844
7861,2025-08-02,15:41:48,saldo,,605,126,xl475440
7862,2026-04-27,10:43:47,prelievo,197.9,292,41,Ar792575
7863,2025-04-15,02:16:00,lista_movimenti,,326,83,ML567127
7864,2025-02-05,12:15:57,lista_movimenti,,1192,71,JQ672056
7865,2020-09-05,16:21:46,saldo,,1153,248,YW550301
7866,2020-05-12,14:27:17,prelievo,132.65,676,124,aY201522
7867,2022-12-24,16:51:49,deposito,35.32,761,199,Uz099661
7868,2025-12-12,03:23:09,deposito,14.8,998,295,bI476030
7869,2025-02-23,03:03:31,prelievo,101.49,1117,193,zy090818
7870,2017-06-28,03:52:04,lista_movimenti,,150,235,vN665993
7871,2022-12-03,16:44:11,prelievo,62.57,348,261,qd961534
7872,2025-08-13,09:01:31,prelievo,142.39,885,75,kD004578
7873,2026-05-06,06:35:32,deposito,165.45,866,220,Vx711810
7874,2017-06-16,18:38:41,deposito,73.13,474,6,Rn956359
7875,2024-12-07,03:34:01,prelievo,120.59,236,95,rb750507
7876,2022-12-14,00:57:17,prelievo,133.37,836,226,Iq692534
7877,2024-01-12,16:35:00,lista_movimenti,,805,96,YL880408
7878,2025-06-22,15:30:42,deposito,157.88,1117,120,zy090818
7879,2024-08-23,13:24:23,prelievo,114.66,142,14,Zp331630
7880,2025-12-02,04:27:00,lista_movimenti,,360,79,kc955766
7881,2022-01-22,15:47:10,deposito,185.13,292,38,Ar792575
7882,2025-06-29,05:15:15,prelievo,95.47,698,83,ML590757
7883,2025-06-20,15:00:14,deposito,71.2,1108,194,Ur630330
7884,2026-01-06,10:06:53,lista_movimenti,,1008,253,HX846311
7885,2016-06-16,09:28:01,deposito,150.74,743,15,Iq680726
7886,2021-12-17,15:29:13,deposito,124.96,1189,226,xu943121
7887,2024-10-01,19:38:15,deposito,36.76,54,277,Be641918
7888,2022-12-03,13:54:56,saldo,,20,260,Il304858
7889,2024-01-02,18:12:52,deposito,156.96,1118,264,WF512285
7890,2026-04-22,16:29:38,lista_movimenti,,737,10,SF325425
7891,2023-12-21,02:25:56,prelievo,167.22,690,38,nV224408
7892,2015-03-16,10:04:59,deposito,186.21,415,138,me115735
7893,2023-10-06,02:51:26,deposito,176.13,332,230,Am957427
7894,2019-04-24,23:35:39,prelievo,97.2,407,218,ou846051
7895,2025-12-28,07:57:27,prelievo,129.45,980,24,zI224770
7896,2019-09-24,01:45:24,deposito,162.23,551,199,JH833801
7897,2025-05-06,15:57:08,prelievo,91.59,393,112,nl962340
7898,2022-01-15,22:17:29,prelievo,51.53,157,265,qh574390
7899,2024-05-20,04:02:09,lista_movimenti,,122,263,hF448006
7900,2022-10-08,04:44:31,deposito,81.22,563,189,RL118842
7901,2019-02-28,06:13:28,prelievo,18.34,199,260,ZO150145
7902,2023-05-08,19:08:59,prelievo,86.9,107,60,ig289585
7903,2021-10-23,14:16:48,prelievo,145.44,982,16,mG363466
7904,2020-06-01,02:56:21,prelievo,24.2,1142,92,ud181367
7905,2023-04-13,06:32:55,prelievo,10.52,452,95,OB971127
7906,2021-11-14,22:46:15,deposito,141.96,31,272,ff382517
7907,2022-10-25,01:29:09,saldo,,684,107,yb536196
7908,2014-09-27,01:50:40,deposito,92.56,388,113,yn465482
7909,2020-12-03,02:10:23,prelievo,60.99,246,261,CK473664
7910,2021-02-23,08:13:12,deposito,177.68,305,266,Bn256975
7911,2023-08-19,10:32:47,deposito,35.98,433,135,Ss272605
7912,2024-09-15,21:48:05,deposito,21.93,176,292,jK495738
7913,2015-08-10,20:34:30,deposito,196.65,866,274,Vx711810
7914,2022-12-20,18:28:43,prelievo,93.56,134,281,BW088293
7915,2018-01-18,18:01:00,deposito,11.92,1095,72,Ao945467
7916,2023-07-17,07:22:09,deposito,73.59,398,14,yz311053
7917,2016-06-11,12:37:26,saldo,,1142,178,ud181367
7918,2022-06-14,00:05:00,deposito,190.6,253,27,uM884186
7919,2016-11-18,21:37:27,lista_movimenti,,132,24,pm475372
7920,2023-01-02,11:55:36,deposito,101.76,616,21,cG636261
7921,2024-07-14,11:41:14,prelievo,87.21,360,221,kc955766
7922,2020-06-16,07:43:10,deposito,170.59,965,120,nr798617
7923,2015-12-15,19:28:38,deposito,94.06,339,30,vj794623
7924,2025-10-02,16:51:33,saldo,,100,283,Pw470551
7925,2021-02-04,00:42:08,lista_movimenti,,907,63,Si656249
7926,2025-01-05,15:16:28,deposito,159.69,913,89,in303073
7927,2019-05-09,04:09:02,deposito,199.64,342,167,NC797332
7928,2025-05-13,10:12:06,deposito,55.8,942,6,nT639939
7929,2023-08-05,11:10:18,prelievo,95.16,94,229,OG342686
7930,2016-06-12,06:43:48,prelievo,109.97,757,37,sz721489
7931,2020-02-24,23:49:38,lista_movimenti,,563,1,RL118842
7932,2023-09-14,22:02:45,deposito,150.62,770,278,th041409
7933,2022-11-24,04:43:01,prelievo,65.81,549,23,nX547241
7934,2012-09-28,04:56:59,prelievo,35.46,256,128,RY237051
7935,2025-05-04,14:05:38,lista_movimenti,,547,91,ax808967
7936,2015-08-05,09:13:41,lista_movimenti,,211,151,tS675776
7937,2023-09-01,02:17:06,saldo,,373,19,UI724109
7938,2024-02-26,06:16:31,prelievo,139.06,534,30,ue295982
7939,2025-10-31,02:08:55,prelievo,80.25,750,238,eS158534
7940,2018-11-17,09:29:15,deposito,144.7,986,174,tr946002
7941,2022-03-25,22:45:01,prelievo,96.13,501,142,qj419418
7942,2024-11-08,01:47:02,saldo,,668,204,JO652237
7943,2023-03-04,12:09:55,deposito,156.71,488,21,zd589532
7944,2023-12-26,18:15:00,prelievo,101.46,337,196,IK746274
7945,2022-12-22,15:32:08,lista_movimenti,,983,192,ix440725
7946,2014-12-05,14:25:36,lista_movimenti,,687,24,zk059131
7947,2025-10-11,02:56:55,deposito,180.22,863,238,Pq996196
7948,2024-03-19,04:37:27,deposito,116.46,1142,274,ud181367
7949,2022-09-14,02:45:09,prelievo,15.43,466,300,Ch402952
7950,2014-01-15,23:55:31,deposito,122.72,58,47,wy047261
7951,2025-01-28,14:38:53,deposito,91.92,688,185,eC443010
7952,2020-08-21,12:59:48,lista_movimenti,,249,257,HF644990
7953,2023-09-08,12:31:38,prelievo,197.49,249,81,HF644990
7954,2024-09-30,00:35:06,saldo,,454,111,VB073501
7955,2024-01-04,06:42:37,deposito,90.28,1131,187,HE763262
7956,2016-07-14,15:12:11,prelievo,112.6,56,132,tU939894
7957,2024-03-16,01:01:07,deposito,23.07,163,252,kF660628
7958,2023-12-04,14:35:42,prelievo,63.12,731,157,hv757284
7959,2023-12-15,12:01:30,prelievo,190.41,409,292,uk018796
7960,2022-01-12,13:27:43,lista_movimenti,,218,126,rA102623
7961,2022-08-03,17:43:35,deposito,121.11,642,206,wD928648
7962,2022-10-13,23:46:07,deposito,30.34,1061,150,na289629
7963,2015-06-22,06:00:20,prelievo,124.7,873,260,TX476836
7964,2024-05-17,20:33:32,saldo,,414,18,iD942787
7965,2025-11-19,08:33:38,lista_movimenti,,652,166,DG214189
7966,2020-05-06,21:25:14,lista_movimenti,,694,65,gn819449
7967,2023-02-06,01:42:18,prelievo,150.39,1020,108,PZ465362
7968,2025-05-20,07:35:34,deposito,114.69,819,168,Mx179729
7969,2025-04-11,09:50:10,deposito,31.38,205,89,QO037403
7970,2015-09-20,12:42:45,deposito,176.45,847,48,RE367652
7971,2016-03-30,18:51:09,deposito,174.78,72,295,Sq657271
7972,2025-09-26,20:48:19,deposito,121.98,1185,294,tx806053
7973,2017-10-26,11:41:09,prelievo,150.17,341,273,kx027099
7974,2023-02-07,12:51:30,prelievo,91.9,648,238,Wp703127
7975,2022-03-12,00:00:57,deposito,185.13,639,41,jy431161
7976,2024-07-18,23:02:12,deposito,57.02,106,211,QS406929
7977,2020-02-25,12:36:13,saldo,,780,46,sk731686
7978,2020-06-10,04:34:27,lista_movimenti,,884,291,Th922611
7979,2020-08-18,09:04:45,lista_movimenti,,246,19,CK473664
7980,2021-03-30,07:38:02,saldo,,1171,116,Pb698210
7981,2021-04-08,04:44:45,prelievo,174.44,609,51,tJ636285
7982,2013-04-17,03:59:19,prelievo,186.56,1016,23,zU498885
7983,2021-11-17,08:37:54,prelievo,151.9,741,138,Jx955965
7984,2025-08-25,23:50:36,deposito,44.58,14,189,zl386815
7985,2018-04-24,07:02:40,saldo,,840,182,zN382122
7986,2018-04-20,08:43:44,prelievo,122.52,1160,96,dn706343
7987,2023-01-27,08:41:54,lista_movimenti,,267,209,cq633006
7988,2017-08-11,22:21:41,deposito,135.09,48,264,cd763882
7989,2025-05-19,03:52:25,deposito,81.99,996,244,ZB608610
7990,2020-03-28,13:35:16,prelievo,121.16,38,241,il026142
7991,2025-05-02,03:24:57,lista_movimenti,,988,110,Dw508390
7992,2023-06-05,06:21:00,lista_movimenti,,531,296,jt809431
7993,2023-12-10,09:33:57,deposito,188.52,810,220,zD075970
7994,2018-09-09,17:23:08,deposito,181.19,98,247,dD290562
7995,2022-11-22,13:56:23,deposito,89.1,617,99,au473245
7996,2024-07-09,21:47:54,prelievo,128.18,575,269,cX077975
7997,2025-12-07,02:03:51,deposito,131.92,894,189,dL062242
7998,2025-09-24,09:15:23,saldo,,1164,284,PY170633
7999,2023-09-11,19:35:27,deposito,129.51,305,232,Bn256975
8000,2025-10-17,10:50:45,prelievo,95.41,1012,280,jM558274
8001,2025-07-06,20:15:30,prelievo,39.39,885,17,kD004578
8002,2025-04-09,17:28:31,prelievo,195.07,1024,88,bi027633
8003,2021-10-08,01:36:37,prelievo,70.11,39,249,no127180
8004,2025-04-14,19:27:02,deposito,176.67,1025,117,oT570600
8005,2025-10-23,20:43:46,saldo,,1136,250,ei795202
8006,2021-01-23,09:02:54,deposito,19.91,459,49,BA662880
8007,2014-08-26,07:17:59,prelievo,38.99,829,275,jU828444
8008,2023-01-20,16:53:40,prelievo,22.49,372,33,Mw775286
8009,2019-10-30,04:37:30,deposito,86.65,559,106,QL498421
8010,2023-07-10,18:19:05,deposito,173.7,963,142,qg668102
8011,2023-03-01,13:21:53,saldo,,181,267,Aq043915
8012,2024-09-14,08:19:14,deposito,15.02,330,64,vB730025
8013,2015-06-26,12:17:08,deposito,189.77,650,225,AL842856
8014,2022-04-30,00:19:48,deposito,184.8,281,221,rQ561181
8015,2022-08-05,02:12:01,prelievo,140.54,943,172,BN801139
8016,2026-04-30,19:35:37,deposito,118.98,560,205,SE534125
8017,2026-02-18,12:22:16,lista_movimenti,,1140,25,Kw431712
8018,2021-05-26,13:49:55,saldo,,678,135,iY549397
8019,2025-11-12,13:32:24,deposito,155.01,1045,287,lY513046
8020,2014-05-29,23:11:56,deposito,24.25,639,267,jy431161
8021,2020-08-18,15:54:42,prelievo,42.83,89,141,BZ035284
8022,2017-02-08,11:03:57,deposito,45.78,980,130,zI224770
8023,2021-04-26,16:06:32,lista_movimenti,,297,96,jf983145
8024,2021-10-21,11:03:57,lista_movimenti,,733,195,FG408338
8025,2019-01-03,19:37:17,saldo,,495,288,sn623722
8026,2021-04-27,18:22:09,deposito,82.18,172,90,oE768132
8027,2011-07-22,06:11:42,prelievo,191.62,256,99,RY237051
8028,2024-07-21,21:24:17,prelievo,120.67,1190,58,EH922865
8029,2022-09-04,00:22:23,prelievo,171.37,20,57,Il304858
8030,2023-07-15,06:32:08,saldo,,164,297,OV475251
8031,2020-10-21,12:35:11,deposito,35.33,211,245,tS675776
8032,2021-11-14,22:46:17,saldo,,129,85,Uo887356
8033,2025-04-13,21:36:48,deposito,185.58,909,240,qy515003
8034,2021-02-08,06:00:18,deposito,138.41,759,69,cs986645
8035,2019-12-06,13:23:45,prelievo,34.68,141,208,dG623498
8036,2023-02-06,01:58:30,saldo,,655,285,rv516182
8037,2021-01-29,12:27:25,lista_movimenti,,902,224,Or390873
8038,2024-09-19,12:02:34,deposito,52.42,461,74,tA880229
8039,2024-05-01,05:15:45,deposito,51.96,590,207,yb347850
8040,2013-06-17,11:38:28,saldo,,1063,60,ml256657
8041,2021-08-11,03:27:31,saldo,,453,297,Tg814433
8042,2024-03-03,19:06:32,prelievo,148.35,85,128,Mh980046
8043,2023-12-06,21:12:58,prelievo,94.02,991,171,pb041561
8044,2025-04-10,16:13:03,prelievo,160.48,461,150,tA880229
8045,2025-02-08,21:33:11,lista_movimenti,,207,96,tV995837
8046,2016-09-10,10:12:00,prelievo,123.18,883,42,bN231002
8047,2025-03-14,17:00:52,deposito,166.44,798,165,nv114486
8048,2024-05-02,17:17:49,prelievo,87.78,470,47,Lm696540
8049,2024-04-20,16:26:56,deposito,107.32,707,118,SZ857761
8050,2025-09-21,13:15:27,lista_movimenti,,797,297,OQ112816
8051,2021-11-08,15:24:34,prelievo,130.32,17,119,xk238573
8052,2023-10-01,12:49:14,prelievo,37.38,1185,90,tx806053
8053,2026-04-25,05:58:34,prelievo,198.43,590,109,yb347850
8054,2022-03-26,16:04:22,lista_movimenti,,506,134,iO707360
8055,2024-11-06,01:47:20,saldo,,1052,56,ib855608
8056,2018-03-07,18:45:36,deposito,187.94,105,223,xP495035
8057,2013-06-07,14:13:08,prelievo,137.5,659,9,pS222156
8058,2026-02-25,13:57:50,lista_movimenti,,90,20,Hn730442
8059,2023-05-18,09:54:13,lista_movimenti,,656,218,VY118399
8060,2024-11-27,17:12:26,deposito,150.36,130,199,FM266022
8061,2023-01-09,16:19:13,saldo,,1035,260,RP791352
8062,2026-03-14,16:35:23,deposito,71.75,683,296,Su580622
8063,2025-03-27,07:48:21,deposito,139.62,575,203,cX077975
8064,2025-01-22,06:51:38,prelievo,181.65,777,118,Pa086728
8065,2018-02-19,09:26:56,lista_movimenti,,693,133,SV695472
8066,2025-06-29,14:55:11,deposito,23.77,589,242,xf823982
8067,2023-03-05,05:39:04,prelievo,28.78,326,275,ML567127
8068,2021-07-17,22:23:12,deposito,127.79,312,6,pL086551
8069,2025-01-31,22:31:54,prelievo,66.55,1001,287,sk102317
8070,2021-03-07,12:07:17,lista_movimenti,,677,53,sR730774
8071,2024-08-12,09:42:10,lista_movimenti,,77,141,Wu835472
8072,2022-02-04,15:43:43,deposito,16.87,1171,186,Pb698210
8073,2026-04-21,05:33:51,saldo,,1135,260,fY528082
8074,2019-12-14,20:18:25,deposito,89.87,270,86,Oy876662
8075,2021-03-14,04:54:16,saldo,,847,90,RE367652
8076,2023-06-24,02:27:46,prelievo,41.08,1148,271,zH881822
8077,2020-11-18,00:48:57,prelievo,132.18,407,210,ou846051
8078,2022-05-16,17:05:31,deposito,175.67,1125,88,Ea443678
8079,2025-07-18,07:04:49,deposito,174.71,493,138,cA080952
8080,2022-05-10,21:22:06,prelievo,194.89,732,5,pY825420
8081,2019-07-01,23:59:20,prelievo,72.14,176,157,jK495738
8082,2021-09-18,08:17:55,deposito,17.16,1131,289,HE763262
8083,2020-05-21,07:37:04,prelievo,56.39,1009,242,ho830970
8084,2020-12-23,17:56:41,prelievo,144.97,69,147,va318500
8085,2014-05-07,07:38:07,deposito,43.05,317,29,dw906742
8086,2025-11-22,21:45:15,deposito,55.18,656,38,VY118399
8087,2025-09-12,06:58:49,saldo,,36,162,xw344115
8088,2024-09-03,11:21:04,deposito,110.92,130,229,FM266022
8089,2018-07-16,23:22:00,prelievo,98.61,250,5,BA681787
8090,2026-05-09,23:59:58,saldo,,321,46,Np409420
8091,2021-08-13,14:41:20,saldo,,642,298,wD928648
8092,2024-07-17,23:09:24,prelievo,147.82,998,103,bI476030
8093,2021-11-27,15:54:55,lista_movimenti,,379,282,UA644901
8094,2025-10-06,15:26:23,lista_movimenti,,709,139,Fq907553
8095,2018-01-30,17:31:10,prelievo,128.65,150,258,vN665993
8096,2022-12-08,03:54:39,deposito,23.53,761,49,Uz099661
8097,2024-04-11,01:27:09,prelievo,27.19,722,73,SL697117
8098,2020-11-20,02:18:37,deposito,58.89,748,38,DB529952
8099,2014-10-16,06:25:00,saldo,,1154,104,OL183343
8100,2019-11-04,21:50:32,prelievo,143.58,374,138,zf209365
8101,2022-09-27,15:10:28,deposito,88.03,517,71,aJ952726
8102,2022-07-28,01:35:05,deposito,105.65,48,75,cd763882
8103,2022-05-24,14:08:20,prelievo,83.63,559,179,QL498421
8104,2025-02-08,06:41:52,deposito,129.16,855,80,tP142303
8105,2022-06-20,05:36:44,deposito,47.41,741,97,Jx955965
8106,2026-03-08,10:16:48,deposito,79.55,1029,120,mt182957
8107,2025-12-25,01:52:13,prelievo,123.9,13,187,iO337994
8108,2026-03-06,19:57:49,saldo,,1183,71,YZ657359
8109,2012-12-03,14:51:27,prelievo,138.96,209,82,mE300044
8110,2024-05-02,07:45:22,prelievo,91.96,779,129,yF840729
8111,2025-12-06,05:26:41,prelievo,45.37,1084,107,wM087977
8112,2024-07-17,12:02:06,deposito,73.18,287,68,Jf320281
8113,2014-12-05,17:09:38,deposito,61.01,757,163,sz721489
8114,2022-10-10,08:51:23,lista_movimenti,,939,194,PZ716515
8115,2022-07-02,01:16:55,lista_movimenti,,438,260,uG743017
8116,2018-03-17,16:16:40,saldo,,966,291,ES861072
8117,2020-05-16,06:49:45,deposito,143.41,1095,281,Ao945467
8118,2026-02-08,12:05:57,prelievo,187.7,559,295,QL498421
8119,2024-07-04,16:59:21,deposito,151.61,1121,198,Eu287784
8120,2025-06-21,06:13:22,lista_movimenti,,563,204,RL118842
8121,2014-10-12,06:11:56,deposito,22.54,1058,176,yi644979
8122,2025-05-27,15:55:25,prelievo,94.65,706,167,FA324974
8123,2023-05-16,12:05:04,deposito,73.16,1182,213,LJ127341
8124,2022-12-07,02:25:11,prelievo,69.96,691,234,Pd126645
8125,2019-04-28,03:02:23,deposito,127.82,319,123,nC549438
8126,2025-03-10,07:44:01,deposito,92.88,227,190,jl028502
8127,2023-11-09,15:59:59,saldo,,518,233,XQ237919
8128,2020-06-12,00:54:34,prelievo,94.4,779,268,yF840729
8129,2020-03-07,16:15:16,lista_movimenti,,922,127,wi094558
8130,2025-03-22,04:24:09,prelievo,113.22,993,269,XY407086
8131,2025-01-13,00:32:08,saldo,,192,52,pj805928
8132,2024-12-16,17:48:32,deposito,105.02,718,149,Mt154953
8133,2023-10-16,15:44:32,deposito,147.38,133,223,dk225195
8134,2025-09-27,06:02:14,lista_movimenti,,676,116,aY201522
8135,2020-10-17,13:45:51,prelievo,152.06,704,101,LY958187
8136,2019-02-03,18:43:46,deposito,159.22,1149,237,vx314059
8137,2023-12-10,08:40:05,saldo,,381,183,Ta801186
8138,2020-04-11,11:56:13,lista_movimenti,,1023,127,yr247876
8139,2018-11-18,00:22:32,prelievo,137.27,1179,213,An452480
8140,2024-08-25,23:43:39,prelievo,54.28,789,153,IB961263
8141,2021-04-04,17:47:43,deposito,48.0,1123,213,Vs428980
8142,2020-06-23,01:50:10,prelievo,81.11,751,204,Bh940343
8143,2020-03-21,22:56:12,deposito,61.58,1131,150,HE763262
8144,2019-06-14,03:25:40,prelievo,80.54,1115,82,sg760354
8145,2021-06-29,10:16:58,deposito,190.94,925,241,fd940196
8146,2019-08-17,02:27:35,prelievo,156.66,987,58,SU749508
8147,2026-02-13,13:23:14,deposito,117.89,1140,168,Kw431712
8148,2018-03-14,18:41:29,deposito,107.45,1057,11,CP061307
8149,2019-05-07,23:25:17,prelievo,182.52,425,157,cv644948
8150,2024-08-11,19:27:01,prelievo,199.09,612,84,uZ310361
8151,2014-05-10,03:09:28,deposito,10.22,811,293,XA486278
8152,2026-01-12,17:00:44,prelievo,125.13,632,159,Gd232898
8153,2026-01-12,22:12:23,deposito,95.79,253,130,uM884186
8154,2024-02-07,15:50:40,prelievo,106.94,606,176,oP962982
8155,2026-03-21,05:35:38,prelievo,99.0,629,271,Lb611362
8156,2015-06-12,13:55:42,deposito,81.56,865,103,Is436878
8157,2018-08-08,13:44:51,prelievo,46.95,600,295,ax385606
8158,2025-10-25,11:46:10,prelievo,197.17,220,290,kg439144
8159,2011-12-19,21:10:13,deposito,81.04,341,11,kx027099
8160,2025-12-19,06:45:49,deposito,189.85,1034,240,ct634978
8161,2016-04-29,18:28:08,saldo,,517,9,aJ952726
8162,2019-09-01,17:51:23,deposito,114.62,609,285,tJ636285
8163,2021-03-12,02:05:40,saldo,,419,191,Dg673357
8164,2024-06-21,17:19:21,prelievo,158.72,587,286,Me267156
8165,2022-10-12,22:49:54,saldo,,746,107,OZ333071
8166,2021-04-06,13:11:19,saldo,,92,220,uV538170
8167,2020-09-14,13:40:00,deposito,41.6,836,57,Iq692534
8168,2017-10-31,16:44:13,deposito,100.42,952,92,ix583690
8169,2025-10-26,07:07:39,prelievo,109.19,505,96,dl073667
8170,2021-01-17,06:32:17,prelievo,49.41,474,106,Rn956359
8171,2023-07-29,14:27:02,deposito,81.1,453,274,Tg814433
8172,2022-10-21,03:25:35,lista_movimenti,,301,86,aU233191
8173,2025-10-13,01:08:36,prelievo,49.03,668,265,JO652237
8174,2017-08-20,19:52:42,deposito,84.91,732,17,pY825420
8175,2025-03-19,14:28:32,deposito,159.41,1165,210,bu038748
8176,2024-08-12,10:37:15,deposito,15.24,508,132,yb648820
8177,2023-11-17,14:28:33,prelievo,16.2,1039,154,DN145486
8178,2024-08-10,11:50:53,deposito,68.18,1192,69,JQ672056
8179,2012-05-13,23:58:36,prelievo,136.2,12,262,dJ053367
8180,2022-09-15,08:42:04,deposito,192.07,1044,247,hV911640
8181,2026-04-17,15:00:32,prelievo,117.17,957,212,dx290892
8182,2018-06-14,03:18:17,deposito,190.38,143,68,AD690345
8183,2018-06-08,22:29:48,prelievo,19.34,318,87,iq314937
8184,2024-11-07,13:53:07,saldo,,857,243,gC043514
8185,2013-12-16,13:31:26,saldo,,162,299,AU524344
8186,2021-07-15,18:27:01,prelievo,84.46,820,26,Ll846227
8187,2019-03-11,19:59:43,prelievo,185.0,49,104,rE279047
8188,2025-06-16,16:56:03,prelievo,141.65,582,81,kz817746
8189,2017-01-24,12:36:13,prelievo,154.31,293,258,js239010
8190,2025-12-08,11:08:33,lista_movimenti,,1056,49,Su169084
8191,2026-02-24,10:20:20,saldo,,747,162,FG019868
8192,2019-12-22,00:47:09,deposito,56.89,1021,271,FN134404
8193,2014-07-06,21:05:51,saldo,,324,178,tN450687
8194,2020-05-13,01:39:22,deposito,50.05,789,276,IB961263
8195,2021-02-27,01:49:32,deposito,154.74,658,155,FE893788
8196,2023-12-30,16:16:29,prelievo,186.29,1140,14,Kw431712
8197,2024-10-11,05:34:47,prelievo,51.98,1028,72,Qe387737
8198,2025-11-14,19:26:28,deposito,75.05,449,276,Kf023732
8199,2024-06-18,11:34:02,prelievo,39.55,304,80,TN543457
8200,2015-06-04,17:44:32,deposito,77.09,555,73,Bc160849
8201,2019-02-01,15:01:32,deposito,87.34,831,108,iz149965
8202,2017-11-13,08:51:20,prelievo,40.6,435,55,Eu853472
8203,2014-10-10,20:27:54,deposito,28.56,677,217,sR730774
8204,2021-05-25,11:49:52,deposito,132.64,238,70,BA420391
8205,2019-07-27,10:35:21,prelievo,53.15,94,108,OG342686
8206,2020-06-18,03:24:41,prelievo,182.12,462,158,LB623230
8207,2017-12-17,13:40:27,prelievo,26.07,718,118,Mt154953
8208,2019-05-18,18:42:18,saldo,,473,9,qO539810
8209,2023-11-15,13:32:50,prelievo,47.32,829,270,jU828444
8210,2013-04-01,17:07:16,prelievo,83.95,718,206,Mt154953
8211,2025-04-06,16:18:26,deposito,158.39,1166,234,PJ564718
8212,2022-09-12,08:26:51,prelievo,129.7,281,238,rQ561181
8213,2024-01-24,09:13:45,prelievo,66.12,750,75,eS158534
8214,2025-12-13,20:52:05,lista_movimenti,,339,212,vj794623
8215,2013-11-11,15:28:47,deposito,33.06,429,173,KG991994
8216,2015-01-28,04:41:09,prelievo,163.78,211,165,tS675776
8217,2025-02-05,16:32:44,prelievo,169.33,646,69,Rp412918
8218,2024-07-25,08:37:43,prelievo,80.49,301,254,aU233191
8219,2018-03-30,09:55:06,lista_movimenti,,982,194,mG363466
8220,2024-02-27,12:45:17,deposito,42.95,886,245,rX171424
8221,2025-02-11,04:36:44,deposito,42.53,762,11,gs248964
8222,2014-11-20,04:54:24,deposito,48.58,1164,192,PY170633
8223,2025-08-01,05:38:19,prelievo,44.18,362,69,gF507004
8224,2024-01-15,14:05:06,prelievo,131.28,557,274,pj936322
8225,2025-04-19,18:04:02,deposito,99.49,242,274,kH373446
8226,2026-04-30,22:46:41,deposito,113.93,707,48,SZ857761
8227,2024-07-09,12:48:52,deposito,99.17,877,257,ns785532
8228,2013-08-14,02:14:40,prelievo,15.35,375,244,la332278
8229,2025-06-15,09:30:30,deposito,138.54,433,136,Ss272605
8230,2021-09-04,21:01:39,lista_movimenti,,381,233,Ta801186
8231,2020-11-08,20:35:34,deposito,87.65,888,207,RN445012
8232,2024-02-11,15:48:51,deposito,64.38,205,9,QO037403
8233,2025-07-10,01:56:57,deposito,32.05,990,2,hc253896
8234,2016-06-23,09:31:19,deposito,47.71,833,205,om958353
8235,2019-05-07,11:03:47,prelievo,185.95,1078,160,DJ329704
8236,2020-02-04,20:03:13,prelievo,23.19,732,297,pY825420
8237,2023-04-25,06:08:24,deposito,139.26,88,212,Jv325918
8238,2023-06-27,01:18:29,lista_movimenti,,740,219,XL707137
8239,2026-02-16,13:10:03,deposito,157.12,52,232,ao504679
8240,2025-06-20,14:43:57,lista_movimenti,,617,220,au473245
8241,2025-11-28,20:37:34,saldo,,1028,24,Qe387737
8242,2022-10-17,17:24:28,lista_movimenti,,1173,140,ir077914
8243,2019-07-06,13:52:53,prelievo,74.23,272,278,gT041205
8244,2017-12-09,09:58:17,deposito,62.79,796,110,fP140046
8245,2022-04-24,07:57:46,deposito,151.1,779,14,yF840729
8246,2021-10-03,16:18:07,prelievo,179.04,644,207,qY768457
8247,2024-09-21,00:28:27,prelievo,23.88,547,155,ax808967
8248,2024-12-06,21:09:42,prelievo,52.6,191,141,Bt086529
8249,2019-11-02,01:41:51,deposito,168.9,751,15,Bh940343
8250,2022-01-20,05:53:01,deposito,92.18,237,49,AK157155
8251,2019-01-13,02:23:05,deposito,66.64,1112,84,He343714
8252,2026-03-09,05:24:40,deposito,24.95,444,142,Id610604
8253,2025-11-10,07:56:37,deposito,140.03,122,50,hF448006
8254,2023-06-21,04:20:13,prelievo,156.45,702,176,bD060463
8255,2022-10-21,22:08:12,deposito,37.53,502,92,aT559634
8256,2015-12-18,22:40:08,deposito,160.85,1142,295,ud181367
8257,2019-08-22,07:08:18,saldo,,751,201,Bh940343
8258,2017-08-17,07:45:24,saldo,,914,250,VL286603
8259,2018-04-22,19:45:18,saldo,,913,234,in303073
8260,2022-12-31,22:42:36,deposito,42.03,1053,37,CB045667
8261,2023-08-13,19:24:25,prelievo,38.71,251,296,KJ865738
8262,2025-04-10,01:03:21,saldo,,840,83,zN382122
8263,2021-03-08,16:07:31,prelievo,168.11,318,264,iq314937
8264,2026-04-03,20:46:40,deposito,150.65,1048,36,kW936808
8265,2021-09-19,12:39:33,prelievo,13.1,700,111,KZ554760
8266,2017-10-04,06:56:31,deposito,59.88,87,145,jy557244
8267,2023-01-05,15:55:38,saldo,,348,135,qd961534
8268,2023-11-30,20:52:56,prelievo,106.85,325,34,ZV821070
8269,2019-08-21,21:38:23,deposito,77.77,348,12,qd961534
8270,2014-03-17,00:32:01,lista_movimenti,,247,278,wz717652
8271,2024-05-08,07:35:22,deposito,142.09,812,12,ja410389
8272,2021-01-01,14:25:56,deposito,93.8,841,105,AK934462
8273,2021-08-11,05:10:22,lista_movimenti,,452,162,OB971127
8274,2020-06-11,06:28:15,prelievo,133.76,453,266,Tg814433
8275,2023-06-02,06:08:19,deposito,175.84,952,132,ix583690
8276,2026-05-09,12:05:38,prelievo,148.25,1196,175,Lc310885
8277,2016-03-09,18:27:48,deposito,162.8,148,61,xz777284
8278,2020-01-08,18:19:24,lista_movimenti,,1032,212,tF004375
8279,2023-11-10,04:53:51,deposito,97.52,817,51,Or478011
8280,2025-12-07,01:09:57,deposito,91.88,901,288,ne782614
8281,2023-09-17,15:01:23,prelievo,117.32,541,204,Lg922679
8282,2020-11-22,02:47:57,lista_movimenti,,184,43,sb580731
8283,2025-07-08,01:43:04,prelievo,14.52,473,87,qO539810
8284,2022-04-20,15:48:00,deposito,105.76,31,118,ff382517
8285,2023-11-23,05:00:11,prelievo,72.7,230,55,Pa383066
8286,2025-11-19,22:06:22,deposito,159.08,827,272,FF677474
8287,2025-06-18,14:10:41,prelievo,154.28,1069,285,dd680235
8288,2021-01-14,07:20:37,deposito,197.23,934,290,AK622148
8289,2025-11-06,20:37:03,prelievo,44.23,663,250,zr716417
8290,2024-01-15,10:42:10,prelievo,77.8,267,125,cq633006
8291,2021-12-01,14:59:47,prelievo,194.65,383,73,li800403
8292,2024-02-11,20:34:51,deposito,170.77,899,91,vh211869
8293,2022-06-20,07:24:31,saldo,,118,137,LR374410
8294,2017-06-30,07:11:11,prelievo,153.14,686,83,tL382748
8295,2021-05-23,15:59:18,saldo,,748,137,DB529952
8296,2024-07-28,23:58:37,prelievo,88.77,587,275,Me267156
8297,2021-01-04,12:05:50,deposito,81.6,1170,29,Db002824
8298,2025-09-13,22:03:33,deposito,123.22,131,236,GT579522
8299,2016-12-03,12:31:30,deposito,105.87,528,261,QI658949
8300,2024-02-27,22:46:00,prelievo,68.27,1136,48,ei795202
8301,2020-06-24,15:30:39,deposito,25.7,281,49,rQ561181
8302,2018-09-27,00:40:27,deposito,64.69,689,83,QV748078
8303,2019-08-03,19:09:54,prelievo,64.29,249,266,HF644990
8304,2023-12-23,11:11:11,saldo,,536,219,Dv935647
8305,2024-02-01,15:18:07,deposito,175.19,511,54,Rx296457
8306,2025-03-24,13:29:36,prelievo,146.77,1177,287,aq472474
8307,2026-04-08,16:04:55,lista_movimenti,,344,280,PC403663
8308,2025-12-26,03:54:34,deposito,12.97,89,270,BZ035284
8309,2025-09-16,03:07:39,prelievo,142.46,863,43,Pq996196
8310,2024-02-04,04:42:49,deposito,37.25,235,70,rG927062
8311,2016-09-22,17:35:37,saldo,,851,300,dO192214
8312,2024-05-05,21:55:07,deposito,78.27,427,124,rR690371
8313,2023-03-01,12:49:30,deposito,111.38,761,72,Uz099661
8314,2026-04-10,11:29:29,deposito,85.35,594,26,mR705225
8315,2019-03-26,03:34:44,prelievo,189.94,1107,56,GG317502
8316,2024-10-07,19:54:18,prelievo,113.39,1090,191,Re932589
8317,2024-04-29,16:53:44,prelievo,23.94,995,87,Ht135218
8318,2017-12-18,15:29:46,prelievo,192.53,1131,24,HE763262
8319,2025-06-16,18:25:03,deposito,104.03,993,200,XY407086
8320,2022-07-24,22:02:23,saldo,,808,124,hm879937
8321,2022-03-29,11:35:48,deposito,163.14,1004,217,hM518093
8322,2023-06-29,09:01:29,prelievo,196.15,279,34,Xh076423
8323,2025-12-22,08:49:45,deposito,65.79,443,73,mb464949
8324,2020-11-03,11:41:08,lista_movimenti,,640,218,NG037912
8325,2019-04-07,01:01:16,prelievo,85.99,299,210,NS978939
8326,2020-07-04,00:03:13,deposito,13.78,639,249,jy431161
8327,2021-08-29,16:40:56,deposito,114.2,652,92,DG214189
8328,2019-09-30,02:01:37,saldo,,1063,257,ml256657
8329,2019-08-02,11:45:39,prelievo,103.35,303,23,jL996308
8330,2017-08-30,13:59:52,lista_movimenti,,676,212,aY201522
8331,2025-04-12,14:29:01,deposito,40.39,615,3,Wu128114
8332,2024-02-14,08:52:41,prelievo,90.03,1105,11,GC955349
8333,2025-05-01,21:46:36,prelievo,53.12,117,242,sM581489
8334,2025-05-12,19:12:28,lista_movimenti,,1011,257,kj751268
8335,2018-08-09,05:07:58,lista_movimenti,,1072,146,fX001016
8336,2019-05-16,17:17:10,lista_movimenti,,751,233,Bh940343
8337,2015-08-23,06:51:39,deposito,49.65,679,101,Hr752388
8338,2014-04-21,10:15:01,prelievo,191.82,1110,76,PU824490
8339,2015-12-04,07:26:46,prelievo,86.42,81,292,EJ330568
8340,2019-07-09,02:10:56,prelievo,171.9,820,288,Ll846227
8341,2022-08-02,08:27:42,prelievo,64.31,1003,87,oD483039
8342,2024-12-26,00:09:22,prelievo,119.2,625,168,jh031923
8343,2024-11-04,20:22:21,lista_movimenti,,750,86,eS158534
8344,2021-06-01,07:27:57,deposito,193.23,608,160,FE634864
8345,2014-07-03,07:21:33,prelievo,37.15,43,114,yJ510749
8346,2025-07-31,14:51:07,deposito,60.17,677,69,sR730774
8347,2023-08-16,11:37:30,deposito,181.15,733,213,FG408338
8348,2025-08-06,21:00:54,deposito,79.07,863,179,Pq996196
8349,2025-05-04,16:37:15,lista_movimenti,,771,52,UC279512
8350,2024-06-17,21:59:24,prelievo,180.63,103,295,fO984803
8351,2022-06-01,17:16:31,saldo,,1056,125,Su169084
8352,2023-10-13,23:41:14,deposito,173.11,943,55,BN801139
8353,2025-02-01,00:14:57,prelievo,60.39,906,156,it130049
8354,2022-01-28,14:48:36,saldo,,507,242,Hp708117
8355,2026-01-14,00:06:13,prelievo,180.37,83,15,rI266900
8356,2024-07-10,21:34:14,lista_movimenti,,1069,95,dd680235
8357,2024-06-24,16:28:37,deposito,147.99,309,145,AY709126
8358,2023-11-30,09:24:34,saldo,,846,42,QS796335
8359,2019-01-19,09:14:22,lista_movimenti,,539,253,jt315874
8360,2021-11-03,11:31:44,deposito,164.38,48,115,cd763882
8361,2026-02-19,21:05:52,prelievo,126.6,1052,210,ib855608
8362,2020-05-10,15:07:52,deposito,167.09,343,25,bA149454
8363,2026-04-01,13:24:13,prelievo,93.55,612,237,uZ310361
8364,2026-03-22,14:49:45,lista_movimenti,,124,231,bg952396
8365,2023-11-15,19:57:19,lista_movimenti,,738,219,Zd508101
8366,2025-12-31,04:45:06,saldo,,747,149,FG019868
8367,2025-05-14,19:50:13,prelievo,187.03,738,202,Zd508101
8368,2025-06-15,10:14:03,prelievo,187.43,511,4,Rx296457
8369,2025-05-08,10:32:42,deposito,96.81,872,98,bF048011
8370,2023-03-05,20:19:16,prelievo,153.92,631,132,rU109008
8371,2021-06-22,21:43:48,deposito,109.57,1143,162,bW443277
8372,2017-05-30,10:37:50,deposito,165.04,533,253,yd344027
8373,2024-06-22,03:42:35,deposito,72.79,483,75,RF112903
8374,2023-08-08,19:19:17,deposito,71.5,560,203,SE534125
8375,2020-10-06,17:33:24,prelievo,121.61,873,248,TX476836
8376,2018-05-05,16:51:44,prelievo,136.03,1188,281,Wy463276
8377,2025-11-12,23:03:19,deposito,86.99,373,136,UI724109
8378,2022-05-19,21:21:03,deposito,84.66,917,2,Wi768100
8379,2016-03-25,09:33:01,deposito,114.82,415,268,me115735
8380,2015-05-01,10:01:34,prelievo,47.05,1144,172,vg612522
8381,2016-06-17,12:07:04,deposito,94.45,1150,15,QG071620
8382,2019-12-06,20:18:05,deposito,94.83,925,73,fd940196
8383,2023-10-16,07:06:23,saldo,,413,234,wI003182
8384,2019-02-21,10:23:35,saldo,,595,147,DA024366
8385,2025-06-16,08:56:07,prelievo,158.55,364,145,Qt669114
8386,2023-06-12,15:34:21,lista_movimenti,,135,224,mN857974
8387,2015-09-08,18:26:40,prelievo,169.86,1050,119,EK361459
8388,2022-11-15,18:24:22,prelievo,191.74,305,75,Bn256975
8389,2025-05-12,10:55:23,prelievo,177.93,891,120,kI528431
8390,2020-11-25,13:20:12,deposito,89.06,45,178,aW776807
8391,2013-08-03,03:34:50,prelievo,131.37,441,39,Nu332959
8392,2025-11-24,14:35:44,saldo,,1159,300,LT975737
8393,2023-12-30,09:05:50,saldo,,690,9,nV224408
8394,2017-07-12,08:00:14,saldo,,637,204,Hk718737
8395,2025-09-08,10:42:46,deposito,46.15,530,2,th109211
8396,2019-10-30,22:30:06,deposito,67.32,1152,223,KC264572
8397,2025-12-05,18:53:08,lista_movimenti,,970,74,qr685854
8398,2026-03-29,13:11:29,deposito,115.06,792,269,Wd120932
8399,2020-02-24,08:32:35,lista_movimenti,,884,259,Th922611
8400,2019-04-15,02:29:28,deposito,25.55,74,293,af822300
8401,2021-09-11,23:16:17,deposito,28.2,326,54,ML567127
8402,2025-07-19,13:03:16,saldo,,848,111,wP590147
8403,2024-05-23,12:17:31,deposito,66.19,588,284,GW723676
8404,2023-09-16,02:04:41,prelievo,125.17,860,186,Cl294650
8405,2023-09-17,15:01:58,prelievo,150.97,305,161,Bn256975
8406,2012-02-09,06:40:45,deposito,149.11,1057,198,CP061307
8407,2026-02-25,10:23:38,lista_movimenti,,205,284,QO037403
8408,2017-09-07,14:56:38,prelievo,139.41,263,83,ic735384
8409,2021-07-08,14:44:44,saldo,,710,269,tB382032
8410,2024-06-08,17:46:09,prelievo,102.52,527,72,FG881575
8411,2024-05-07,23:01:59,lista_movimenti,,762,253,gs248964
8412,2017-01-27,04:09:46,deposito,47.36,864,168,PO015467
8413,2020-04-01,04:09:04,prelievo,83.99,94,300,OG342686
8414,2026-04-21,16:25:50,prelievo,118.63,547,136,ax808967
8415,2021-03-22,14:35:02,saldo,,1103,49,UV909989
8416,2020-11-20,23:11:12,saldo,,45,294,aW776807
8417,2025-03-27,05:39:35,deposito,171.58,614,113,oz242210
8418,2023-10-12,10:55:07,deposito,193.54,973,186,mG675895
8419,2017-12-23,03:57:20,deposito,76.97,1114,287,Si374605
8420,2022-10-31,17:56:52,lista_movimenti,,836,291,Iq692534
8421,2024-02-07,08:39:39,deposito,101.6,1098,6,dI033495
8422,2019-08-02,02:59:00,deposito,100.14,72,152,Sq657271
8423,2025-02-23,03:42:47,prelievo,168.41,558,251,gm972297
8424,2025-03-17,04:45:12,deposito,34.87,39,184,no127180
8425,2022-11-23,14:33:38,deposito,166.74,1139,183,hf149424
8426,2021-10-06,00:02:25,deposito,179.69,624,190,Fh485201
8427,2025-07-21,04:49:45,saldo,,496,31,mj431401
8428,2025-09-20,16:48:58,prelievo,54.23,909,76,qy515003
8429,2026-01-26,07:53:33,prelievo,114.12,393,170,nl962340
8430,2024-11-16,06:47:13,prelievo,148.98,420,258,Nt155192
8431,2020-06-01,00:26:48,lista_movimenti,,840,79,zN382122
8432,2023-02-02,19:01:16,prelievo,139.9,150,37,vN665993
8433,2025-07-04,16:28:57,prelievo,40.41,336,42,Tq273933
8434,2016-12-22,14:36:44,deposito,169.57,76,80,jP159408
8435,2023-06-28,09:53:53,lista_movimenti,,523,98,Nl703697
8436,2021-12-16,21:20:58,prelievo,179.5,225,84,mN780589
8437,2026-01-28,00:37:32,prelievo,158.47,710,60,tB382032
8438,2021-06-21,03:28:27,prelievo,12.58,143,214,AD690345
8439,2025-06-17,19:04:53,deposito,51.91,560,130,SE534125
8440,2024-05-13,06:36:59,prelievo,101.25,815,287,fS722070
8441,2024-02-28,11:04:59,saldo,,695,279,hL257603
8442,2023-02-10,02:35:58,prelievo,83.6,175,79,LD982891
8443,2026-03-02,23:24:07,lista_movimenti,,1138,183,Bn553352
8444,2023-07-19,11:08:10,deposito,164.1,438,211,uG743017
8445,2025-09-12,05:17:48,lista_movimenti,,918,248,nV284576
8446,2017-10-20,17:37:41,prelievo,34.25,1111,101,Ua519335
8447,2024-10-04,08:19:08,prelievo,34.87,304,54,TN543457
8448,2019-03-31,17:46:04,deposito,31.91,953,229,bj490623
8449,2021-03-27,23:03:07,deposito,145.06,969,214,YU658427
8450,2024-08-21,22:43:24,deposito,32.06,411,156,PF743607
8451,2025-06-27,18:19:29,deposito,55.32,171,112,Wl128503
8452,2020-06-22,22:22:23,deposito,102.67,710,293,tB382032
8453,2024-11-17,12:06:42,prelievo,75.13,1101,93,dm931013
8454,2024-02-08,12:10:29,deposito,96.69,662,165,Mq228210
8455,2023-12-28,16:26:49,deposito,168.4,213,240,kH402165
8456,2024-10-24,06:52:17,saldo,,854,32,My114455
8457,2022-03-02,17:46:18,prelievo,151.51,31,31,ff382517
8458,2015-08-14,01:02:38,deposito,179.35,687,70,zk059131
8459,2015-07-10,09:38:49,prelievo,11.05,1162,273,Qo689553
8460,2022-02-09,13:14:17,prelievo,52.64,28,277,ja601436
8461,2022-02-01,10:21:30,prelievo,130.83,297,228,jf983145
8462,2022-08-14,21:20:29,saldo,,91,254,qw964992
8463,2025-05-29,00:03:27,saldo,,30,74,ni811078
8464,2020-03-25,06:39:05,saldo,,25,162,AQ934320
8465,2020-07-17,10:44:37,deposito,44.28,1039,215,DN145486
8466,2020-11-06,16:05:16,prelievo,135.33,481,277,eL802352
8467,2025-06-17,02:40:19,lista_movimenti,,355,194,aw417136
8468,2020-11-09,04:57:56,prelievo,103.04,317,210,dw906742
8469,2020-05-30,02:44:09,deposito,46.97,844,176,UQ481602
8470,2023-04-22,07:06:53,lista_movimenti,,542,126,cY205780
8471,2024-02-18,21:29:55,saldo,,459,53,BA662880
8472,2025-01-28,02:57:16,prelievo,135.24,2,124,nO423589
8473,2023-02-03,00:05:20,deposito,87.94,557,23,pj936322
8474,2022-05-21,01:32:42,saldo,,953,45,bj490623
8475,2021-11-06,03:37:58,prelievo,115.31,42,237,qK999153
8476,2024-06-10,16:05:16,saldo,,398,216,yz311053
8477,2016-02-23,18:55:05,deposito,48.65,712,42,tv905159
8478,2025-09-19,23:25:33,lista_movimenti,,1030,169,uL710316
8479,2026-01-29,02:03:03,lista_movimenti,,51,42,Lq932284
8480,2020-03-28,20:34:25,deposito,81.8,724,205,Ve878154
8481,2021-08-21,18:12:23,deposito,76.51,156,164,rO916416
8482,2018-03-11,19:44:57,deposito,131.08,1197,94,Gl263960
8483,2023-03-31,12:21:29,deposito,50.96,293,77,js239010
8484,2025-07-19,06:30:04,deposito,104.2,779,131,yF840729
8485,2023-06-03,00:26:53,saldo,,700,193,KZ554760
8486,2022-06-22,21:50:02,prelievo,52.91,1110,63,PU824490
8487,2023-08-29,05:27:10,saldo,,173,131,he314403
8488,2014-02-02,00:18:56,prelievo,132.15,615,149,Wu128114
8489,2021-11-09,04:17:06,prelievo,47.16,256,275,RY237051
8490,2021-01-04,11:40:17,prelievo,99.18,83,127,rI266900
8491,2023-06-13,08:34:37,prelievo,165.51,901,145,ne782614
8492,2019-11-15,21:39:34,prelievo,21.34,24,175,RU211254
8493,2020-04-10,16:08:36,prelievo,49.02,555,253,Bc160849
8494,2022-05-28,16:58:08,prelievo,130.11,300,161,hP694622
8495,2024-09-14,04:06:14,prelievo,35.47,934,290,AK622148
8496,2018-05-13,14:07:26,prelievo,28.27,247,230,wz717652
8497,2020-06-25,03:58:33,saldo,,694,298,gn819449
8498,2013-08-11,21:23:02,prelievo,169.62,213,261,kH402165
8499,2024-04-17,14:01:35,prelievo,31.47,951,288,pr814805
8500,2022-04-26,01:49:02,saldo,,665,190,kb286657
8501,2024-10-30,23:15:10,saldo,,837,127,iq967330
8502,2020-02-08,22:40:12,deposito,140.7,603,11,MD910872
8503,2024-03-27,06:13:39,prelievo,139.14,848,132,wP590147
8504,2021-11-20,16:08:00,prelievo,175.4,1057,163,CP061307
8505,2017-04-26,21:14:37,deposito,19.84,620,149,pO809799
8506,2022-07-13,02:21:51,deposito,188.2,804,133,NR877461
8507,2025-08-03,07:26:56,deposito,126.97,251,142,KJ865738
8508,2017-05-25,19:59:57,deposito,26.14,728,125,ni405247
8509,2024-12-15,10:56:00,deposito,141.01,880,170,Go167809
8510,2020-08-21,16:34:52,saldo,,570,178,TB016748
8511,2024-11-12,21:02:19,prelievo,13.0,948,17,VG308634
8512,2016-06-18,10:01:41,lista_movimenti,,419,234,Dg673357
8513,2025-01-13,16:23:13,deposito,187.01,681,166,Lg023896
8514,2025-01-28,17:30:54,prelievo,101.41,6,13,Mb533097
8515,2019-02-11,10:24:57,deposito,96.46,1156,238,CE752078
8516,2022-09-24,02:42:16,lista_movimenti,,30,228,ni811078
8517,2022-07-16,06:08:42,deposito,147.21,4,85,MO361219
8518,2024-06-25,11:43:18,saldo,,575,42,cX077975
8519,2024-10-29,14:58:08,prelievo,108.73,189,225,NM636869
8520,2025-12-22,18:22:53,saldo,,673,43,yu363595
8521,2021-09-17,06:38:06,prelievo,111.73,1195,274,Cc879609
8522,2023-05-19,18:29:36,prelievo,157.57,1011,40,kj751268
8523,2022-03-30,10:25:25,saldo,,740,218,XL707137
8524,2024-04-10,11:31:24,deposito,124.43,475,109,RA652206
8525,2021-05-21,21:25:59,deposito,10.35,204,219,md202995
8526,2026-01-02,01:07:08,deposito,34.08,868,105,xp147975
8527,2025-01-04,07:32:43,prelievo,45.26,246,278,CK473664
8528,2023-10-27,20:19:47,saldo,,143,60,AD690345
8529,2025-09-21,10:16:38,saldo,,334,107,vN303032
8530,2025-10-04,10:34:40,deposito,73.71,612,109,uZ310361
8531,2024-04-07,05:13:09,prelievo,39.0,628,42,Wt037433
8532,2025-09-11,09:08:00,prelievo,73.0,1120,295,FT220278
8533,2022-08-10,13:34:11,prelievo,43.77,980,35,zI224770
8534,2019-08-15,06:23:48,prelievo,14.34,387,237,Lr494654
8535,2025-04-08,14:30:47,saldo,,773,269,xs062719
8536,2024-09-29,23:57:54,saldo,,114,10,Xr318688
8537,2023-10-14,13:50:55,deposito,154.69,485,138,Eu704908
8538,2023-05-31,07:39:05,prelievo,64.06,409,146,uk018796
8539,2025-11-05,01:15:57,deposito,142.22,172,277,oE768132
8540,2023-05-16,21:35:09,saldo,,488,300,zd589532
8541,2020-03-21,08:34:00,deposito,87.37,481,255,eL802352
8542,2023-02-10,23:53:37,prelievo,14.89,402,78,kC493574
8543,2023-12-25,14:32:18,prelievo,54.52,193,21,sF138373
8544,2016-11-10,17:22:17,deposito,20.57,1164,205,PY170633
8545,2015-10-26,06:43:32,deposito,116.21,469,238,WM351496
8546,2021-10-07,09:50:34,saldo,,268,233,QY333112
8547,2025-12-29,21:17:25,deposito,174.79,444,176,Id610604
8548,2022-08-22,23:12:03,prelievo,30.31,31,26,ff382517
8549,2026-03-01,03:45:41,lista_movimenti,,898,236,ET847886
8550,2026-01-27,03:30:15,deposito,21.32,1148,274,zH881822
8551,2022-11-19,08:39:02,prelievo,39.47,983,41,ix440725
8552,2026-04-21,16:54:45,saldo,,715,294,EY159838
8553,2026-04-29,17:29:28,lista_movimenti,,366,289,Ux779634
8554,2025-06-02,18:15:53,prelievo,20.21,66,13,NG470289
8555,2024-12-09,17:04:54,prelievo,112.22,593,13,SX211034
8556,2020-03-28,14:30:29,prelievo,176.52,788,45,Fc865300
8557,2022-11-22,11:36:23,deposito,15.43,841,168,AK934462
8558,2023-02-21,06:21:59,prelievo,136.69,1067,234,yo900724
8559,2022-09-03,10:31:01,prelievo,12.79,534,125,ue295982
8560,2023-05-31,02:53:55,deposito,101.52,882,132,Rm212158
8561,2015-08-28,20:13:35,deposito,52.2,1078,198,DJ329704
8562,2021-01-19,03:20:47,prelievo,126.5,181,104,Aq043915
8563,2014-06-28,13:32:20,saldo,,556,235,xC321567
8564,2018-05-06,18:02:39,deposito,137.83,729,225,yh834031
8565,2023-01-20,00:37:08,prelievo,27.14,742,185,lp299919
8566,2024-11-12,03:54:39,deposito,11.23,726,258,cf448188
8567,2024-12-20,22:13:58,prelievo,92.25,644,298,qY768457
8568,2026-02-20,05:11:52,deposito,186.28,6,174,Mb533097
8569,2023-12-10,11:32:12,prelievo,41.6,65,207,Jv233576
8570,2026-03-13,05:52:16,deposito,63.0,443,120,mb464949
8571,2021-07-28,13:06:00,deposito,118.46,655,136,rv516182
8572,2025-10-14,21:02:57,deposito,14.57,683,253,Su580622
8573,2022-10-28,13:20:27,deposito,34.74,514,221,Ps863192
8574,2025-08-15,16:30:15,saldo,,964,232,dv617920
8575,2025-06-04,09:42:01,deposito,155.56,899,113,vh211869
8576,2023-07-25,02:15:17,lista_movimenti,,1061,74,na289629
8577,2020-02-15,04:35:16,prelievo,76.74,710,290,tB382032
8578,2018-09-09,16:06:28,prelievo,165.71,616,136,cG636261
8579,2021-12-30,16:30:31,saldo,,480,248,ut848710
8580,2021-02-20,07:21:42,saldo,,1067,231,yo900724
8581,2022-04-22,15:47:25,prelievo,181.39,875,148,bY805509
8582,2021-08-14,14:57:39,deposito,180.54,869,19,Uq601587
8583,2023-08-01,08:50:56,deposito,10.38,779,237,yF840729
8584,2023-07-02,12:46:02,saldo,,1014,250,Kj409420
8585,2024-02-17,13:30:32,deposito,173.18,1101,63,dm931013
8586,2026-02-22,00:20:35,prelievo,45.67,363,128,tS762220
8587,2021-10-28,18:00:04,deposito,54.97,13,168,iO337994
8588,2021-07-23,19:50:11,prelievo,152.72,986,163,tr946002
8589,2025-05-02,01:32:31,prelievo,189.94,44,52,mC350179
8590,2021-07-25,10:09:32,prelievo,77.04,475,185,RA652206
8591,2019-10-14,13:51:21,deposito,119.87,332,39,Am957427
8592,2020-05-25,13:02:00,deposito,68.08,167,254,gG114765
8593,2023-09-29,15:25:35,lista_movimenti,,693,233,SV695472
8594,2014-05-10,02:21:34,deposito,194.57,440,46,Ka451311
8595,2025-02-25,00:31:33,deposito,124.32,1144,32,vg612522
8596,2024-03-02,14:33:49,prelievo,48.95,351,282,PM719076
8597,2022-05-22,06:14:50,prelievo,27.39,741,225,Jx955965
8598,2026-05-03,12:35:32,deposito,30.71,813,120,IX168639
8599,2013-08-10,15:53:52,prelievo,104.38,1141,210,zj023797
8600,2019-01-18,07:09:11,prelievo,15.79,803,241,bu243545
8601,2026-01-21,11:01:10,prelievo,58.85,899,145,vh211869
8602,2025-03-27,07:01:38,lista_movimenti,,725,208,Qs637803
8603,2024-04-09,12:29:40,prelievo,46.75,1162,50,Qo689553
8604,2022-02-13,19:25:27,prelievo,96.33,865,8,Is436878
8605,2024-12-10,13:48:24,saldo,,156,139,rO916416
8606,2018-11-12,05:41:06,deposito,117.8,694,69,gn819449
8607,2024-03-14,10:09:42,deposito,27.06,90,57,Hn730442
8608,2021-05-02,14:55:26,prelievo,194.08,1166,118,PJ564718
8609,2022-02-15,06:05:46,prelievo,141.65,382,168,UR223914
8610,2020-06-29,21:37:46,prelievo,161.17,774,172,ph732639
8611,2021-12-03,11:19:25,lista_movimenti,,255,282,xg784797
8612,2018-11-01,02:53:02,lista_movimenti,,831,52,iz149965
8613,2024-08-15,16:08:19,prelievo,136.39,816,93,Pv978155
8614,2025-06-14,03:21:07,lista_movimenti,,865,288,Is436878
8615,2021-04-05,14:51:20,prelievo,107.78,456,131,bV036672
8616,2022-03-06,09:35:12,deposito,62.49,661,79,RF432548
8617,2024-08-10,00:56:41,deposito,15.7,381,57,Ta801186
8618,2022-05-26,11:28:11,lista_movimenti,,13,133,iO337994
8619,2020-01-14,21:30:45,saldo,,1019,255,hX191650
8620,2025-07-06,16:57:28,lista_movimenti,,130,65,FM266022
8621,2023-01-08,16:53:28,deposito,56.94,1183,198,YZ657359
8622,2026-04-08,06:54:14,prelievo,153.39,230,215,Pa383066
8623,2025-06-25,05:53:44,prelievo,86.28,1045,172,lY513046
8624,2025-08-10,12:38:31,prelievo,104.36,444,23,Id610604
8625,2024-02-13,14:55:24,deposito,137.17,406,225,Ie418523
8626,2025-10-14,13:54:56,lista_movimenti,,98,33,dD290562
8627,2024-07-24,05:13:19,prelievo,71.17,103,174,fO984803
8628,2019-08-20,02:58:12,prelievo,130.86,1109,172,Yg629950
8629,2021-09-05,05:16:08,deposito,76.62,962,223,of225929
8630,2017-12-08,11:31:51,prelievo,49.24,717,81,LS493276
8631,2017-06-18,06:06:04,deposito,79.89,1097,15,uq260383
8632,2025-09-04,17:41:38,lista_movimenti,,687,232,zk059131
8633,2023-08-20,12:27:46,prelievo,23.67,448,185,BC597992
8634,2021-08-05,15:02:13,prelievo,190.95,506,130,iO707360
8635,2021-04-29,17:13:57,prelievo,111.98,169,114,oQ579185
8636,2025-11-30,09:48:03,prelievo,62.36,625,69,jh031923
8637,2019-06-06,05:51:09,lista_movimenti,,232,144,eA275928
8638,2025-04-04,17:49:10,prelievo,120.85,179,51,Nk544670
8639,2025-05-12,20:04:00,saldo,,875,291,bY805509
8640,2024-11-27,10:58:01,saldo,,1084,182,wM087977
8641,2020-10-14,17:15:13,deposito,56.79,314,99,XR431449
8642,2024-04-15,17:11:14,lista_movimenti,,1119,123,Se418183
8643,2024-04-05,12:23:19,prelievo,64.76,1054,145,Xl943099
8644,2021-01-19,04:00:22,prelievo,28.86,1044,99,hV911640
8645,2022-02-15,03:31:59,deposito,28.43,870,239,Zb761079
8646,2023-11-23,19:49:01,deposito,153.23,1000,218,FH413999
8647,2024-01-02,08:30:30,prelievo,88.65,65,84,Jv233576
8648,2017-08-30,07:43:30,prelievo,186.45,1197,269,Gl263960
8649,2024-03-21,08:56:57,saldo,,180,1,xD625304
8650,2021-10-02,14:25:03,deposito,59.26,815,214,fS722070
8651,2025-05-22,04:24:34,deposito,122.33,738,18,Zd508101
8652,2019-10-02,19:11:18,prelievo,17.48,729,13,yh834031
8653,2024-03-31,13:14:35,deposito,197.27,989,244,kW532191
8654,2023-04-12,05:33:46,lista_movimenti,,417,236,fP730877
8655,2023-04-26,16:47:43,prelievo,50.74,368,167,hD686501
8656,2024-03-19,18:53:53,saldo,,435,288,Eu853472
8657,2026-02-07,10:26:32,deposito,173.98,587,242,Me267156
8658,2025-07-07,01:07:55,prelievo,55.58,1117,218,zy090818
8659,2013-08-28,12:51:31,prelievo,87.9,830,38,jq718409
8660,2018-07-16,10:15:26,saldo,,1156,190,CE752078
8661,2025-03-14,07:55:06,prelievo,16.38,1025,4,oT570600
8662,2017-11-17,03:13:56,lista_movimenti,,820,231,Ll846227
8663,2020-05-28,11:43:03,lista_movimenti,,965,43,nr798617
8664,2026-05-03,19:30:25,deposito,179.98,614,16,oz242210
8665,2022-01-16,01:25:02,deposito,68.86,912,117,PP822890
8666,2017-12-19,02:36:55,deposito,104.31,232,203,eA275928
8667,2025-06-04,05:51:13,prelievo,110.05,1097,259,uq260383
8668,2025-05-11,04:09:53,saldo,,966,133,ES861072
8669,2022-07-29,14:03:41,deposito,17.39,502,8,aT559634
8670,2022-11-28,19:26:05,saldo,,1155,90,wh954331
8671,2015-08-20,05:20:17,lista_movimenti,,1165,155,bu038748
8672,2024-11-07,19:54:54,deposito,160.59,334,279,vN303032
8673,2024-10-07,22:37:02,deposito,195.43,1043,293,Sz782800
8674,2022-05-17,03:28:55,deposito,93.76,91,142,qw964992
8675,2021-01-06,12:27:29,deposito,152.62,154,112,CX234092
8676,2026-01-22,13:24:41,prelievo,86.49,816,221,Pv978155
8677,2025-04-06,20:39:43,prelievo,102.25,274,42,rQ442213
8678,2021-10-14,05:05:17,deposito,73.3,326,273,ML567127
8679,2021-02-17,08:57:20,deposito,50.98,953,14,bj490623
8680,2025-12-22,01:57:23,lista_movimenti,,332,134,Am957427
8681,2023-01-13,11:00:12,deposito,111.68,312,124,pL086551
8682,2025-01-25,09:23:03,saldo,,279,232,Xh076423
8683,2025-03-24,03:08:36,prelievo,197.09,222,32,yV021163
8684,2023-06-09,20:49:19,saldo,,940,21,AQ212917
8685,2023-03-12,10:42:39,deposito,145.78,729,144,yh834031
8686,2022-10-19,18:47:04,saldo,,671,85,TQ799482
8687,2018-02-24,02:38:13,prelievo,126.42,998,8,bI476030
8688,2020-11-01,07:30:31,prelievo,119.57,379,133,UA644901
8689,2022-05-15,01:51:59,prelievo,157.81,937,144,ig517122
8690,2024-09-17,11:18:16,prelievo,81.63,793,154,Rj696011
8691,2020-10-27,08:50:02,deposito,83.25,1072,65,fX001016
8692,2024-12-12,03:13:44,deposito,95.88,1169,162,lf698830
8693,2022-08-17,19:53:25,saldo,,514,201,Ps863192
8694,2021-10-15,18:15:26,deposito,181.94,1080,2,Ts093269
8695,2025-07-07,02:38:44,prelievo,138.06,1,14,Kr937521
8696,2025-04-21,21:43:43,prelievo,111.35,895,114,Jj492450
8697,2012-09-07,13:27:55,deposito,77.43,1124,115,aZ655575
8698,2020-04-15,18:14:18,deposito,20.38,186,29,YO863486
8699,2026-01-27,08:16:36,lista_movimenti,,697,255,dw577425
8700,2018-05-19,14:08:07,deposito,52.52,339,105,vj794623
8701,2025-03-12,03:26:59,prelievo,138.94,591,183,lP220259
8702,2022-01-10,23:46:24,saldo,,946,171,EV203115
8703,2020-04-26,18:00:27,prelievo,162.73,462,189,LB623230
8704,2016-08-24,01:04:16,saldo,,1175,151,eK966435
8705,2025-01-31,09:57:57,saldo,,213,191,kH402165
8706,2021-10-24,22:45:51,deposito,12.96,1038,111,nr789322
8707,2017-03-30,06:41:12,prelievo,179.42,828,35,nk028531
8708,2022-09-06,20:01:48,deposito,89.11,666,293,iD191270
8709,2021-05-20,01:48:20,saldo,,254,218,Bg227391
8710,2025-10-16,19:49:31,deposito,13.6,365,273,ef245200
8711,2025-03-18,20:40:59,prelievo,169.3,230,86,Pa383066
8712,2025-11-04,10:37:42,deposito,165.78,267,2,cq633006
8713,2018-09-09,15:29:11,prelievo,198.72,1157,110,Sn660534
8714,2019-12-25,21:40:56,saldo,,1129,95,EP263695
8715,2023-08-04,01:53:01,saldo,,513,228,eP594696
8716,2022-09-30,05:04:51,deposito,157.96,288,202,aj618924
8717,2025-11-05,06:57:12,deposito,129.4,85,243,Mh980046
8718,2020-07-21,06:10:26,prelievo,161.14,343,233,bA149454
8719,2025-09-20,01:53:53,deposito,135.02,785,217,sY154948
8720,2021-01-24,19:33:56,saldo,,68,131,xO594286
8721,2025-11-01,04:41:01,lista_movimenti,,302,201,FS475878
8722,2026-01-20,03:33:12,deposito,192.84,1105,27,GC955349
8723,2019-12-22,12:00:16,deposito,99.94,98,8,dD290562
8724,2025-12-26,08:02:33,prelievo,32.35,159,29,ZZ571433
8725,2022-03-22,16:15:57,lista_movimenti,,479,160,cy083645
8726,2023-07-28,03:05:47,prelievo,98.5,76,120,jP159408
8727,2025-08-18,06:42:50,prelievo,172.3,846,266,QS796335
8728,2022-05-28,11:09:18,prelievo,56.58,550,213,YR440769
8729,2023-11-14,13:11:00,prelievo,33.6,103,41,fO984803
8730,2022-06-27,17:27:44,deposito,80.91,271,94,iC021125
8731,2020-04-16,00:24:13,deposito,197.41,986,220,tr946002
8732,2019-11-02,19:25:17,prelievo,105.26,640,5,NG037912
8733,2026-02-19,00:50:30,saldo,,601,12,rQ147213
8734,2018-04-05,12:45:11,lista_movimenti,,520,71,Ld675530
8735,2026-02-10,09:29:00,lista_movimenti,,472,180,lF310232
8736,2016-05-17,20:39:47,prelievo,195.23,757,145,sz721489
8737,2018-10-24,14:06:49,deposito,156.81,1077,264,mK469864
8738,2018-11-21,02:47:40,deposito,144.57,1156,20,CE752078
8739,2014-01-04,15:23:05,deposito,82.02,1114,132,Si374605
8740,2026-03-10,23:36:48,deposito,129.02,312,197,pL086551
8741,2026-04-09,18:15:10,saldo,,186,195,YO863486
8742,2025-01-06,06:37:49,prelievo,85.43,805,18,YL880408
8743,2021-11-23,00:19:21,prelievo,192.78,1171,164,Pb698210
8744,2023-04-24,05:48:02,saldo,,134,84,BW088293
8745,2023-08-21,10:18:56,deposito,16.96,744,205,WE256076
8746,2022-07-26,11:15:52,saldo,,133,166,dk225195
8747,2026-02-10,05:22:54,prelievo,149.37,187,231,Me898429
8748,2025-12-06,15:55:52,lista_movimenti,,698,74,ML590757
8749,2026-03-27,07:37:00,deposito,178.37,14,68,zl386815
8750,2018-06-18,21:47:48,prelievo,18.97,388,54,yn465482
8751,2024-12-22,10:33:39,saldo,,1067,59,yo900724
8752,2016-07-17,20:36:32,deposito,61.21,996,175,ZB608610
8753,2026-05-12,14:11:48,saldo,,500,235,Tq465040
8754,2017-07-12,17:12:12,deposito,38.22,397,213,PQ193294
8755,2024-05-20,01:27:47,prelievo,131.02,147,128,AK217913
8756,2019-01-25,16:51:53,prelievo,194.95,76,124,jP159408
8757,2017-07-16,14:13:28,deposito,135.51,43,47,yJ510749
8758,2025-10-11,10:47:54,saldo,,512,65,Pq349201
8759,2024-06-08,03:37:23,lista_movimenti,,560,127,SE534125
8760,2023-12-03,10:01:44,saldo,,554,129,wi212958
8761,2023-11-02,01:51:28,prelievo,67.44,667,277,Un523687
8762,2018-05-11,03:42:01,deposito,190.9,519,50,kQ808429
8763,2019-06-02,05:42:38,saldo,,523,257,Nl703697
8764,2024-01-08,08:19:44,deposito,12.31,423,184,mR964665
8765,2025-02-20,22:32:21,deposito,72.94,274,212,rQ442213
8766,2019-04-18,15:21:02,lista_movimenti,,1115,21,sg760354
8767,2025-06-25,15:33:05,prelievo,45.41,777,101,Pa086728
8768,2020-03-17,18:44:42,prelievo,110.55,1080,185,Ts093269
8769,2024-01-19,10:14:26,deposito,182.44,349,172,pU658355
8770,2023-02-28,09:42:28,saldo,,1090,156,Re932589
8771,2023-09-25,03:26:18,prelievo,28.08,438,276,uG743017
8772,2026-02-14,17:10:51,prelievo,144.08,1116,98,mg882652
8773,2021-10-12,15:25:53,deposito,71.19,984,88,iR911000
8774,2021-06-20,14:50:10,deposito,18.19,770,35,th041409
8775,2025-04-08,12:49:10,prelievo,74.45,377,66,bz198798
8776,2022-05-09,19:17:51,prelievo,166.98,770,296,th041409
8777,2023-10-11,15:34:07,prelievo,183.37,279,189,Xh076423
8778,2024-12-24,02:31:50,prelievo,175.4,423,75,mR964665
8779,2021-11-26,13:39:04,prelievo,144.81,721,29,tO887956
8780,2021-06-24,17:14:35,deposito,31.87,1175,267,eK966435
8781,2024-07-02,11:32:17,saldo,,107,222,ig289585
8782,2024-09-30,00:47:35,deposito,193.38,487,194,NS535369
8783,2021-07-31,14:15:51,prelievo,101.08,506,147,iO707360
8784,2022-08-25,07:46:08,saldo,,66,49,NG470289
8785,2014-04-25,18:16:49,prelievo,130.6,730,101,xR829998
8786,2022-04-21,19:10:41,deposito,199.97,725,166,Qs637803
8787,2021-06-23,11:29:14,prelievo,10.76,578,55,eg649602
8788,2016-12-12,11:25:04,deposito,90.06,492,218,Db015283
8789,2025-07-31,05:56:24,deposito,110.22,988,293,Dw508390
8790,2025-01-30,16:49:11,prelievo,84.93,593,254,SX211034
8791,2022-06-15,18:30:17,prelievo,156.49,1043,240,Sz782800
8792,2016-04-17,06:21:28,prelievo,180.02,478,275,Tq800248
8793,2023-07-22,08:37:29,deposito,59.82,192,164,pj805928
8794,2016-09-03,21:53:49,deposito,151.51,249,211,HF644990
8795,2016-06-12,00:58:54,prelievo,19.28,836,69,Iq692534
8796,2019-06-23,09:20:37,lista_movimenti,,1007,196,Sj076857
8797,2024-02-09,13:35:37,lista_movimenti,,558,269,gm972297
8798,2025-11-29,10:14:06,deposito,122.98,47,82,ra708122
8799,2020-06-20,08:13:00,saldo,,457,3,dt046231
8800,2025-09-04,13:21:45,deposito,167.77,120,127,Ee450079
8801,2023-01-22,23:39:42,saldo,,1098,25,dI033495
8802,2021-12-14,23:26:35,deposito,29.27,731,68,hv757284
8803,2018-09-04,04:05:22,deposito,178.23,259,230,JU585456
8804,2021-08-07,13:13:25,deposito,53.87,357,137,wa254369
8805,2018-08-13,22:33:39,saldo,,1036,257,PA227752
8806,2020-02-29,05:35:10,prelievo,151.6,559,276,QL498421
8807,2019-08-22,20:19:54,deposito,124.8,641,40,mE154071
8808,2025-12-31,11:53:44,prelievo,170.71,242,236,kH373446
8809,2019-04-14,18:11:24,deposito,60.63,712,15,tv905159
8810,2022-05-26,04:23:25,prelievo,190.23,989,260,kW532191
8811,2019-01-25,13:47:18,lista_movimenti,,1151,183,Cj237248
8812,2020-07-12,03:41:23,prelievo,97.09,274,11,rQ442213
8813,2025-11-17,14:32:00,deposito,12.16,393,171,nl962340
8814,2019-08-31,15:50:40,saldo,,194,220,Dp752391
8815,2023-07-20,10:18:48,prelievo,87.65,1006,54,zy401632
8816,2021-09-26,09:58:28,deposito,112.43,1059,50,Cr820090
8817,2026-05-13,12:01:32,prelievo,181.21,150,95,vN665993
8818,2014-05-15,21:11:47,prelievo,62.1,162,19,AU524344
8819,2019-04-07,07:24:58,prelievo,107.64,834,113,Jn875792
8820,2023-06-28,20:55:59,deposito,189.39,1175,207,eK966435
8821,2025-11-11,17:35:18,prelievo,151.76,961,183,tH409258
8822,2022-11-07,17:47:23,prelievo,127.14,208,215,jL779780
8823,2025-09-01,21:15:17,prelievo,36.29,852,241,gB355956
8824,2023-12-04,03:06:27,deposito,103.19,829,259,jU828444
8825,2023-05-08,20:02:14,deposito,24.38,462,175,LB623230
8826,2025-10-13,01:44:59,deposito,70.64,391,149,Vj240239
8827,2016-03-15,19:06:31,deposito,60.62,754,136,es330579
8828,2022-06-04,19:01:49,prelievo,186.35,200,146,fP767727
8829,2024-03-08,23:29:41,deposito,84.12,1031,155,dv995602
8830,2022-05-03,19:34:59,deposito,125.05,118,203,LR374410
8831,2025-12-29,03:16:31,deposito,102.99,966,14,ES861072
8832,2014-10-01,08:56:59,prelievo,165.84,276,9,fX504249
8833,2023-07-30,15:22:55,deposito,87.91,454,158,VB073501
8834,2026-01-14,22:31:42,lista_movimenti,,703,161,hk369377
8835,2026-01-31,11:33:47,prelievo,113.4,1198,202,aq051572
8836,2023-10-23,19:17:03,deposito,199.13,428,35,Mh809725
8837,2025-03-31,21:10:11,prelievo,21.13,1111,82,Ua519335
8838,2025-07-11,20:00:31,deposito,105.45,344,250,PC403663
8839,2021-06-16,02:02:30,deposito,77.89,1131,134,HE763262
8840,2017-01-31,12:25:32,saldo,,986,43,tr946002
8841,2021-11-08,11:34:38,deposito,14.23,170,156,eM893847
8842,2020-09-24,05:33:26,prelievo,181.52,1111,160,Ua519335
8843,2016-04-06,12:41:14,prelievo,194.98,347,29,oR911147
8844,2021-08-27,04:01:12,deposito,19.83,1007,24,Sj076857
8845,2025-12-31,06:51:52,deposito,70.72,78,287,Xc965152
8846,2019-12-30,14:18:12,prelievo,146.31,1036,66,PA227752
8847,2018-05-08,10:32:40,lista_movimenti,,56,121,tU939894
8848,2025-09-06,02:18:10,lista_movimenti,,112,96,xR685544
8849,2020-05-24,00:09:11,saldo,,28,278,ja601436
8850,2020-12-04,12:25:42,lista_movimenti,,67,100,Yp484566
8851,2025-04-14,20:01:55,lista_movimenti,,632,300,Gd232898
8852,2022-01-27,07:25:48,deposito,59.64,1174,264,nN756162
8853,2024-09-21,18:52:26,prelievo,44.24,687,16,zk059131
8854,2024-10-30,17:32:48,prelievo,106.0,492,26,Db015283
8855,2019-03-26,12:25:45,saldo,,351,127,PM719076
8856,2019-10-12,05:43:16,lista_movimenti,,194,233,Dp752391
8857,2019-12-30,07:57:49,prelievo,189.34,381,23,Ta801186
8858,2022-06-12,06:16:24,deposito,77.13,229,41,Of817113
8859,2016-08-29,19:30:16,lista_movimenti,,951,25,pr814805
8860,2025-11-23,01:31:00,lista_movimenti,,681,39,Lg023896
8861,2024-08-12,18:20:39,deposito,19.75,812,46,ja410389
8862,2024-10-05,08:04:58,deposito,132.74,762,287,gs248964
8863,2023-05-10,15:37:11,prelievo,127.14,208,267,jL779780
8864,2020-09-23,09:43:48,deposito,24.94,599,290,wp392141
8865,2026-01-04,04:14:08,deposito,49.4,347,77,oR911147
8866,2022-11-15,19:24:56,deposito,37.52,917,262,Wi768100
8867,2020-10-30,13:45:03,deposito,125.34,501,53,qj419418
8868,2023-10-31,22:03:10,deposito,33.61,642,39,wD928648
8869,2023-03-28,16:43:25,saldo,,207,123,tV995837
8870,2018-05-04,00:44:23,deposito,110.02,99,123,XL766417
8871,2020-02-08,09:57:58,deposito,14.24,137,200,Hx279400
8872,2019-09-13,18:25:46,deposito,118.88,106,134,QS406929
8873,2024-02-21,04:27:33,deposito,33.02,382,238,UR223914
8874,2022-08-07,17:21:02,prelievo,151.21,746,181,OZ333071
8875,2017-05-31,07:59:38,prelievo,184.63,319,88,nC549438
8876,2020-12-18,19:28:30,deposito,196.47,279,108,Xh076423
8877,2016-10-11,21:58:24,prelievo,147.49,862,7,Do126968
8878,2017-07-20,00:06:27,prelievo,181.46,724,84,Ve878154
8879,2025-06-12,12:33:56,prelievo,43.06,363,276,tS762220
8880,2023-01-07,14:37:57,deposito,16.53,686,101,tL382748
8881,2022-06-15,02:04:00,lista_movimenti,,1025,218,oT570600
8882,2023-07-23,02:34:20,deposito,46.05,1100,261,gI125795
8883,2025-11-19,17:44:48,deposito,150.63,747,135,FG019868
8884,2026-04-01,18:01:49,saldo,,1123,196,Vs428980
8885,2018-05-02,14:40:24,prelievo,136.07,516,68,by901269
8886,2022-04-05,10:44:37,lista_movimenti,,230,86,Pa383066
8887,2012-01-29,14:27:55,deposito,176.51,615,271,Wu128114
8888,2024-05-13,18:37:05,lista_movimenti,,554,232,wi212958
8889,2014-08-02,01:33:16,prelievo,92.41,1025,247,oT570600
8890,2024-06-22,19:17:30,deposito,69.49,90,132,Hn730442
8891,2016-02-23,21:06:30,prelievo,73.79,343,205,bA149454
8892,2021-11-20,12:26:20,prelievo,176.42,929,58,fn154182
8893,2018-12-28,05:36:17,prelievo,72.04,557,271,pj936322
8894,2020-08-23,04:35:20,deposito,49.41,415,124,me115735
8895,2024-08-16,08:33:13,deposito,164.27,173,268,he314403
8896,2019-11-06,23:40:57,deposito,17.7,1021,260,FN134404
8897,2017-06-17,05:15:26,deposito,51.86,460,70,Pa566847
8898,2020-04-20,15:37:48,saldo,,516,236,by901269
8899,2017-12-27,14:39:11,deposito,98.49,1060,275,LP297243
8900,2024-11-25,10:46:17,saldo,,1048,171,kW936808
8901,2013-09-07,16:13:18,saldo,,1009,1,ho830970
8902,2024-03-24,07:50:51,deposito,198.13,195,186,hd867819
8903,2016-04-30,21:13:15,deposito,52.05,442,205,yt823356
8904,2017-10-23,05:32:11,saldo,,980,182,zI224770
8905,2020-08-03,08:59:07,deposito,126.13,169,167,oQ579185
8906,2024-06-03,14:40:51,deposito,38.12,133,241,dk225195
8907,2019-01-20,10:06:33,deposito,124.71,261,266,Cr073637
8908,2023-01-08,09:46:23,prelievo,57.77,42,50,qK999153
8909,2025-05-12,16:21:23,prelievo,162.7,434,29,wk234097
8910,2025-09-30,09:47:25,prelievo,113.93,376,137,IL775506
8911,2023-03-11,05:05:03,lista_movimenti,,608,121,FE634864
8912,2021-12-03,00:28:21,deposito,37.44,1051,180,YN429079
8913,2022-04-27,17:04:20,deposito,199.6,199,128,ZO150145
8914,2023-12-12,08:58:46,prelievo,38.27,129,99,Uo887356
8915,2017-02-11,17:31:25,prelievo,148.8,448,196,BC597992
8916,2023-09-01,02:09:50,prelievo,25.03,271,15,iC021125
8917,2012-07-27,14:51:39,prelievo,133.42,277,111,Ye945287
8918,2022-03-12,06:27:27,deposito,100.93,707,244,SZ857761
8919,2025-09-08,02:30:38,lista_movimenti,,798,222,nv114486
8920,2023-03-18,12:39:12,deposito,131.53,1014,186,Kj409420
8921,2025-12-31,17:46:08,deposito,23.79,762,27,gs248964
8922,2023-09-05,17:07:35,deposito,126.46,667,186,Un523687
8923,2023-03-31,09:19:28,saldo,,950,133,DV098714
8924,2025-03-17,16:53:50,prelievo,185.69,681,169,Lg023896
8925,2023-01-26,09:24:26,deposito,151.15,936,102,mH874415
8926,2026-03-03,10:55:29,lista_movimenti,,582,74,kz817746
8927,2022-01-10,18:03:01,prelievo,124.47,277,44,Ye945287
8928,2020-05-19,04:51:43,deposito,19.86,784,159,ye543388
8929,2024-10-06,12:20:40,saldo,,195,249,hd867819
8930,2020-12-02,05:54:39,prelievo,113.36,1095,170,Ao945467
8931,2021-08-15,12:12:41,deposito,172.38,1160,178,dn706343
8932,2025-09-04,21:30:02,prelievo,145.77,461,77,tA880229
8933,2024-10-04,15:14:07,saldo,,91,154,qw964992
8934,2026-04-28,07:35:55,deposito,21.73,591,273,lP220259
8935,2017-07-04,15:02:32,deposito,94.51,70,68,Bi629540
8936,2024-04-24,22:44:49,deposito,194.28,969,137,YU658427
8937,2025-04-09,07:27:32,prelievo,146.25,558,189,gm972297
8938,2023-02-20,18:46:44,prelievo,78.41,575,263,cX077975
8939,2024-06-28,03:57:21,deposito,25.14,334,74,vN303032
8940,2020-12-19,05:32:31,deposito,17.18,694,167,gn819449
8941,2021-05-28,04:01:50,deposito,77.37,502,23,aT559634
8942,2014-07-05,22:12:49,deposito,187.92,271,1,iC021125
8943,2020-09-04,22:36:29,deposito,191.6,754,217,es330579
8944,2022-03-28,13:02:03,deposito,80.1,128,194,Te795155
8945,2019-06-13,09:20:38,prelievo,63.74,605,136,xl475440
8946,2021-08-03,03:30:24,prelievo,109.79,881,154,qB159907
8947,2016-02-02,08:10:06,saldo,,1058,288,yi644979
8948,2023-04-17,02:27:05,saldo,,719,208,Ac326834
8949,2023-05-10,14:43:41,prelievo,116.6,761,17,Uz099661
8950,2016-10-09,10:35:19,deposito,34.06,650,77,AL842856
8951,2019-05-04,16:41:31,lista_movimenti,,118,235,LR374410
8952,2018-03-15,12:48:06,lista_movimenti,,900,52,bv090281
8953,2019-10-19,20:41:02,saldo,,931,149,FE691835
8954,2024-02-04,08:42:41,deposito,140.28,1172,48,Du611291
8955,2025-03-11,21:29:26,deposito,161.56,881,1,qB159907
8956,2018-10-20,19:55:45,deposito,175.65,655,198,rv516182
8957,2022-05-13,11:27:45,saldo,,413,1,wI003182
8958,2015-11-22,02:26:02,prelievo,13.93,20,164,Il304858
8959,2018-11-10,04:36:35,deposito,106.04,81,69,EJ330568
8960,2014-09-04,15:39:53,deposito,150.89,1011,253,kj751268
8961,2025-01-07,09:03:28,saldo,,382,20,UR223914
8962,2025-06-12,21:32:52,deposito,103.07,239,210,Qs838303
8963,2024-08-17,02:39:58,deposito,181.83,791,132,GG394977
8964,2023-12-31,14:06:52,lista_movimenti,,229,244,Of817113
8965,2024-03-12,09:29:08,deposito,43.6,726,105,cf448188
8966,2020-10-04,02:48:24,deposito,125.26,731,136,hv757284
8967,2021-07-01,19:23:23,lista_movimenti,,369,40,RR124856
8968,2026-04-04,11:19:03,lista_movimenti,,1128,122,LA512435
8969,2022-05-23,00:33:40,prelievo,82.7,456,221,bV036672
8970,2024-05-08,17:04:24,deposito,94.64,199,249,ZO150145
8971,2025-03-06,20:13:18,prelievo,18.36,103,211,fO984803
8972,2025-04-14,09:44:16,prelievo,46.41,984,158,iR911000
8973,2017-01-13,10:22:19,prelievo,74.94,694,48,gn819449
8974,2026-02-25,18:19:30,prelievo,111.54,703,150,hk369377
8975,2025-12-16,02:09:56,deposito,123.31,320,232,Ut663071
8976,2016-02-25,05:24:38,saldo,,1192,222,JQ672056
8977,2025-11-25,19:11:54,prelievo,149.13,1198,86,aq051572
8978,2023-07-30,05:29:24,deposito,85.14,691,57,Pd126645
8979,2025-08-14,01:16:07,prelievo,120.54,169,205,oQ579185
8980,2024-08-14,15:20:38,prelievo,125.23,644,47,qY768457
8981,2026-04-14,13:39:03,deposito,137.62,593,283,SX211034
8982,2019-09-13,12:31:44,lista_movimenti,,1144,278,vg612522
8983,2024-01-01,01:41:55,lista_movimenti,,1054,263,Xl943099
8984,2022-01-06,21:46:21,prelievo,67.34,481,247,eL802352
8985,2021-09-12,14:12:19,saldo,,19,116,of763649
8986,2020-07-25,11:49:42,lista_movimenti,,468,104,Ti017759
8987,2023-07-21,17:35:40,deposito,175.85,439,93,dh030688
8988,2025-08-22,05:43:45,deposito,160.38,967,272,tP509381
8989,2019-07-15,19:38:14,deposito,122.27,835,35,un560535
8990,2026-01-23,22:04:41,prelievo,183.5,1032,12,tF004375
8991,2018-10-28,16:43:19,prelievo,45.77,738,277,Zd508101
8992,2022-09-20,07:45:59,prelievo,154.29,850,179,ra188057
8993,2021-03-27,01:18:35,lista_movimenti,,472,147,lF310232
8994,2020-06-21,01:29:04,deposito,64.63,746,8,OZ333071
8995,2019-02-13,20:45:12,prelievo,110.19,535,68,Bu222421
8996,2020-07-21,18:10:08,deposito,34.43,132,180,pm475372
8997,2021-07-01,13:38:18,saldo,,599,272,wp392141
8998,2020-08-18,15:02:19,prelievo,54.78,98,180,dD290562
8999,2023-08-27,23:58:52,saldo,,1151,124,Cj237248
9000,2021-02-03,08:29:05,prelievo,94.56,312,158,pL086551
9001,2020-01-02,22:17:30,saldo,,167,107,gG114765
9002,2024-05-12,19:06:14,deposito,145.27,750,180,eS158534
9003,2021-06-18,08:41:34,prelievo,87.37,141,6,dG623498
9004,2021-09-26,20:19:20,deposito,148.06,97,77,eZ785342
9005,2025-07-28,06:13:36,saldo,,620,143,pO809799
9006,2024-11-04,05:49:36,prelievo,174.02,750,73,eS158534
9007,2020-06-19,18:54:24,deposito,45.85,492,116,Db015283
9008,2020-06-29,02:55:49,lista_movimenti,,963,24,qg668102
9009,2023-07-29,23:50:36,prelievo,72.3,527,23,FG881575
9010,2021-07-18,10:55:40,lista_movimenti,,907,249,Si656249
9011,2024-09-20,17:08:46,deposito,21.9,720,242,Ck708951
9012,2025-01-08,22:43:11,prelievo,156.12,574,228,BP056272
9013,2025-07-09,15:46:26,prelievo,25.32,266,267,SS418065
9014,2025-03-07,12:10:02,deposito,62.51,804,107,NR877461
9015,2025-07-06,11:05:03,saldo,,719,267,Ac326834
9016,2016-12-19,03:40:30,prelievo,37.67,601,169,rQ147213
9017,2022-03-28,07:55:08,prelievo,29.14,495,270,sn623722
9018,2025-08-13,00:05:17,deposito,90.06,271,242,iC021125
9019,2024-09-06,10:21:41,saldo,,816,284,Pv978155
9020,2014-07-19,14:32:35,deposito,44.21,1142,239,ud181367
9021,2025-09-16,07:24:58,saldo,,88,46,Jv325918
9022,2024-04-08,06:13:56,deposito,161.81,337,266,IK746274
9023,2022-02-03,01:02:41,deposito,22.3,15,166,jB657538
9024,2023-05-28,19:01:38,prelievo,26.6,1169,172,lf698830
9025,2025-05-17,07:38:53,prelievo,106.03,790,36,Ni496698
9026,2016-02-20,14:50:40,lista_movimenti,,1128,236,LA512435
9027,2026-01-12,03:56:15,deposito,32.7,460,259,Pa566847
9028,2014-05-05,21:46:30,deposito,70.35,1164,27,PY170633
9029,2017-03-26,15:00:46,saldo,,20,32,Il304858
9030,2014-11-15,13:50:10,prelievo,124.83,740,214,XL707137
9031,2022-02-13,14:34:43,prelievo,123.47,349,226,pU658355
9032,2024-11-28,02:20:55,deposito,26.76,267,212,cq633006
9033,2015-07-09,00:34:03,prelievo,115.85,76,126,jP159408
9034,2024-10-16,23:22:26,prelievo,43.72,369,269,RR124856
9035,2022-01-12,09:43:04,prelievo,23.25,359,283,kD916717
9036,2017-12-31,14:41:16,saldo,,314,288,XR431449
9037,2024-06-10,19:50:31,deposito,185.61,1120,152,FT220278
9038,2020-03-29,01:49:54,lista_movimenti,,1015,134,Iv816311
9039,2024-05-10,21:43:42,deposito,177.27,1012,127,jM558274
9040,2025-01-29,03:09:47,deposito,145.37,1170,73,Db002824
9041,2025-08-24,07:15:56,prelievo,154.53,28,290,ja601436
9042,2021-03-29,10:07:06,prelievo,27.84,837,207,iq967330
9043,2021-11-02,09:24:08,prelievo,27.15,495,276,sn623722
9044,2016-08-29,00:49:58,lista_movimenti,,9,193,LA267757
9045,2017-02-07,12:33:22,prelievo,86.41,601,279,rQ147213
9046,2021-11-24,05:42:06,prelievo,120.08,495,148,sn623722
9047,2019-05-07,21:32:51,deposito,39.22,245,57,Kn021481
9048,2022-01-09,13:30:59,deposito,143.89,994,58,xP651802
9049,2025-03-11,11:56:31,deposito,37.79,1001,57,sk102317
9050,2025-05-14,22:05:58,saldo,,1077,60,mK469864
9051,2020-07-06,21:54:50,lista_movimenti,,456,227,bV036672
9052,2024-10-22,20:45:26,saldo,,899,272,vh211869
9053,2022-08-18,01:40:21,deposito,147.76,603,72,MD910872
9054,2019-10-22,03:39:53,prelievo,58.05,960,118,oq084099
9055,2025-11-05,18:58:14,lista_movimenti,,485,248,Eu704908
9056,2026-03-17,13:08:24,prelievo,21.5,853,254,bu549157
9057,2023-07-17,11:10:27,deposito,55.54,722,166,SL697117
9058,2024-04-06,22:17:16,lista_movimenti,,43,33,yJ510749
9059,2024-12-04,23:37:54,deposito,39.33,18,276,zq360242
9060,2017-04-07,15:00:21,prelievo,93.65,728,199,ni405247
9061,2025-07-18,10:56:08,deposito,153.57,124,85,bg952396
9062,2020-05-22,01:02:34,saldo,,167,183,gG114765
9063,2022-02-12,10:56:06,lista_movimenti,,283,83,Tp680817
9064,2024-01-01,00:32:51,deposito,131.04,189,168,NM636869
9065,2024-08-01,12:35:46,saldo,,667,56,Un523687
9066,2021-03-13,22:10:18,deposito,68.96,644,87,qY768457
9067,2023-09-13,19:10:47,deposito,23.66,449,185,Kf023732
9068,2025-10-27,01:36:59,prelievo,102.38,578,207,eg649602
9069,2020-04-20,22:03:35,prelievo,68.78,1133,63,yo654063
9070,2019-04-02,08:39:05,prelievo,166.1,731,199,hv757284
9071,2022-09-15,02:21:32,deposito,168.08,659,228,pS222156
9072,2024-06-16,10:53:25,deposito,68.18,71,16,Qq938432
9073,2020-12-15,04:33:21,prelievo,175.13,42,130,qK999153
9074,2024-07-07,00:45:09,lista_movimenti,,850,235,ra188057
9075,2024-09-27,13:15:55,lista_movimenti,,338,286,wb645545
9076,2017-09-23,14:44:10,saldo,,1060,248,LP297243
9077,2020-11-10,22:48:51,prelievo,106.8,470,33,Lm696540
9078,2026-04-24,14:45:02,prelievo,128.75,792,20,Wd120932
9079,2019-09-25,17:20:34,lista_movimenti,,828,234,nk028531
9080,2022-11-16,13:03:59,deposito,168.14,376,190,IL775506
9081,2018-09-10,06:23:04,deposito,126.19,866,11,Vx711810
9082,2022-04-04,18:52:24,deposito,62.96,147,217,AK217913
9083,2025-10-24,04:16:27,deposito,115.88,36,230,xw344115
9084,2024-12-11,23:38:23,prelievo,125.22,143,71,AD690345
9085,2024-06-26,23:02:46,prelievo,46.29,984,277,iR911000
9086,2025-04-24,22:31:32,deposito,31.69,925,215,fd940196
9087,2024-08-11,16:11:25,prelievo,99.37,969,79,YU658427
9088,2025-06-17,13:23:09,deposito,186.6,988,157,Dw508390
9089,2019-03-22,18:04:54,prelievo,37.5,533,8,yd344027
9090,2021-09-04,05:30:57,deposito,153.6,925,82,fd940196
9091,2018-11-07,20:33:22,prelievo,199.73,232,293,eA275928
9092,2025-07-06,01:10:09,deposito,174.62,496,223,mj431401
9093,2025-04-18,06:23:45,deposito,130.58,352,88,Yo360911
9094,2024-01-26,18:04:58,saldo,,54,294,Be641918
9095,2021-04-29,18:31:53,saldo,,624,159,Fh485201
9096,2022-02-20,00:17:29,prelievo,13.14,524,262,ya473582
9097,2020-06-15,12:00:45,lista_movimenti,,1112,242,He343714
9098,2025-12-19,05:25:40,prelievo,126.28,940,35,AQ212917
9099,2019-08-24,00:43:59,lista_movimenti,,973,248,mG675895
9100,2025-04-27,02:39:01,deposito,137.37,103,200,fO984803
9101,2024-10-05,13:05:04,deposito,107.34,70,240,Bi629540
9102,2023-12-17,13:55:43,prelievo,184.44,543,276,cK465911
9103,2021-07-28,15:55:01,prelievo,140.65,1112,179,He343714
9104,2018-06-29,22:27:15,prelievo,122.66,381,211,Ta801186
9105,2024-05-17,05:57:54,deposito,78.03,1119,21,Se418183
9106,2020-05-01,21:02:37,deposito,33.07,551,53,JH833801
9107,2024-11-19,05:18:22,prelievo,177.03,882,266,Rm212158
9108,2025-06-27,09:45:42,deposito,157.58,961,232,tH409258
9109,2018-05-17,03:08:51,deposito,12.51,595,75,DA024366
9110,2025-07-07,00:17:25,deposito,99.67,617,177,au473245
9111,2025-03-12,17:36:35,lista_movimenti,,1086,151,RP154564
9112,2023-11-05,13:34:19,prelievo,181.25,792,58,Wd120932
9113,2025-08-15,15:45:02,deposito,83.39,1135,184,fY528082
9114,2013-08-28,12:56:28,deposito,25.84,1144,124,vg612522
9115,2025-08-21,03:56:36,deposito,48.45,75,48,KG028766
9116,2014-08-04,21:10:06,deposito,118.33,829,202,jU828444
9117,2022-05-22,03:58:48,prelievo,21.99,1103,222,UV909989
9118,2019-11-05,11:15:52,prelievo,132.8,1162,145,Qo689553
9119,2025-12-31,22:44:55,prelievo,130.09,493,256,cA080952
9120,2024-03-14,12:04:53,deposito,90.6,888,15,RN445012
9121,2026-02-26,06:08:59,prelievo,73.45,251,174,KJ865738
9122,2020-01-19,23:40:41,deposito,108.01,649,155,aM947760
9123,2025-11-17,17:34:16,deposito,94.96,953,130,bj490623
9124,2026-01-15,00:37:35,prelievo,170.1,101,145,IN155148
9125,2024-01-16,21:10:56,deposito,54.45,380,217,wb826682
9126,2022-06-18,20:28:57,deposito,54.18,589,236,xf823982
9127,2013-09-02,02:05:27,deposito,143.76,405,206,yG626653
9128,2025-08-03,07:30:04,saldo,,899,111,vh211869
9129,2023-08-09,17:31:15,prelievo,192.35,305,119,Bn256975
9130,2025-10-09,01:33:18,lista_movimenti,,171,127,Wl128503
9131,2025-10-08,06:55:11,saldo,,235,46,rG927062
9132,2019-02-15,10:22:34,saldo,,1173,267,ir077914
9133,2024-08-12,01:19:33,saldo,,175,243,LD982891
9134,2025-03-17,07:37:40,prelievo,18.43,344,29,PC403663
9135,2021-10-14,23:23:23,prelievo,144.68,128,61,Te795155
9136,2025-10-30,18:25:01,saldo,,1119,244,Se418183
9137,2022-08-24,09:31:24,deposito,185.68,797,66,OQ112816
9138,2015-08-18,16:36:22,prelievo,184.8,952,246,ix583690
9139,2021-09-01,20:26:15,prelievo,174.38,430,95,No937039
9140,2026-02-02,01:03:31,deposito,28.3,863,41,Pq996196
9141,2026-04-29,19:06:21,prelievo,80.95,790,202,Ni496698
9142,2022-10-04,17:04:35,saldo,,16,94,fQ207597
9143,2013-05-08,05:56:23,deposito,166.23,110,83,vh862598
9144,2021-07-17,19:04:37,lista_movimenti,,669,289,XK759483
9145,2026-01-20,05:10:35,deposito,17.81,104,221,Kx181073
9146,2023-11-09,09:24:48,deposito,21.44,181,281,Aq043915
9147,2025-07-31,09:23:57,deposito,196.75,1028,163,Qe387737
9148,2024-02-18,07:30:24,prelievo,189.84,1188,120,Wy463276
9149,2025-01-08,13:09:29,deposito,43.85,762,274,gs248964
9150,2019-02-16,02:33:00,deposito,157.11,536,37,Dv935647
9151,2020-11-08,09:19:33,prelievo,33.18,631,126,rU109008
9152,2019-10-15,03:12:00,deposito,120.26,843,255,ev147071
9153,2017-10-29,10:38:16,saldo,,1059,141,Cr820090
9154,2025-08-10,05:04:55,lista_movimenti,,630,228,sZ944215
9155,2021-10-22,07:17:32,lista_movimenti,,281,39,rQ561181
9156,2021-10-23,05:33:31,prelievo,35.46,1005,23,QI527743
9157,2022-03-15,19:41:36,saldo,,1004,71,hM518093
9158,2024-02-09,22:33:11,lista_movimenti,,668,248,JO652237
9159,2026-03-28,02:00:06,prelievo,170.37,1064,209,fZ215909
9160,2016-07-18,12:33:44,deposito,199.78,448,6,BC597992
9161,2012-07-10,23:48:09,deposito,159.72,658,199,FE893788
9162,2025-07-31,12:59:51,deposito,78.91,726,139,cf448188
9163,2025-06-24,16:30:35,deposito,75.08,362,215,gF507004
9164,2025-01-25,13:50:02,deposito,25.32,637,97,Hk718737
9165,2024-05-29,19:17:40,prelievo,183.84,28,130,ja601436
9166,2019-10-09,17:27:31,deposito,145.81,742,6,lp299919
9167,2022-12-18,05:41:33,prelievo,64.03,45,90,aW776807
9168,2023-03-06,14:05:42,deposito,110.76,574,192,BP056272
9169,2020-06-10,09:59:20,prelievo,126.14,608,106,FE634864
9170,2015-11-09,23:18:48,prelievo,29.43,1025,22,oT570600
9171,2022-12-28,12:51:33,deposito,72.28,496,18,mj431401
9172,2022-04-28,14:35:13,deposito,171.52,599,295,wp392141
9173,2017-08-24,20:56:53,lista_movimenti,,639,236,jy431161
9174,2019-12-06,10:20:32,lista_movimenti,,830,137,jq718409
9175,2020-07-28,02:06:37,prelievo,104.64,391,89,Vj240239
9176,2017-11-21,03:08:55,prelievo,61.57,11,132,KG745447
9177,2023-09-25,06:35:39,saldo,,1184,135,XG080279
9178,2023-02-23,10:19:58,saldo,,489,56,zY827523
9179,2024-01-03,07:23:46,deposito,55.4,491,238,aU264587
9180,2026-04-16,17:52:07,prelievo,71.64,1157,104,Sn660534
9181,2023-04-09,05:08:01,saldo,,705,123,qu870265
9182,2019-09-15,03:17:36,deposito,189.49,931,14,FE691835
9183,2023-03-06,11:56:34,prelievo,125.02,127,126,tw866985
9184,2023-04-11,23:20:46,deposito,18.89,437,61,tw043140
9185,2026-01-03,20:52:55,deposito,166.87,214,217,fO616493
9186,2022-10-05,16:10:59,saldo,,620,220,pO809799
9187,2020-10-29,10:29:10,saldo,,1121,28,Eu287784
9188,2024-09-25,18:39:00,deposito,198.69,1095,18,Ao945467
9189,2020-06-08,16:13:23,prelievo,194.04,1107,223,GG317502
9190,2025-06-17,15:11:47,deposito,155.65,1013,5,vY990324
9191,2025-07-16,02:03:22,prelievo,189.24,323,250,kD420204
9192,2023-12-01,07:13:27,prelievo,141.93,270,182,Oy876662
9193,2023-08-05,13:53:28,deposito,43.27,227,93,jl028502
9194,2022-04-07,07:33:54,prelievo,25.11,819,3,Mx179729
9195,2022-06-17,12:39:35,prelievo,145.85,76,73,jP159408
9196,2023-06-20,22:38:26,deposito,14.82,1038,260,nr789322
9197,2024-02-23,08:33:12,deposito,175.65,452,74,OB971127
9198,2024-07-31,04:35:37,deposito,84.77,668,205,JO652237
9199,2019-11-18,06:08:33,deposito,35.44,730,101,xR829998
9200,2020-05-13,09:16:49,deposito,181.36,724,189,Ve878154
9201,2022-07-20,13:51:36,saldo,,542,139,cY205780
9202,2026-02-07,17:33:45,deposito,163.57,246,57,CK473664
9203,2021-09-06,21:33:16,deposito,137.66,1175,197,eK966435
9204,2024-02-23,10:36:45,deposito,133.18,83,66,rI266900
9205,2025-12-07,11:46:38,prelievo,122.2,123,281,UC358426
9206,2016-02-29,22:28:23,saldo,,150,255,vN665993
9207,2019-06-19,12:22:44,saldo,,199,79,ZO150145
9208,2020-08-08,22:18:13,prelievo,180.66,483,200,RF112903
9209,2022-12-03,16:46:46,lista_movimenti,,554,127,wi212958
9210,2022-01-17,04:28:38,prelievo,34.36,669,274,XK759483
9211,2025-10-22,23:59:12,prelievo,101.16,147,13,AK217913
9212,2024-01-14,05:39:31,deposito,78.27,558,95,gm972297
9213,2019-06-17,06:41:08,saldo,,898,46,ET847886
9214,2024-08-22,05:58:45,deposito,14.37,588,210,GW723676
9215,2023-05-17,08:55:17,prelievo,63.02,134,125,BW088293
9216,2025-09-03,09:21:01,lista_movimenti,,510,242,RB463373
9217,2019-11-04,08:48:48,deposito,104.3,738,270,Zd508101
9218,2024-11-07,00:57:12,deposito,13.12,546,2,Tr758097
9219,2025-02-09,07:38:36,deposito,133.57,51,122,Lq932284
9220,2018-08-29,19:19:31,prelievo,165.69,821,244,wo922446
9221,2025-03-02,10:03:00,lista_movimenti,,1089,102,Dz107972
9222,2023-11-04,01:40:22,lista_movimenti,,31,236,ff382517
9223,2025-06-25,02:11:14,deposito,71.51,519,177,kQ808429
9224,2019-01-09,05:44:56,deposito,71.75,913,149,in303073
9225,2015-05-08,17:56:29,deposito,94.18,488,276,zd589532
9226,2019-02-28,01:21:35,prelievo,105.81,342,147,NC797332
9227,2023-02-04,13:27:39,deposito,141.67,542,209,cY205780
9228,2015-12-10,20:02:58,prelievo,32.99,701,143,BM353526
9229,2023-11-10,05:45:56,deposito,95.28,1085,43,qj150655
9230,2025-07-12,13:32:10,prelievo,101.26,801,11,zx581123
9231,2022-12-24,16:06:25,lista_movimenti,,413,156,wI003182
9232,2024-08-12,08:07:23,prelievo,174.54,1179,165,An452480
9233,2024-05-26,10:41:53,deposito,182.4,1120,87,FT220278
9234,2026-03-11,07:37:45,deposito,148.03,1196,241,Lc310885
9235,2026-02-21,10:13:49,saldo,,1067,197,yo900724
9236,2020-03-06,05:44:24,prelievo,133.3,1092,137,Xw699483
9237,2022-03-28,05:41:20,deposito,192.8,1019,30,hX191650
9238,2020-03-27,08:44:32,saldo,,1129,227,EP263695
9239,2021-03-10,14:57:53,lista_movimenti,,1039,162,DN145486
9240,2022-05-15,20:42:06,prelievo,74.44,1109,240,Yg629950
9241,2025-02-10,00:09:19,saldo,,302,52,FS475878
9242,2025-05-30,20:52:02,deposito,148.88,955,177,Ll242885
9243,2023-05-31,01:05:23,deposito,144.77,523,261,Nl703697
9244,2024-10-14,19:30:06,prelievo,142.7,532,42,yM087648
9245,2022-10-12,02:54:33,prelievo,127.68,258,174,CX555309
9246,2020-11-25,07:13:29,prelievo,45.8,1153,125,YW550301
9247,2021-11-17,22:37:55,prelievo,16.66,701,28,BM353526
9248,2024-07-30,06:16:26,deposito,108.0,1074,271,Sc154818
9249,2025-01-07,20:51:46,prelievo,89.99,71,115,Qq938432
9250,2024-01-12,05:50:53,deposito,178.68,453,225,Tg814433
9251,2023-01-05,12:30:50,lista_movimenti,,193,90,sF138373
9252,2016-10-01,09:10:04,prelievo,119.71,1090,243,Re932589
9253,2013-07-16,22:53:14,deposito,37.8,1144,105,vg612522
9254,2024-06-12,13:33:43,saldo,,360,248,kc955766
9255,2025-01-05,16:53:45,prelievo,132.42,772,165,yu036854
9256,2024-11-20,15:46:26,deposito,184.14,417,70,fP730877
9257,2024-08-02,12:48:19,prelievo,178.25,1127,211,Js852008
9258,2025-03-21,19:56:46,prelievo,163.93,119,200,Jf571094
9259,2018-12-05,18:21:08,saldo,,219,117,qd982333
9260,2017-04-22,03:54:49,deposito,41.15,873,146,TX476836
9261,2023-09-12,10:55:26,deposito,161.86,506,56,iO707360
9262,2025-10-11,18:48:39,deposito,64.24,1135,131,fY528082
9263,2023-12-05,11:09:18,deposito,146.64,1171,184,Pb698210
9264,2025-10-27,00:03:12,prelievo,32.58,236,17,rb750507
9265,2025-10-28,22:53:25,prelievo,106.42,967,221,tP509381
9266,2023-11-01,17:31:25,lista_movimenti,,475,154,RA652206
9267,2021-06-06,01:47:36,deposito,26.65,283,244,Tp680817
9268,2023-07-24,05:50:49,lista_movimenti,,610,242,bP156584
9269,2025-08-28,01:42:08,lista_movimenti,,798,44,nv114486
9270,2024-06-02,03:52:36,saldo,,1122,297,ua979952
9271,2014-12-21,07:14:25,lista_movimenti,,263,272,ic735384
9272,2022-08-20,09:43:20,prelievo,89.74,1039,123,DN145486
9273,2021-03-15,19:57:17,saldo,,333,126,rU458630
9274,2023-05-02,20:49:24,saldo,,447,227,uX775554
9275,2023-04-16,10:53:11,prelievo,37.98,635,108,nt802629
9276,2021-10-22,07:10:23,deposito,113.61,229,170,Of817113
9277,2024-12-23,08:57:05,saldo,,100,234,Pw470551
9278,2021-08-22,00:43:18,deposito,67.03,161,170,Xa470418
9279,2024-05-06,03:56:58,saldo,,443,233,mb464949
9280,2018-04-25,11:57:11,deposito,186.3,937,199,ig517122
9281,2024-06-29,04:55:43,saldo,,943,74,BN801139
9282,2026-03-05,22:23:30,lista_movimenti,,2,71,nO423589
9283,2022-01-23,08:26:09,deposito,36.8,241,29,tk953031
9284,2018-09-12,11:59:32,prelievo,108.18,556,273,xC321567
9285,2023-07-03,03:10:42,deposito,85.08,255,215,xg784797
9286,2020-11-16,03:22:43,deposito,106.93,318,199,iq314937
9287,2020-05-09,14:51:25,deposito,41.18,922,264,wi094558
9288,2023-02-15,12:12:58,deposito,82.13,51,106,Lq932284
9289,2024-10-31,17:13:53,saldo,,547,204,ax808967
9290,2026-01-19,04:25:32,deposito,164.32,76,283,jP159408
9291,2014-07-20,23:48:53,deposito,158.08,1009,268,ho830970
9292,2025-09-04,23:31:49,deposito,193.13,1101,58,dm931013
9293,2024-11-17,03:19:23,lista_movimenti,,1155,219,wh954331
9294,2016-03-02,18:41:37,deposito,85.53,1131,262,HE763262
9295,2024-09-16,19:18:07,deposito,111.15,624,80,Fh485201
9296,2016-06-17,16:47:31,prelievo,179.31,263,80,ic735384
9297,2019-09-21,07:21:27,deposito,192.56,941,281,Zz733033
9298,2026-03-16,00:51:58,prelievo,110.64,698,277,ML590757
9299,2021-06-10,20:31:20,saldo,,268,146,QY333112
9300,2026-02-18,19:22:32,deposito,43.12,351,16,PM719076
9301,2022-12-30,13:20:04,deposito,125.44,139,60,PS548595
9302,2022-07-05,13:57:26,prelievo,12.66,98,75,dD290562
9303,2018-01-19,13:55:03,deposito,103.4,645,238,Me943050
9304,2018-12-12,05:34:29,deposito,120.42,893,263,Hk597267
9305,2020-07-11,08:53:57,deposito,10.04,189,193,NM636869
9306,2021-07-15,20:08:33,deposito,156.36,837,277,iq967330
9307,2026-03-06,01:19:11,deposito,112.84,481,183,eL802352
9308,2023-12-18,07:47:00,prelievo,146.1,845,181,Wl628811
9309,2022-06-15,00:25:12,lista_movimenti,,536,220,Dv935647
9310,2024-11-22,10:03:45,saldo,,36,246,xw344115
9311,2024-05-23,22:06:34,prelievo,108.88,804,44,NR877461
9312,2025-07-03,09:05:15,deposito,140.48,404,225,ak093372
9313,2024-07-08,11:15:03,prelievo,185.25,1020,225,PZ465362
9314,2025-06-20,22:58:31,saldo,,894,19,dL062242
9315,2020-11-05,22:37:45,deposito,127.59,1157,25,Sn660534
9316,2024-02-23,07:10:36,prelievo,43.71,125,170,lB640278
9317,2015-09-18,09:54:35,prelievo,161.12,864,6,PO015467
9318,2020-06-09,06:46:16,deposito,194.13,259,81,JU585456
9319,2023-01-11,10:49:36,prelievo,113.71,1073,25,Xy877460
9320,2024-07-30,21:26:18,prelievo,41.33,1054,218,Xl943099
9321,2021-02-23,03:42:34,deposito,26.91,222,73,yV021163
9322,2025-02-24,15:28:56,prelievo,191.69,802,201,NO117837
9323,2024-07-29,07:09:32,deposito,188.88,90,237,Hn730442
9324,2023-11-01,08:42:06,prelievo,110.6,662,173,Mq228210
9325,2022-06-12,07:40:04,deposito,120.89,748,66,DB529952
9326,2024-12-02,18:33:50,prelievo,125.96,706,99,FA324974
9327,2025-08-23,18:18:41,deposito,21.59,743,81,Iq680726
9328,2019-03-18,19:41:05,deposito,152.69,676,40,aY201522
9329,2019-03-03,04:41:25,prelievo,129.38,1050,13,EK361459
9330,2024-04-27,23:38:23,saldo,,1002,21,Pu299190
9331,2024-01-08,04:12:37,prelievo,129.16,870,136,Zb761079
9332,2013-09-20,20:21:16,prelievo,152.1,1141,93,zj023797
9333,2021-12-01,23:07:01,prelievo,17.29,537,163,my407161
9334,2021-06-11,22:16:19,saldo,,646,181,Rp412918
9335,2026-02-14,01:37:25,lista_movimenti,,200,209,fP767727
9336,2022-10-18,21:56:26,prelievo,91.14,845,187,Wl628811
9337,2020-06-05,19:15:51,saldo,,642,159,wD928648
9338,2022-04-18,03:47:38,deposito,169.37,389,74,lU144500
9339,2017-05-09,20:36:06,saldo,,1076,102,lh950797
9340,2014-06-27,09:34:26,deposito,196.51,55,205,Qy023469
9341,2012-10-11,05:59:50,prelievo,117.96,209,64,mE300044
9342,2025-12-16,13:10:00,deposito,156.19,939,73,PZ716515
9343,2022-02-14,10:14:55,deposito,10.76,1005,88,QI527743
9344,2025-10-05,20:34:53,deposito,33.12,409,179,uk018796
9345,2021-03-08,05:17:03,prelievo,145.1,872,60,bF048011
9346,2020-03-01,09:36:04,deposito,149.18,1107,7,GG317502
9347,2012-02-28,19:47:01,deposito,172.15,1014,237,Kj409420
9348,2018-12-18,00:29:11,prelievo,55.86,894,70,dL062242
9349,2019-08-05,08:01:19,lista_movimenti,,240,299,tX230004
9350,2024-08-27,15:16:14,prelievo,91.48,844,113,UQ481602
9351,2024-02-10,16:29:20,prelievo,197.73,30,265,ni811078
9352,2023-07-30,03:59:37,deposito,164.9,402,291,kC493574
9353,2024-10-21,00:53:57,prelievo,112.09,813,108,IX168639
9354,2024-12-23,20:10:16,deposito,175.69,742,15,lp299919
9355,2025-12-04,13:00:45,lista_movimenti,,52,243,ao504679
9356,2023-03-14,07:23:09,prelievo,175.04,834,12,Jn875792
9357,2025-04-17,14:59:25,prelievo,181.25,1140,76,Kw431712
9358,2019-07-13,17:17:20,prelievo,63.05,1114,8,Si374605
9359,2020-08-27,06:00:49,prelievo,106.95,848,110,wP590147
9360,2026-02-15,13:15:50,deposito,99.87,214,56,fO616493
9361,2026-03-16,01:48:18,prelievo,25.93,76,93,jP159408
9362,2012-10-01,12:08:30,deposito,109.24,1181,114,IW372126
9363,2014-07-12,22:34:46,prelievo,39.26,659,162,pS222156
9364,2025-12-28,01:25:13,prelievo,20.18,346,44,qi991288
9365,2025-09-20,04:10:41,prelievo,120.31,452,202,OB971127
9366,2019-11-07,01:14:34,deposito,184.57,19,34,of763649
9367,2025-06-03,00:19:37,lista_movimenti,,993,211,XY407086
9368,2019-03-13,13:00:36,prelievo,124.42,98,144,dD290562
9369,2020-05-29,08:19:27,deposito,121.62,830,118,jq718409
9370,2018-07-30,13:35:18,saldo,,213,143,kH402165
9371,2021-10-26,07:11:42,deposito,155.85,1067,6,yo900724
9372,2019-03-11,23:10:01,prelievo,181.62,712,165,tv905159
9373,2026-03-02,16:36:24,deposito,131.62,395,119,uc759901
9374,2020-03-28,09:50:21,deposito,139.53,1131,158,HE763262
9375,2020-04-06,07:31:14,deposito,109.99,702,9,bD060463
9376,2025-04-28,15:20:34,prelievo,59.9,617,70,au473245
9377,2024-12-09,15:44:18,prelievo,103.25,301,281,aU233191
9378,2019-11-10,02:57:19,deposito,53.66,1137,287,kj341998
9379,2016-11-22,06:49:23,lista_movimenti,,145,192,MF762974
9380,2021-09-04,05:30:56,deposito,97.63,536,41,Dv935647
9381,2023-09-19,17:35:27,deposito,50.82,721,72,tO887956
9382,2021-03-03,20:42:34,deposito,172.16,440,41,Ka451311
9383,2020-12-08,01:34:25,deposito,22.25,769,99,WC073087
9384,2013-03-19,06:22:15,deposito,159.65,448,237,BC597992
9385,2024-07-11,12:19:19,prelievo,108.25,791,189,GG394977
9386,2020-01-17,04:55:39,deposito,41.62,1044,186,hV911640
9387,2025-09-10,04:21:58,prelievo,192.75,551,238,JH833801
9388,2026-02-21,21:44:38,deposito,25.23,979,108,eV736470
9389,2025-05-03,13:44:05,prelievo,164.02,1125,62,Ea443678
9390,2026-02-06,13:24:58,deposito,193.86,760,103,ZI831615
9391,2024-04-10,08:17:27,deposito,164.94,378,193,kl221145
9392,2024-06-03,20:14:48,deposito,94.83,344,263,PC403663
9393,2025-12-08,18:19:55,lista_movimenti,,841,259,AK934462
9394,2025-09-01,02:19:49,lista_movimenti,,414,216,iD942787
9395,2022-09-18,05:48:20,deposito,71.81,321,32,Np409420
9396,2020-03-18,05:59:08,saldo,,452,123,OB971127
9397,2023-10-25,00:44:26,prelievo,160.91,854,292,My114455
9398,2018-10-26,21:52:40,saldo,,215,159,nh269517
9399,2016-09-10,10:12:13,prelievo,28.21,912,68,PP822890
9400,2026-01-12,04:19:44,lista_movimenti,,167,294,gG114765
9401,2024-08-01,20:02:20,deposito,81.52,849,49,sy775844
9402,2019-09-07,07:49:38,prelievo,88.76,474,93,Rn956359
9403,2023-01-01,02:03:57,prelievo,158.75,436,299,el873252
9404,2023-07-01,17:01:06,deposito,155.42,438,108,uG743017
9405,2025-01-22,00:32:44,saldo,,988,96,Dw508390
9406,2025-06-02,09:55:12,prelievo,45.78,587,199,Me267156
9407,2016-10-17,07:19:16,prelievo,47.57,255,108,xg784797
9408,2024-07-16,12:43:12,prelievo,83.42,927,229,Tl519480
9409,2023-09-25,08:11:58,saldo,,1043,178,Sz782800
9410,2019-05-11,12:47:58,saldo,,332,137,Am957427
9411,2025-08-24,10:24:26,lista_movimenti,,1192,129,JQ672056
9412,2023-02-24,19:05:46,saldo,,976,149,Pq679811
9413,2021-09-19,23:46:26,deposito,199.23,238,200,BA420391
9414,2023-12-08,03:07:57,prelievo,59.0,233,170,Yg954846
9415,2023-01-13,07:15:49,deposito,138.01,580,101,Hd443222
9416,2018-12-06,18:56:06,lista_movimenti,,743,254,Iq680726
9417,2024-11-01,12:03:31,prelievo,177.06,717,70,LS493276
9418,2022-04-30,22:01:23,deposito,197.4,1039,239,DN145486
9419,2024-09-04,00:24:19,deposito,23.88,1181,263,IW372126
9420,2021-09-16,01:58:47,deposito,186.79,900,65,bv090281
9421,2025-12-14,12:36:49,deposito,148.87,628,221,Wt037433
9422,2022-09-22,16:57:42,prelievo,86.51,493,195,cA080952
9423,2015-05-14,12:44:03,prelievo,37.07,1173,15,ir077914
9424,2017-07-26,18:34:25,prelievo,100.18,550,252,YR440769
9425,2025-10-19,14:34:05,saldo,,885,297,kD004578
9426,2025-11-05,23:22:04,saldo,,334,194,vN303032
9427,2025-11-30,07:13:20,deposito,155.72,1117,164,zy090818
9428,2026-01-04,16:22:27,prelievo,25.74,950,215,DV098714
9429,2018-10-13,18:05:09,lista_movimenti,,507,195,Hp708117
9430,2016-07-05,04:00:53,deposito,97.01,539,172,jt315874
9431,2024-04-08,14:17:09,saldo,,941,28,Zz733033
9432,2024-06-05,19:14:37,deposito,114.5,127,11,tw866985
9433,2014-11-24,02:31:07,prelievo,87.49,1110,208,PU824490
9434,2024-11-02,15:42:53,deposito,83.08,106,13,QS406929
9435,2019-07-14,08:33:43,prelievo,41.26,110,177,vh862598
9436,2025-08-09,03:37:39,prelievo,122.49,749,143,Nd582827
9437,2022-08-28,03:47:49,saldo,,657,246,za157578
9438,2015-03-02,10:12:43,prelievo,158.32,1144,41,vg612522
9439,2024-02-02,11:36:59,prelievo,135.77,150,139,vN665993
9440,2024-10-22,17:31:53,prelievo,68.52,1024,31,bi027633
9441,2024-08-08,03:35:31,saldo,,616,25,cG636261
9442,2018-12-31,07:59:31,prelievo,163.16,458,44,tL424108
9443,2014-05-23,01:54:37,prelievo,129.18,535,261,Bu222421
9444,2020-08-26,06:45:03,prelievo,24.33,131,31,GT579522
9445,2025-10-13,21:25:45,prelievo,106.16,187,218,Me898429
9446,2025-10-31,06:05:53,prelievo,49.68,979,189,eV736470
9447,2025-02-18,02:51:32,deposito,183.19,1182,4,LJ127341
9448,2023-04-08,02:19:04,saldo,,599,140,wp392141
9449,2025-07-10,21:33:26,lista_movimenti,,370,67,LZ730487
9450,2022-02-28,21:21:57,saldo,,843,127,ev147071
9451,2018-10-11,16:15:37,deposito,192.9,340,233,hg270945
9452,2023-10-06,09:04:49,prelievo,106.67,1080,112,Ts093269
9453,2020-09-19,23:49:46,saldo,,855,160,tP142303
9454,2021-10-08,05:06:25,lista_movimenti,,400,249,bc820268
9455,2022-01-17,05:22:40,prelievo,151.78,892,175,gt912771
9456,2024-05-17,08:33:40,deposito,50.45,1200,256,sg130318
9457,2018-05-30,02:56:27,deposito,98.37,732,296,pY825420
9458,2024-09-26,01:10:15,deposito,174.49,214,106,fO616493
9459,2022-07-26,18:32:37,prelievo,43.51,1090,280,Re932589
9460,2024-09-29,16:48:11,prelievo,97.29,818,276,yZ059854
9461,2015-03-20,00:35:55,lista_movimenti,,900,56,bv090281
9462,2024-03-22,00:35:03,saldo,,612,83,uZ310361
9463,2024-08-28,02:08:45,deposito,52.01,193,224,sF138373
9464,2023-07-22,18:24:14,deposito,158.31,313,248,Kq913660
9465,2018-05-26,22:10:55,deposito,88.9,419,72,Dg673357
9466,2019-12-20,18:06:28,prelievo,11.41,717,101,LS493276
9467,2025-11-25,16:29:56,saldo,,915,297,Dl823981
9468,2021-11-20,16:13:07,deposito,91.1,943,159,BN801139
9469,2024-07-16,02:24:13,deposito,80.68,357,116,wa254369
9470,2024-04-07,04:21:23,deposito,36.15,229,61,Of817113
9471,2017-03-14,05:03:41,deposito,88.91,12,58,dJ053367
9472,2018-12-28,05:11:29,saldo,,141,224,dG623498
9473,2025-12-10,18:41:01,prelievo,56.93,979,17,eV736470
9474,2025-10-24,22:33:44,deposito,37.5,302,240,FS475878
9475,2024-10-08,16:32:38,prelievo,12.28,124,106,bg952396
9476,2026-01-09,21:15:49,lista_movimenti,,322,177,lZ947762
9477,2020-02-24,21:40:51,saldo,,281,192,rQ561181
9478,2013-05-21,05:52:49,prelievo,108.12,55,208,Qy023469
9479,2022-04-07,17:02:07,prelievo,75.17,362,219,gF507004
9480,2024-09-09,01:03:43,lista_movimenti,,1084,79,wM087977
9481,2015-01-15,04:29:29,deposito,72.65,578,52,eg649602
9482,2023-01-17,23:01:21,lista_movimenti,,617,291,au473245
9483,2021-01-16,10:09:11,lista_movimenti,,882,131,Rm212158
9484,2024-10-04,10:52:31,lista_movimenti,,625,251,jh031923
9485,2019-06-29,18:23:20,saldo,,75,294,KG028766
9486,2020-04-25,18:22:21,deposito,45.62,660,89,jY201836
9487,2017-02-12,11:45:30,deposito,138.62,676,265,aY201522
9488,2025-01-23,19:54:37,deposito,123.37,671,276,TQ799482
9489,2019-09-28,19:41:46,deposito,136.34,1129,187,EP263695
9490,2023-04-09,23:41:08,lista_movimenti,,383,133,li800403
9491,2013-12-11,13:51:06,prelievo,93.04,639,210,jy431161
9492,2014-01-29,02:42:32,deposito,30.14,678,82,iY549397
9493,2020-06-30,17:31:25,deposito,50.66,537,229,my407161
9494,2025-09-04,03:00:07,deposito,136.75,1096,25,kl662302
9495,2025-11-13,04:33:30,saldo,,1093,153,VW521589
9496,2015-08-19,22:20:33,lista_movimenti,,986,151,tr946002
9497,2018-08-17,05:46:22,deposito,114.79,305,241,Bn256975
9498,2026-03-06,15:58:48,prelievo,121.06,906,12,it130049
9499,2017-08-23,01:44:17,lista_movimenti,,755,220,od364286
9500,2026-04-27,07:28:29,saldo,,921,254,Jr436756
9501,2022-08-14,13:13:27,lista_movimenti,,349,139,pU658355
9502,2024-01-04,02:58:38,deposito,176.42,598,266,AC330306
9503,2024-07-13,06:20:34,prelievo,67.03,167,47,gG114765
9504,2020-06-20,12:59:21,deposito,39.35,754,89,es330579
9505,2023-10-03,13:12:24,deposito,153.67,821,99,wo922446
9506,2020-07-17,05:10:44,lista_movimenti,,272,90,gT041205
9507,2024-05-06,20:04:57,saldo,,489,31,zY827523
9508,2019-01-12,06:13:39,prelievo,41.24,194,66,Dp752391
9509,2024-05-22,23:00:13,deposito,171.26,691,70,Pd126645
9510,2020-09-11,18:26:45,saldo,,362,209,gF507004
9511,2019-04-25,21:44:21,saldo,,785,60,sY154948
9512,2024-02-15,13:05:55,deposito,103.25,496,102,mj431401
9513,2025-08-01,11:25:24,lista_movimenti,,119,107,Jf571094
9514,2024-02-21,17:11:47,saldo,,177,62,Sa621231
9515,2021-05-07,14:13:40,prelievo,89.52,492,252,Db015283
9516,2025-04-24,10:27:34,deposito,173.81,320,94,Ut663071
9517,2025-07-28,14:58:59,deposito,193.3,145,207,MF762974
9518,2019-11-10,06:39:12,deposito,26.35,400,298,bc820268
9519,2021-12-06,09:51:51,prelievo,197.29,184,298,sb580731
9520,2014-12-13,04:24:49,deposito,187.29,888,147,RN445012
9521,2023-09-08,19:45:05,deposito,52.1,235,96,rG927062
9522,2017-12-26,04:13:03,deposito,144.31,410,34,rH671688
9523,2013-02-21,15:39:49,prelievo,154.1,12,250,dJ053367
9524,2024-02-01,21:51:10,deposito,197.46,130,70,FM266022
9525,2021-07-13,23:28:43,prelievo,179.39,710,151,tB382032
9526,2025-11-13,23:05:44,saldo,,827,194,FF677474
9527,2021-01-18,05:53:48,saldo,,160,246,kS794698
9528,2020-08-12,08:43:47,prelievo,30.59,259,131,JU585456
9529,2023-12-25,04:36:38,prelievo,199.32,195,296,hd867819
9530,2020-10-08,12:51:37,deposito,39.65,962,204,of225929
9531,2025-11-18,09:17:21,prelievo,189.9,706,252,FA324974
9532,2025-05-16,17:47:27,prelievo,79.8,131,150,GT579522
9533,2016-04-25,06:58:05,lista_movimenti,,765,104,RP715594
9534,2016-04-29,14:49:28,prelievo,87.24,694,165,gn819449
9535,2024-08-14,13:39:22,prelievo,112.66,154,99,CX234092
9536,2023-06-14,22:52:25,saldo,,402,98,kC493574
9537,2023-02-28,17:39:41,saldo,,901,251,ne782614
9538,2024-11-04,08:23:01,deposito,188.08,800,109,Dy649686
9539,2025-08-11,23:50:05,lista_movimenti,,565,193,PQ225368
9540,2023-01-04,20:17:56,saldo,,44,143,mC350179
9541,2023-12-21,12:08:56,prelievo,198.8,1094,72,Ao496677
9542,2019-12-01,05:55:32,deposito,167.44,662,57,Mq228210
9543,2021-02-21,07:55:31,saldo,,245,117,Kn021481
9544,2021-02-26,04:25:31,deposito,59.58,239,25,Qs838303
9545,2020-11-11,01:32:25,lista_movimenti,,695,283,hL257603
9546,2021-11-22,17:09:59,saldo,,237,181,AK157155
9547,2026-04-24,22:29:02,prelievo,107.57,793,211,Rj696011
9548,2025-05-29,04:47:49,deposito,199.37,685,207,zV186944
9549,2026-04-09,00:26:12,prelievo,163.19,505,89,dl073667
9550,2020-08-22,05:21:15,prelievo,25.29,642,202,wD928648
9551,2022-07-29,04:18:22,lista_movimenti,,707,259,SZ857761
9552,2020-12-26,00:29:59,deposito,119.49,1023,235,yr247876
9553,2018-02-23,08:58:56,prelievo,49.88,873,92,TX476836
9554,2025-06-17,10:41:53,prelievo,28.5,75,111,KG028766
9555,2022-07-31,07:43:16,deposito,53.23,741,296,Jx955965
9556,2025-01-07,02:45:11,saldo,,1084,149,wM087977
9557,2025-12-29,03:57:48,deposito,152.87,728,180,ni405247
9558,2019-10-05,03:59:38,deposito,86.46,883,185,bN231002
9559,2025-11-05,05:38:07,deposito,109.94,78,179,Xc965152
9560,2024-05-08,20:02:47,deposito,111.19,960,264,oq084099
9561,2016-09-26,06:43:46,lista_movimenti,,1148,257,zH881822
9562,2024-12-29,01:37:34,deposito,160.88,392,23,EF103007
9563,2025-03-28,04:50:33,deposito,149.95,1008,115,HX846311
9564,2019-10-15,19:57:10,deposito,169.55,456,238,bV036672
9565,2023-02-11,14:27:27,prelievo,132.48,1002,167,Pu299190
9566,2025-09-30,17:54:12,deposito,85.13,629,19,Lb611362
9567,2023-12-25,13:30:44,lista_movimenti,,425,178,cv644948
9568,2022-12-13,04:42:28,deposito,60.73,1016,128,zU498885
9569,2020-07-05,01:47:41,saldo,,462,89,LB623230
9570,2025-03-12,09:17:44,deposito,155.57,786,141,gi657254
9571,2020-09-30,11:41:28,prelievo,120.06,104,65,Kx181073
9572,2025-06-27,10:19:16,lista_movimenti,,174,90,aE852936
9573,2023-01-27,10:45:00,lista_movimenti,,888,90,RN445012
9574,2014-02-03,22:22:56,saldo,,1173,31,ir077914
9575,2025-08-04,18:58:35,deposito,103.81,478,20,Tq800248
9576,2026-01-27,19:57:40,saldo,,224,235,OE411324
9577,2024-02-13,16:27:07,lista_movimenti,,921,288,Jr436756
9578,2023-12-10,01:49:22,lista_movimenti,,127,169,tw866985
9579,2022-08-10,11:45:47,saldo,,245,236,Kn021481
9580,2025-10-23,03:36:40,lista_movimenti,,719,260,Ac326834
9581,2025-06-05,09:40:11,saldo,,55,232,Qy023469
9582,2023-04-07,00:32:31,deposito,170.3,148,64,xz777284
9583,2025-06-01,11:05:07,prelievo,161.32,1172,138,Du611291
9584,2021-08-02,03:44:29,lista_movimenti,,501,134,qj419418
9585,2020-07-07,06:04:06,prelievo,81.6,960,42,oq084099
9586,2026-03-16,14:28:53,deposito,167.2,886,35,rX171424
9587,2020-12-13,04:25:06,prelievo,58.31,332,115,Am957427
9588,2025-09-15,18:26:58,lista_movimenti,,108,102,qB429057
9589,2024-01-29,14:27:37,deposito,97.1,991,99,pb041561
9590,2018-10-15,01:40:39,prelievo,98.03,1128,68,LA512435
9591,2020-07-06,16:48:27,prelievo,50.15,448,251,BC597992
9592,2020-08-14,14:38:39,deposito,185.77,1095,7,Ao945467
9593,2022-06-09,09:51:44,deposito,195.75,1098,150,dI033495
9594,2023-12-12,14:56:54,prelievo,63.96,660,8,jY201836
9595,2020-12-01,02:29:27,deposito,126.26,86,42,Yk695622
9596,2018-08-29,16:50:52,deposito,81.77,299,182,NS978939
9597,2020-04-13,12:07:45,deposito,107.56,702,293,bD060463
9598,2025-11-26,11:46:54,deposito,192.85,1106,180,yg261697
9599,2024-01-20,11:21:34,deposito,43.29,385,277,UK443397
9600,2017-08-21,12:18:28,prelievo,113.12,490,115,AA132680
9601,2024-12-19,19:18:04,lista_movimenti,,1170,46,Db002824
9602,2025-08-20,21:00:38,prelievo,93.12,892,185,gt912771
9603,2020-11-16,04:23:15,saldo,,1156,197,CE752078
9604,2024-12-09,13:14:48,saldo,,989,216,kW532191
9605,2023-06-26,05:57:55,deposito,192.46,284,262,ZR076100
9606,2025-06-17,21:11:21,prelievo,116.99,760,76,ZI831615
9607,2018-05-01,17:13:19,prelievo,16.79,168,132,NP418890
9608,2019-03-16,21:47:27,deposito,94.31,1078,35,DJ329704
9609,2024-08-27,10:59:33,prelievo,78.8,1136,223,ei795202
9610,2015-10-15,23:42:51,deposito,193.02,232,256,eA275928
9611,2022-11-16,11:12:30,deposito,79.1,741,148,Jx955965
9612,2021-01-05,18:37:05,deposito,71.83,110,6,vh862598
9613,2021-10-27,19:53:40,deposito,126.22,1024,291,bi027633
9614,2018-06-19,18:09:07,saldo,,247,206,wz717652
9615,2025-07-15,12:27:20,saldo,,688,233,eC443010
9616,2023-08-24,19:27:15,lista_movimenti,,439,267,dh030688
9617,2025-08-22,23:30:11,prelievo,110.97,703,104,hk369377
9618,2019-05-01,08:53:23,deposito,120.99,218,87,rA102623
9619,2022-12-24,21:23:30,saldo,,691,40,Pd126645
9620,2019-06-19,07:42:32,deposito,162.9,824,210,OD472528
9621,2025-01-19,04:45:51,lista_movimenti,,703,140,hk369377
9622,2019-09-07,09:27:50,prelievo,110.66,292,207,Ar792575
9623,2022-05-18,13:10:15,deposito,16.07,1043,107,Sz782800
9624,2019-01-27,18:26:46,lista_movimenti,,289,193,Mo655144
9625,2021-10-31,13:10:28,lista_movimenti,,1187,79,xo128142
9626,2024-10-10,07:12:59,deposito,100.06,902,269,Or390873
9627,2022-03-05,00:55:25,deposito,83.14,162,245,AU524344
9628,2022-12-19,15:25:40,deposito,56.33,735,36,DN152459
9629,2022-04-16,22:54:56,deposito,137.57,774,211,ph732639
9630,2019-10-25,03:36:44,prelievo,93.49,276,1,fX504249
9631,2018-10-16,19:00:02,saldo,,211,135,tS675776
9632,2025-03-14,00:44:29,saldo,,902,243,Or390873
9633,2017-03-19,11:56:44,deposito,26.02,944,21,li937953
9634,2018-08-17,18:44:49,lista_movimenti,,1162,196,Qo689553
9635,2016-09-14,04:41:29,prelievo,162.86,962,58,of225929
9636,2023-08-25,19:08:04,prelievo,141.91,212,188,aU113901
9637,2022-12-21,02:20:18,deposito,24.45,4,145,MO361219
9638,2024-10-31,21:45:52,prelievo,133.89,329,290,Rz676207
9639,2024-04-06,18:15:02,deposito,16.89,857,62,gC043514
9640,2017-06-10,13:07:42,prelievo,111.4,91,8,qw964992
9641,2024-03-15,16:22:09,deposito,107.79,485,72,Eu704908
9642,2026-02-14,14:10:08,deposito,105.75,1054,34,Xl943099
9643,2017-11-04,16:56:43,deposito,198.11,728,241,ni405247
9644,2025-01-27,16:51:37,prelievo,117.38,632,202,Gd232898
9645,2023-10-19,09:51:54,prelievo,125.67,825,205,DJ671866
9646,2017-01-22,08:35:06,deposito,101.08,1096,271,kl662302
9647,2019-02-21,04:01:11,deposito,176.34,1032,165,tF004375
9648,2026-03-06,21:39:00,saldo,,868,289,xp147975
9649,2019-11-28,13:37:42,deposito,125.22,342,114,NC797332
9650,2023-07-13,06:39:02,deposito,104.01,1006,38,zy401632
9651,2024-03-06,21:46:48,deposito,11.51,470,50,Lm696540
9652,2023-06-12,23:05:24,prelievo,187.4,969,160,YU658427
9653,2019-09-19,17:09:25,prelievo,47.75,23,9,Kv616996
9654,2021-02-26,19:10:16,prelievo,68.4,670,242,yh183374
9655,2020-05-02,22:07:34,deposito,168.19,137,193,Hx279400
9656,2025-08-10,00:01:00,prelievo,149.52,95,60,qs076709
9657,2025-03-29,13:46:00,deposito,146.36,952,271,ix583690
9658,2021-08-05,11:40:45,deposito,98.39,994,69,xP651802
9659,2020-03-02,21:04:52,lista_movimenti,,922,249,wi094558
9660,2021-12-14,12:41:09,deposito,28.13,622,22,VV522018
9661,2019-04-24,11:00:28,saldo,,1145,296,ff119460
9662,2019-08-24,19:56:21,lista_movimenti,,865,282,Is436878
9663,2024-10-02,08:42:28,deposito,28.14,394,261,JZ367469
9664,2022-04-18,01:33:40,prelievo,138.31,1178,198,Bi015409
9665,2021-01-05,14:05:38,deposito,145.05,1162,40,Qo689553
9666,2025-04-08,04:36:55,deposito,40.78,236,245,rb750507
9667,2024-02-05,15:16:02,prelievo,106.95,116,79,ir700674
9668,2016-02-08,14:38:25,prelievo,29.27,834,103,Jn875792
9669,2024-02-05,05:57:28,prelievo,86.9,736,4,Wv009407
9670,2018-09-09,13:00:15,deposito,153.24,519,225,kQ808429
9671,2023-02-20,18:32:06,saldo,,658,60,FE893788
9672,2025-01-02,19:07:33,deposito,155.68,828,47,nk028531
9673,2016-06-19,05:05:26,deposito,36.76,1151,213,Cj237248
9674,2023-03-04,05:26:58,lista_movimenti,,65,299,Jv233576
9675,2025-01-31,05:20:10,prelievo,168.67,487,156,NS535369
9676,2025-10-24,18:39:55,lista_movimenti,,855,284,tP142303
9677,2026-05-04,18:54:32,saldo,,119,110,Jf571094
9678,2023-04-06,23:52:25,prelievo,132.09,1007,80,Sj076857
9679,2022-10-29,06:47:49,prelievo,101.9,1030,41,uL710316
9680,2019-02-21,02:20:14,prelievo,68.03,695,170,hL257603
9681,2024-10-29,04:00:31,deposito,102.56,751,228,Bh940343
9682,2017-08-02,14:29:09,prelievo,154.64,1177,261,aq472474
9683,2025-08-10,08:27:18,deposito,112.32,23,189,Kv616996
9684,2020-12-22,22:56:23,lista_movimenti,,893,149,Hk597267
9685,2025-02-11,08:25:14,deposito,102.3,293,288,js239010
9686,2025-02-19,23:23:32,lista_movimenti,,130,134,FM266022
9687,2018-09-10,08:53:57,deposito,140.75,446,61,Qu176456
9688,2023-04-30,13:12:49,deposito,125.16,177,108,Sa621231
9689,2019-01-21,15:36:51,deposito,41.48,390,86,DK217459
9690,2018-11-13,15:46:59,deposito,83.4,317,35,dw906742
9691,2025-07-11,03:41:41,lista_movimenti,,1085,53,qj150655
9692,2025-12-31,13:36:49,deposito,116.82,444,137,Id610604
9693,2024-11-16,21:43:36,prelievo,155.72,279,80,Xh076423
9694,2018-06-11,14:02:15,deposito,141.19,960,171,oq084099
9695,2025-04-20,23:37:38,deposito,93.06,139,170,PS548595
9696,2015-08-16,09:18:30,prelievo,36.06,701,187,BM353526
9697,2018-07-02,04:23:07,lista_movimenti,,241,94,tk953031
9698,2024-02-19,07:08:04,prelievo,186.93,69,85,va318500
9699,2026-03-07,09:35:47,prelievo,87.02,992,126,wI668856
9700,2016-10-21,19:01:39,saldo,,641,85,mE154071
9701,2019-01-10,23:36:39,deposito,125.05,1192,230,JQ672056
9702,2016-12-29,23:27:51,deposito,33.72,1060,42,LP297243
9703,2020-09-19,08:48:20,deposito,85.89,546,275,Tr758097
9704,2021-02-06,14:14:45,saldo,,429,169,KG991994
9705,2012-05-29,18:19:35,prelievo,41.39,659,162,pS222156
9706,2020-04-28,23:42:51,deposito,145.18,892,5,gt912771
9707,2021-04-25,12:00:51,deposito,89.43,426,260,rl162896
9708,2017-02-01,10:11:47,deposito,151.43,845,98,Wl628811
9709,2022-01-25,12:33:15,prelievo,87.78,326,29,ML567127
9710,2023-09-14,03:05:18,prelievo,194.56,1172,193,Du611291
9711,2014-08-28,04:11:30,saldo,,986,30,tr946002
9712,2024-02-03,19:45:38,prelievo,93.2,480,258,ut848710
9713,2022-08-27,13:02:38,prelievo,11.93,281,220,rQ561181
9714,2025-12-31,01:44:55,prelievo,151.15,2,46,nO423589
9715,2014-01-30,09:28:55,deposito,143.72,927,136,Tl519480
9716,2021-11-23,13:18:39,deposito,190.53,617,47,au473245
9717,2020-01-15,03:02:28,prelievo,93.03,556,61,xC321567
9718,2024-04-27,17:08:31,prelievo,75.24,1085,14,qj150655
9719,2021-07-02,08:29:02,saldo,,693,140,SV695472
9720,2025-02-12,08:57:24,deposito,56.15,591,157,lP220259
9721,2021-11-23,22:11:25,saldo,,4,32,MO361219
9722,2025-05-06,19:22:26,saldo,,546,280,Tr758097
9723,2026-01-21,16:02:37,lista_movimenti,,85,140,Mh980046
9724,2024-10-19,16:38:08,deposito,182.95,39,182,no127180
9725,2025-05-19,00:35:24,prelievo,148.64,760,68,ZI831615
9726,2025-03-26,14:41:45,saldo,,703,260,hk369377
9727,2021-04-20,02:14:51,deposito,186.67,879,159,jd038208
9728,2025-09-24,13:29:18,deposito,115.15,681,228,Lg023896
9729,2019-04-30,19:42:02,deposito,71.43,1050,77,EK361459
9730,2023-10-31,06:59:19,prelievo,155.09,376,112,IL775506
9731,2019-09-20,21:45:18,deposito,83.54,351,236,PM719076
9732,2020-04-28,00:42:52,deposito,100.72,156,5,rO916416
9733,2021-10-04,03:55:19,prelievo,46.43,148,270,xz777284
9734,2024-09-25,14:33:59,deposito,75.67,426,243,rl162896
9735,2017-08-10,00:08:18,prelievo,158.94,24,125,RU211254
9736,2020-10-01,06:56:39,deposito,198.45,194,108,Dp752391
9737,2020-03-28,23:32:29,lista_movimenti,,1004,126,hM518093
9738,2017-07-27,01:57:02,prelievo,149.48,406,298,Ie418523
9739,2023-04-16,02:46:30,saldo,,424,278,DZ553847
9740,2023-08-29,08:12:55,saldo,,58,288,wy047261
9741,2021-12-06,19:02:49,prelievo,153.46,783,70,Kh366288
9742,2024-01-29,01:05:50,lista_movimenti,,541,228,Lg922679
9743,2014-06-18,20:21:47,deposito,149.64,343,130,bA149454
9744,2019-08-04,07:40:05,lista_movimenti,,305,131,Bn256975
9745,2019-08-14,06:06:59,lista_movimenti,,737,208,SF325425
9746,2024-06-22,02:56:40,prelievo,192.4,669,156,XK759483
9747,2024-01-12,04:09:46,saldo,,1045,129,lY513046
9748,2023-10-12,09:28:43,deposito,92.54,47,49,ra708122
9749,2019-11-25,12:29:01,lista_movimenti,,943,95,BN801139
9750,2023-10-16,11:14:03,saldo,,1152,169,KC264572
9751,2025-01-04,11:31:43,deposito,61.12,948,108,VG308634
9752,2018-08-07,03:53:10,saldo,,601,222,rQ147213
9753,2023-04-03,11:15:48,deposito,126.19,253,229,uM884186
9754,2014-02-01,23:02:46,deposito,68.49,1011,266,kj751268
9755,2024-12-07,11:26:40,deposito,113.13,1198,32,aq051572
9756,2016-11-25,06:06:11,prelievo,16.1,533,40,yd344027
9757,2026-03-25,16:22:51,deposito,27.98,186,164,YO863486
9758,2025-06-05,14:15:39,prelievo,105.45,445,101,tW445386
9759,2024-04-17,15:56:28,lista_movimenti,,180,236,xD625304
9760,2025-05-18,22:59:33,prelievo,68.04,594,72,mR705225
9761,2025-03-07,06:01:10,prelievo,61.33,393,247,nl962340
9762,2021-04-23,12:13:10,deposito,64.82,77,106,Wu835472
9763,2020-09-23,23:31:29,deposito,99.95,410,266,rH671688
9764,2022-09-22,04:29:36,saldo,,116,140,ir700674
9765,2015-10-31,05:17:32,prelievo,49.74,299,243,NS978939
9766,2025-07-17,21:16:25,prelievo,43.8,1001,64,sk102317
9767,2022-04-25,14:38:05,saldo,,170,193,eM893847
9768,2018-05-14,13:12:20,deposito,90.23,704,281,LY958187
9769,2025-03-31,05:12:17,prelievo,124.51,1013,50,vY990324
9770,2025-11-26,02:46:04,saldo,,1150,53,QG071620
9771,2019-07-12,12:16:32,lista_movimenti,,566,259,hE742294
9772,2024-09-20,01:50:47,lista_movimenti,,1008,56,HX846311
9773,2025-03-27,22:52:15,deposito,57.79,852,264,gB355956
9774,2018-08-01,03:15:35,prelievo,121.93,861,173,vn247656
9775,2021-05-25,12:29:17,lista_movimenti,,827,12,FF677474
9776,2013-08-13,12:10:22,deposito,77.13,981,68,Gd346720
9777,2025-06-01,01:02:28,deposito,83.24,635,189,nt802629
9778,2025-06-30,09:46:37,deposito,64.36,1093,164,VW521589
9779,2016-02-22,21:10:47,prelievo,96.49,372,203,Mw775286
9780,2022-08-08,22:01:20,prelievo,92.74,556,122,xC321567
9781,2026-03-24,20:13:37,deposito,87.48,532,12,yM087648
9782,2012-01-09,02:20:11,deposito,80.24,219,85,qd982333
9783,2024-08-04,05:46:01,prelievo,107.69,560,233,SE534125
9784,2024-11-12,13:18:40,prelievo,134.93,364,237,Qt669114
9785,2016-12-16,00:08:11,prelievo,10.02,566,108,hE742294
9786,2017-01-31,09:22:29,prelievo,113.65,997,173,vS112237
9787,2024-05-11,00:57:31,deposito,79.0,1127,128,Js852008
9788,2024-08-15,19:54:28,deposito,195.61,887,149,LQ256301
9789,2023-11-18,18:28:53,deposito,109.31,725,290,Qs637803
9790,2016-08-08,03:33:47,prelievo,51.91,780,246,sk731686
9791,2020-02-27,14:04:27,deposito,179.54,832,30,ce326484
9792,2020-02-03,02:04:44,saldo,,1191,191,zh260869
9793,2020-05-02,10:01:35,prelievo,62.47,810,22,zD075970
9794,2023-11-17,01:33:31,deposito,159.98,1009,5,ho830970
9795,2025-08-26,04:24:46,prelievo,187.81,119,112,Jf571094
9796,2013-08-01,20:22:11,prelievo,177.97,1132,210,wq263671
9797,2020-07-20,19:00:21,prelievo,62.32,439,252,dh030688
9798,2022-01-03,22:14:53,deposito,132.89,232,161,eA275928
9799,2018-03-16,21:17:15,prelievo,92.2,232,56,eA275928
9800,2021-12-13,20:42:25,deposito,133.87,652,29,DG214189
9801,2025-10-10,00:01:22,deposito,49.2,101,238,IN155148
9802,2020-11-07,23:43:49,deposito,139.06,150,212,vN665993
9803,2026-01-19,21:43:03,deposito,70.96,52,189,ao504679
9804,2017-11-02,02:54:39,lista_movimenti,,873,280,TX476836
9805,2019-10-01,18:23:49,deposito,64.16,123,288,UC358426
9806,2026-02-13,04:38:16,deposito,11.8,286,263,co112997
9807,2024-10-07,07:01:46,saldo,,338,12,wb645545
9808,2023-12-12,02:50:55,lista_movimenti,,1035,246,RP791352
9809,2021-09-30,04:29:59,deposito,42.49,884,210,Th922611
9810,2022-11-15,19:07:25,prelievo,14.75,1035,110,RP791352
9811,2020-07-13,07:26:20,prelievo,14.18,945,281,ml839599
9812,2014-08-07,01:41:44,lista_movimenti,,847,3,RE367652
9813,2022-06-03,20:07:46,deposito,187.64,887,67,LQ256301
9814,2020-12-30,08:25:57,saldo,,253,153,uM884186
9815,2025-03-29,00:18:34,lista_movimenti,,1150,18,QG071620
9816,2022-08-22,13:48:49,deposito,177.52,358,2,mU852761
9817,2023-04-15,03:56:10,prelievo,17.86,1166,154,PJ564718
9818,2020-03-24,20:40:49,prelievo,95.94,281,38,rQ561181
9819,2018-11-24,07:55:30,deposito,124.71,459,19,BA662880
9820,2023-07-22,23:10:40,lista_movimenti,,448,48,BC597992
9821,2019-03-20,13:13:01,prelievo,184.8,39,282,no127180
9822,2019-08-31,21:54:12,deposito,179.26,168,105,NP418890
9823,2024-11-05,12:24:49,deposito,179.07,267,156,cq633006
9824,2024-10-30,21:13:17,prelievo,66.55,612,123,uZ310361
9825,2024-08-27,23:22:34,prelievo,13.45,300,292,hP694622
9826,2022-03-01,11:35:42,lista_movimenti,,96,40,WN062639
9827,2025-12-28,21:24:50,deposito,101.37,866,221,Vx711810
9828,2020-01-10,13:30:51,saldo,,559,284,QL498421
9829,2016-12-01,10:44:21,prelievo,148.03,987,130,SU749508
9830,2014-04-26,22:12:22,prelievo,41.63,834,236,Jn875792
9831,2017-12-02,20:59:02,lista_movimenti,,743,146,Iq680726
9832,2024-12-30,15:59:32,prelievo,166.12,415,146,me115735
9833,2026-04-22,04:21:34,deposito,51.59,634,33,ip982341
9834,2023-11-07,18:22:44,lista_movimenti,,1095,126,Ao945467
9835,2025-07-28,22:56:46,deposito,39.28,1093,200,VW521589
9836,2017-04-10,08:26:50,prelievo,147.21,193,130,sF138373
9837,2024-01-15,06:07:15,deposito,38.88,51,295,Lq932284
9838,2023-12-24,17:23:10,deposito,79.97,829,68,jU828444
9839,2024-04-02,09:43:12,deposito,196.09,676,281,aY201522
9840,2026-01-01,16:30:23,deposito,186.72,444,123,Id610604
9841,2023-03-02,00:47:49,lista_movimenti,,1066,246,XA525353
9842,2025-07-28,23:01:39,deposito,41.91,97,103,eZ785342
9843,2018-12-17,12:20:12,prelievo,148.2,861,261,vn247656
9844,2019-07-11,23:28:11,prelievo,135.94,215,119,nh269517
9845,2020-01-08,16:29:12,prelievo,155.88,945,167,ml839599
9846,2014-06-10,04:22:21,saldo,,1173,123,ir077914
9847,2024-06-30,20:43:13,prelievo,138.54,822,82,uJ519016
9848,2021-10-04,15:27:55,prelievo,160.81,1177,15,aq472474
9849,2012-10-06,03:06:04,prelievo,140.41,247,300,wz717652
9850,2022-07-12,12:11:48,deposito,54.89,567,60,nW478567
9851,2019-11-05,12:17:22,deposito,48.59,981,5,Gd346720
9852,2017-06-11,04:58:05,deposito,43.3,694,115,gn819449
9853,2015-06-16,14:25:24,deposito,182.87,1124,130,aZ655575
9854,2016-09-18,19:51:43,deposito,30.93,473,76,qO539810
9855,2025-07-13,16:40:19,prelievo,60.66,975,22,Ji594920
9856,2022-06-12,21:52:17,prelievo,143.84,536,174,Dv935647
9857,2021-03-24,23:51:21,lista_movimenti,,788,204,Fc865300
9858,2021-09-03,02:25:43,prelievo,138.88,578,250,eg649602
9859,2025-02-17,10:56:00,prelievo,113.27,1100,49,gI125795
9860,2017-05-27,07:36:41,deposito,61.14,829,30,jU828444
9861,2025-09-21,23:12:14,lista_movimenti,,446,147,Qu176456
9862,2015-02-07,15:10:05,deposito,58.62,986,47,tr946002
9863,2018-05-29,23:22:45,prelievo,70.37,1112,289,He343714
9864,2022-08-11,06:03:04,prelievo,23.73,1143,257,bW443277
9865,2024-08-29,16:41:32,prelievo,31.53,646,71,Rp412918
9866,2019-01-27,11:19:46,prelievo,150.88,1072,120,fX001016
9867,2022-05-18,13:06:30,deposito,71.51,1000,238,FH413999
9868,2025-03-23,07:49:14,saldo,,56,234,tU939894
9869,2023-05-13,15:00:52,saldo,,173,33,he314403
9870,2025-01-28,00:50:34,saldo,,302,140,FS475878
9871,2016-05-25,04:00:52,prelievo,194.21,765,41,RP715594
9872,2022-12-28,00:03:20,deposito,41.46,725,166,Qs637803
9873,2024-07-13,21:54:10,lista_movimenti,,315,32,LL409499
9874,2025-04-13,15:11:03,deposito,110.58,580,99,Hd443222
9875,2018-05-14,15:08:25,prelievo,174.51,106,118,QS406929
9876,2024-08-07,20:21:51,deposito,127.68,762,223,gs248964
9877,2014-11-23,22:40:42,prelievo,155.75,951,243,pr814805
9878,2017-12-14,22:55:57,prelievo,117.4,389,203,lU144500
9879,2025-08-12,11:01:56,prelievo,31.35,980,239,zI224770
9880,2021-04-03,09:55:57,deposito,148.81,599,274,wp392141
9881,2024-11-03,06:23:54,deposito,79.34,33,269,nP645601
9882,2025-07-25,20:14:20,deposito,10.02,258,92,CX555309
9883,2026-05-10,16:21:57,deposito,131.63,52,23,ao504679
9884,2015-03-05,04:46:15,lista_movimenti,,1060,45,LP297243
9885,2026-03-31,11:26:08,deposito,15.05,56,75,tU939894
9886,2019-03-12,01:38:42,deposito,10.9,311,269,od612541
9887,2023-03-05,11:34:40,deposito,188.03,952,24,ix583690
9888,2025-02-24,20:49:05,prelievo,29.55,518,256,XQ237919
9889,2018-03-29,01:38:18,saldo,,460,289,Pa566847
9890,2023-09-30,02:16:45,prelievo,79.13,535,300,Bu222421
9891,2025-04-23,00:24:26,prelievo,173.41,402,41,kC493574
9892,2020-01-09,10:06:26,saldo,,720,30,Ck708951
9893,2025-09-25,12:45:11,deposito,119.9,762,138,gs248964
9894,2018-11-17,13:59:50,deposito,153.85,244,215,Fu568851
9895,2021-11-02,11:34:50,saldo,,312,282,pL086551
9896,2013-03-13,05:34:04,prelievo,77.19,796,157,fP140046
9897,2025-07-31,09:00:57,prelievo,183.65,1106,35,yg261697
9898,2024-12-21,14:54:50,deposito,18.28,167,53,gG114765
9899,2021-06-28,14:26:51,deposito,62.57,1197,254,Gl263960
9900,2024-04-18,12:32:01,deposito,112.44,65,136,Jv233576
9901,2025-06-24,22:38:32,prelievo,52.65,628,75,Wt037433
9902,2025-08-01,00:54:13,prelievo,153.22,980,17,zI224770
9903,2023-03-28,22:40:42,deposito,124.69,865,112,Is436878
9904,2024-12-25,05:06:51,deposito,161.2,271,202,iC021125
9905,2026-03-29,21:53:41,prelievo,109.49,945,101,ml839599
9906,2025-09-16,09:42:40,deposito,149.77,161,271,Xa470418
9907,2024-01-13,19:57:00,prelievo,104.73,845,198,Wl628811
9908,2022-08-04,01:04:40,deposito,83.32,672,94,Sx888264
9909,2024-03-20,13:57:23,deposito,82.39,367,20,dK855155
9910,2022-02-20,08:49:50,lista_movimenti,,797,56,OQ112816
9911,2022-11-17,20:16:32,prelievo,72.2,901,10,ne782614
9912,2019-10-15,00:02:28,lista_movimenti,,821,65,wo922446
9913,2022-03-30,06:52:57,deposito,43.4,286,266,co112997
9914,2018-05-11,21:54:15,deposito,25.58,288,2,aj618924
9915,2019-11-14,08:20:22,prelievo,25.65,141,76,dG623498
9916,2017-12-25,12:33:24,lista_movimenti,,436,71,el873252
9917,2017-04-02,03:18:24,deposito,12.5,11,67,KG745447
9918,2024-02-01,12:41:27,deposito,36.45,410,238,rH671688
9919,2023-03-19,05:28:45,prelievo,180.36,31,87,ff382517
9920,2025-12-08,13:40:14,deposito,61.99,329,298,Rz676207
9921,2024-07-03,09:22:06,deposito,139.68,533,26,yd344027
9922,2016-02-03,14:19:08,deposito,121.2,981,108,Gd346720
9923,2021-09-12,00:19:07,prelievo,96.14,538,121,XN507608
9924,2016-09-05,19:12:28,prelievo,159.98,934,71,AK622148
9925,2024-04-22,08:01:24,lista_movimenti,,864,149,PO015467
9926,2024-12-18,18:37:59,saldo,,395,242,uc759901
9927,2020-05-11,21:25:31,prelievo,164.03,831,73,iz149965
9928,2016-03-16,16:16:37,prelievo,67.8,442,82,yt823356
9929,2021-10-26,06:54:26,deposito,34.92,810,160,zD075970
9930,2025-05-05,05:11:40,saldo,,686,21,tL382748
9931,2025-07-20,18:44:51,deposito,197.65,1013,202,vY990324
9932,2022-04-28,03:38:18,deposito,47.15,555,17,Bc160849
9933,2019-09-06,08:21:56,prelievo,31.1,56,109,tU939894
9934,2014-11-19,09:26:15,deposito,105.21,997,278,vS112237
9935,2014-11-23,15:07:25,deposito,45.29,931,44,FE691835
9936,2023-06-02,19:44:51,deposito,166.5,482,162,IO521520
9937,2021-05-28,01:11:14,saldo,,189,141,NM636869
9938,2017-01-21,14:04:16,prelievo,108.49,446,252,Qu176456
9939,2020-09-02,22:38:24,deposito,40.66,907,85,Si656249
9940,2023-02-23,04:17:39,deposito,34.62,1027,93,Fp705263
9941,2023-03-20,21:05:29,prelievo,48.46,812,281,ja410389
9942,2021-12-10,01:26:02,saldo,,902,102,Or390873
9943,2026-05-04,17:42:40,deposito,185.69,614,203,oz242210
9944,2020-05-07,20:52:31,prelievo,55.86,359,174,kD916717
9945,2023-03-27,03:06:52,lista_movimenti,,468,33,Ti017759
9946,2024-09-07,23:31:59,deposito,198.69,556,198,xC321567
9947,2024-05-11,10:42:15,lista_movimenti,,466,195,Ch402952
9948,2024-12-20,17:03:50,prelievo,120.71,914,70,VL286603
9949,2021-03-28,10:31:55,prelievo,79.6,1030,175,uL710316
9950,2013-11-06,20:18:53,deposito,177.1,987,144,SU749508
9951,2014-03-24,20:21:44,saldo,,121,297,Cq701737
9952,2018-06-14,14:42:00,deposito,75.57,1003,175,oD483039
9953,2015-05-11,05:53:30,deposito,141.61,1132,295,wq263671
9954,2023-09-20,03:04:13,lista_movimenti,,513,190,eP594696
9955,2022-08-09,06:35:26,deposito,36.75,368,286,hD686501
9956,2022-08-03,12:51:28,deposito,60.74,624,69,Fh485201
9957,2024-07-05,22:03:30,deposito,150.08,558,205,gm972297
9958,2018-08-08,08:17:09,prelievo,107.4,436,225,el873252
9959,2025-10-01,12:09:26,deposito,175.85,1032,158,tF004375
9960,2024-07-29,05:32:18,prelievo,130.95,195,264,hd867819
9961,2019-08-14,09:21:56,deposito,177.92,1119,16,Se418183
9962,2024-03-13,10:48:17,prelievo,120.84,665,235,kb286657
9963,2014-01-26,09:23:23,prelievo,136.05,1110,118,PU824490
9964,2023-08-28,19:08:04,prelievo,24.5,353,115,OZ834844
9965,2021-03-31,13:18:44,prelievo,68.73,137,62,Hx279400
9966,2025-07-20,22:26:47,lista_movimenti,,1052,21,ib855608
9967,2024-07-04,23:30:41,deposito,35.56,860,4,Cl294650
9968,2024-10-25,22:51:25,saldo,,594,44,mR705225
9969,2020-07-09,22:40:09,prelievo,190.49,1074,161,Sc154818
9970,2016-02-25,10:47:40,deposito,189.49,756,11,hD596588
9971,2025-05-16,17:09:56,saldo,,926,65,ca711552
9972,2026-01-26,20:51:50,lista_movimenti,,747,194,FG019868
9973,2023-06-17,22:28:39,saldo,,910,67,PS396027
9974,2026-01-15,22:42:06,prelievo,147.38,64,252,Hl268003
9975,2015-07-21,01:47:06,prelievo,83.06,339,199,vj794623
9976,2022-06-15,19:18:44,deposito,100.24,661,175,RF432548
9977,2020-06-01,13:27:28,saldo,,303,125,jL996308
9978,2025-05-15,02:58:41,saldo,,15,9,jB657538
9979,2026-05-10,15:28:17,deposito,49.72,15,41,jB657538
9980,2020-09-27,07:32:54,deposito,185.17,881,43,qB159907
9981,2025-03-26,21:09:48,lista_movimenti,,189,263,NM636869
9982,2022-01-21,12:04:08,lista_movimenti,,51,211,Lq932284
9983,2012-02-22,09:54:58,deposito,187.01,1181,132,IW372126
9984,2026-04-29,22:52:01,deposito,172.23,629,226,Lb611362
9985,2022-08-23,00:28:58,prelievo,30.28,603,59,MD910872
9986,2017-03-02,11:58:28,saldo,,507,21,Hp708117
9987,2025-01-20,16:18:02,lista_movimenti,,459,257,BA662880
9988,2025-06-29,04:26:02,saldo,,559,298,QL498421
9989,2026-01-12,09:15:39,prelievo,118.66,1135,69,fY528082
9990,2024-04-04,08:12:32,deposito,193.92,395,170,uc759901
9991,2020-07-12,07:04:08,prelievo,66.54,123,185,UC358426
9992,2019-05-09,08:06:56,deposito,78.49,845,251,Wl628811
9993,2026-03-09,14:11:36,prelievo,83.33,1068,265,KR910501
9994,2025-01-10,18:20:05,saldo,,33,110,nP645601
9995,2024-09-24,16:49:38,prelievo,130.07,437,236,tw043140
9996,2024-07-06,07:07:49,deposito,15.36,478,82,Tq800248
9997,2024-02-18,15:39:26,deposito,190.29,877,16,ns785532
9998,2021-11-05,04:32:56,deposito,76.94,456,228,bV036672
9999,2016-04-26,04:24:35,prelievo,168.11,69,70,va318500
10000,2016-08-23,14:55:17,deposito,103.87,317,276,dw906742
